competition_id,competition_name,season_id,season_name,player_id,player_name,team_id,team_name,games_played,total_drives,direct_drives_count,blowby_count,dribble_through_count,end_type_kickout_count,end_type_turnover_count,end_type_pullout_count,end_type_pullup_count,end_type_interior_pass_count,end_type_stoppage_count,end_type_shot_near_basket_count,zone_mid_range_count,zone_corner_3_count,zone_above_break_3_count,direction_left_count,direction_right_count,category_iso_count,category_off_ball_screen_count,category_pick_count,category_handoff_count,category_closeout_count,category_miscellaneous_count,points,made_baskets,assists,potential_assists,fouls,successful_drives,unsuccessful_drives,field_points_in_drive,fga_in_drive,ft_attempts_in_drive,ft_mades_in_drive,blowby_rate,dribble_through_rate,end_type_kickout_rate,end_type_turnover_rate,end_type_pullout_rate,end_type_pullup_rate,end_type_interior_pass_rate,end_type_stoppage_rate,end_type_shot_near_basket_rate,zone_mid_range_rate,zone_corner_3_rate,zone_above_break_3_rate,direction_left_rate,direction_right_rate,category_iso_rate,category_off_ball_screen_rate,category_pick_rate,category_handoff_rate,category_closeout_rate,category_miscellaneous_rate,points_per_drive,made_baskets_rate,assists_rate,potential_assists_rate,fouls_rate,successful_drives_rate,unsuccessful_drives_rate,points_per_shot_in_drive,possessions_played
8,Liga ACB,51,2025-2026,446,Kameron Taylor,1325,Valencia BC,6,42,35,7,0,11,4,0,4,6,2,15,5,4,29,17,25,5,0,19,1,10,7,38,12,5,1,2,20,12,24,18,1,1,0.16666666666666666,0.0,0.2619047619047619,0.09523809523809523,0.0,0.09523809523809523,0.14285714285714285,0.047619047619047616,0.35714285714285715,0.11904761904761904,0.09523809523809523,0.6904761904761905,0.40476190476190477,0.5952380952380952,0.11904761904761904,0.0,0.4523809523809524,0.023809523809523808,0.23809523809523808,0.16666666666666666,0.9047619047619048,0.2857142857142857,0.11904761904761904,0.023809523809523808,0.047619047619047616,0.47619047619047616,0.2857142857142857,1.3557483731019522,272
8,Liga ACB,51,2025-2026,7196,Alvaro Cardenas,1325,Valencia BC,1,1,0,1,0,0,0,0,0,1,0,0,0,0,1,1,0,0,0,1,0,0,0,0,0,0,0,0,1,0,0,0,0,0,1.0,0.0,0.0,0.0,0.0,0.0,1.0,0.0,0.0,0.0,0.0,1.0,1.0,0.0,0.0,0.0,1.0,0.0,0.0,0.0,0.0,0.0,0.0,0.0,0.0,1.0,0.0,,14
8,Liga ACB,51,2025-2026,7699,Cameron Hildreth,1315,Basquet Girona,10,60,54,12,0,14,5,1,4,3,2,31,2,1,39,31,29,14,2,30,5,8,1,42,16,4,1,12,34,19,32,28,21,17,0.2,0.0,0.23333333333333334,0.08333333333333333,0.016666666666666666,0.06666666666666667,0.05,0.03333333333333333,0.5166666666666667,0.03333333333333333,0.016666666666666666,0.65,0.5166666666666667,0.48333333333333334,0.23333333333333334,0.03333333333333333,0.5,0.08333333333333333,0.13333333333333333,0.016666666666666666,0.7,0.26666666666666666,0.06666666666666667,0.016666666666666666,0.2,0.5666666666666667,0.31666666666666665,1.3157894736842104,238
8,Liga ACB,51,2025-2026,8673,Zach Hicks,1334,CB UCAM Murcia,14,2,1,1,0,1,0,0,0,0,0,1,1,0,1,1,1,0,0,0,0,2,0,0,0,0,0,1,1,0,0,0,2,1,0.5,0.0,0.5,0.0,0.0,0.0,0.0,0.0,0.5,0.5,0.0,0.5,0.5,0.5,0.0,0.0,0.0,0.0,1.0,0.0,0.0,0.0,0.0,0.0,0.5,0.5,0.0,1.1363636363636365,235
8,Liga ACB,51,2025-2026,11247,Kameron Milton Allante Taylor,1325,Valencia BC,16,97,67,11,0,31,3,1,6,17,7,32,17,6,71,51,46,22,4,26,6,25,14,63,18,11,4,9,47,25,36,36,8,8,0.1134020618556701,0.0,0.31958762886597936,0.030927835051546393,0.010309278350515464,0.061855670103092786,0.17525773195876287,0.07216494845360824,0.32989690721649484,0.17525773195876287,0.061855670103092786,0.7319587628865979,0.5257731958762887,0.4742268041237113,0.2268041237113402,0.041237113402061855,0.26804123711340205,0.061855670103092786,0.25773195876288657,0.14432989690721648,0.6494845360824743,0.18556701030927836,0.1134020618556701,0.041237113402061855,0.09278350515463918,0.4845360824742268,0.25773195876288657,1.1133603238866396,637
8,Liga ACB,51,2025-2026,11845,Justin McKoy,1332,BC MoraBanc Andorra,29,40,30,1,0,12,0,0,13,3,2,10,7,4,29,21,19,1,3,2,0,27,7,12,3,2,0,5,11,18,6,20,7,7,0.025,0.0,0.3,0.0,0.0,0.325,0.075,0.05,0.25,0.175,0.1,0.725,0.525,0.475,0.025,0.075,0.05,0.0,0.675,0.175,0.3,0.075,0.05,0.0,0.125,0.275,0.45,0.5632582322357019,978
8,Liga ACB,51,2025-2026,12036,Jesse Edwards,1326,Bitci Baskonia,12,9,8,2,1,1,1,1,0,0,0,6,4,0,5,6,3,3,0,0,1,1,4,4,2,0,0,3,5,4,4,4,5,4,0.2222222222222222,0.1111111111111111,0.1111111111111111,0.1111111111111111,0.1111111111111111,0.0,0.0,0.0,0.6666666666666666,0.4444444444444444,0.0,0.5555555555555556,0.6666666666666666,0.3333333333333333,0.3333333333333333,0.0,0.0,0.1111111111111111,0.1111111111111111,0.4444444444444444,0.4444444444444444,0.2222222222222222,0.0,0.0,0.3333333333333333,0.5555555555555556,0.4444444444444444,1.2903225806451613,258
8,Liga ACB,51,2025-2026,15347,Isaiah Wong,1328,Dreamland Gran Canaria,32,255,214,48,1,51,13,4,50,11,12,114,33,4,160,124,131,42,6,114,31,35,27,176,67,16,3,45,141,87,134,137,68,61,0.18823529411764706,0.00392156862745098,0.2,0.050980392156862744,0.01568627450980392,0.19607843137254902,0.043137254901960784,0.047058823529411764,0.4470588235294118,0.12941176470588237,0.01568627450980392,0.6274509803921569,0.48627450980392156,0.5137254901960784,0.16470588235294117,0.023529411764705882,0.4470588235294118,0.12156862745098039,0.13725490196078433,0.10588235294117647,0.6901960784313725,0.2627450980392157,0.06274509803921569,0.011764705882352941,0.17647058823529413,0.5529411764705883,0.3411764705882353,1.1682242990654206,1351
8,Liga ACB,51,2025-2026,15362,Michael Forrest,1334,CB UCAM Murcia,31,184,138,29,4,54,6,1,24,13,11,75,16,4,113,101,83,44,5,78,14,16,27,111,42,10,7,25,90,55,84,82,31,26,0.15760869565217392,0.021739130434782608,0.29347826086956524,0.03260869565217391,0.005434782608695652,0.13043478260869565,0.07065217391304347,0.059782608695652176,0.4076086956521739,0.08695652173913043,0.021739130434782608,0.6141304347826086,0.5489130434782609,0.45108695652173914,0.2391304347826087,0.02717391304347826,0.42391304347826086,0.07608695652173914,0.08695652173913043,0.14673913043478262,0.6032608695652174,0.22826086956521738,0.05434782608695652,0.03804347826086957,0.1358695652173913,0.4891304347826087,0.29891304347826086,1.1501463822668339,1044
8,Liga ACB,51,2025-2026,15367,Markquis Nowell,1326,Bitci Baskonia,6,32,24,9,0,14,3,0,0,8,2,5,2,1,13,22,10,2,0,21,1,7,1,18,3,5,0,2,18,7,6,5,2,0,0.28125,0.0,0.4375,0.09375,0.0,0.0,0.25,0.0625,0.15625,0.0625,0.03125,0.40625,0.6875,0.3125,0.0625,0.0,0.65625,0.03125,0.21875,0.03125,0.5625,0.09375,0.15625,0.0,0.0625,0.5625,0.21875,1.0204081632653061,213
8,Liga ACB,51,2025-2026,15369,Sir'Jabari Rice,1332,BC MoraBanc Andorra,11,87,74,34,0,25,2,0,10,12,1,37,7,4,49,41,46,8,1,54,7,9,8,57,19,8,5,12,52,25,38,37,17,14,0.39080459770114945,0.0,0.28735632183908044,0.022988505747126436,0.0,0.11494252873563218,0.13793103448275862,0.011494252873563218,0.42528735632183906,0.08045977011494253,0.04597701149425287,0.5632183908045977,0.47126436781609193,0.5287356321839081,0.09195402298850575,0.011494252873563218,0.6206896551724138,0.08045977011494253,0.10344827586206896,0.09195402298850575,0.6551724137931034,0.21839080459770116,0.09195402298850575,0.05747126436781609,0.13793103448275862,0.5977011494252874,0.28735632183908044,1.169064748201439,559
8,Liga ACB,51,2025-2026,15394,David Dejulius,1334,CB UCAM Murcia,31,288,231,39,6,71,5,0,81,17,12,102,20,1,163,135,153,62,3,152,19,21,31,202,82,15,5,34,144,93,164,164,48,35,0.13541666666666666,0.020833333333333332,0.2465277777777778,0.017361111111111112,0.0,0.28125,0.059027777777777776,0.041666666666666664,0.3541666666666667,0.06944444444444445,0.003472222222222222,0.5659722222222222,0.46875,0.53125,0.2152777777777778,0.010416666666666666,0.5277777777777778,0.06597222222222222,0.07291666666666667,0.1076388888888889,0.7013888888888888,0.2847222222222222,0.052083333333333336,0.017361111111111112,0.11805555555555555,0.5,0.3229166666666667,1.0749783923941227,1518
8,Liga ACB,51,2025-2026,15452,Chase Audige,1339,Malaga,24,65,51,14,0,17,3,1,8,12,1,23,8,3,40,27,38,7,4,23,11,13,7,47,15,9,3,4,37,18,30,29,5,1,0.2153846153846154,0.0,0.26153846153846155,0.046153846153846156,0.015384615384615385,0.12307692307692308,0.18461538461538463,0.015384615384615385,0.35384615384615387,0.12307692307692308,0.046153846153846156,0.6153846153846154,0.4153846153846154,0.5846153846153846,0.1076923076923077,0.06153846153846154,0.35384615384615387,0.16923076923076924,0.2,0.1076923076923077,0.7230769230769231,0.23076923076923078,0.13846153846153847,0.046153846153846156,0.06153846153846154,0.5692307692307692,0.27692307692307694,0.9935897435897436,663
8,Liga ACB,51,2025-2026,15487,Omari Moore,1325,Valencia BC,28,227,165,42,0,86,8,2,12,31,5,83,14,6,137,105,122,43,5,120,10,23,26,139,44,19,9,26,105,47,88,79,36,28,0.18502202643171806,0.0,0.3788546255506608,0.03524229074889868,0.00881057268722467,0.05286343612334802,0.13656387665198239,0.022026431718061675,0.3656387665198238,0.06167400881057269,0.02643171806167401,0.6035242290748899,0.46255506607929514,0.5374449339207048,0.1894273127753304,0.022026431718061675,0.5286343612334802,0.04405286343612335,0.1013215859030837,0.1145374449339207,0.6123348017621145,0.19383259911894274,0.08370044052863436,0.039647577092511016,0.1145374449339207,0.46255506607929514,0.20704845814977973,1.2231126107127794,1055
8,Liga ACB,51,2025-2026,15565,Morris Udeze,1332,BC MoraBanc Andorra,20,8,8,1,0,0,1,0,0,0,0,7,5,0,2,3,5,4,0,0,0,0,4,8,4,0,0,1,5,3,8,6,2,2,0.125,0.0,0.0,0.125,0.0,0.0,0.0,0.0,0.875,0.625,0.0,0.25,0.375,0.625,0.5,0.0,0.0,0.0,0.0,0.5,1.0,0.5,0.0,0.0,0.125,0.625,0.375,1.4534883720930232,531
8,Liga ACB,51,2025-2026,15630,Kaodirichi Akobundu-Ehiogu,1330,BAXI Manresa,33,2,1,0,0,1,0,1,0,0,0,0,1,0,0,1,1,0,0,0,0,0,2,3,0,1,0,0,1,1,0,0,0,0,0.0,0.0,0.5,0.0,0.5,0.0,0.0,0.0,0.0,0.5,0.0,0.0,0.5,0.5,0.0,0.0,0.0,0.0,0.0,1.0,1.5,0.0,0.5,0.0,0.0,0.5,0.5,,918
8,Liga ACB,51,2025-2026,15661,Xavier Castaneda,,total,13,63,44,17,1,23,3,0,14,4,4,15,5,0,36,26,37,10,2,39,4,3,5,24,5,4,0,9,30,23,10,23,14,11,0.2698412698412698,0.015873015873015872,0.36507936507936506,0.047619047619047616,0.0,0.2222222222222222,0.06349206349206349,0.06349206349206349,0.23809523809523808,0.07936507936507936,0.0,0.5714285714285714,0.4126984126984127,0.5873015873015873,0.15873015873015872,0.031746031746031744,0.6190476190476191,0.06349206349206349,0.047619047619047616,0.07936507936507936,0.38095238095238093,0.07936507936507936,0.06349206349206349,0.0,0.14285714285714285,0.47619047619047616,0.36507936507936506,0.7201646090534979,390
8,Liga ACB,51,2025-2026,15661,Xavier Castaneda,1332,BC MoraBanc Andorra,8,51,34,14,1,19,3,0,10,3,4,12,5,0,29,19,32,8,2,30,3,3,5,14,4,1,0,9,25,17,8,16,14,11,0.27450980392156865,0.0196078431372549,0.37254901960784315,0.058823529411764705,0.0,0.19607843137254902,0.058823529411764705,0.0784313725490196,0.23529411764705882,0.09803921568627451,0.0,0.5686274509803921,0.37254901960784315,0.6274509803921569,0.1568627450980392,0.0392156862745098,0.5882352941176471,0.058823529411764705,0.058823529411764705,0.09803921568627451,0.27450980392156865,0.0784313725490196,0.0196078431372549,0.0,0.17647058823529413,0.49019607843137253,0.3333333333333333,0.8574007220216606,289
8,Liga ACB,51,2025-2026,15661,Xavier Castaneda,1339,Malaga,5,12,10,3,0,4,0,0,4,1,0,3,0,0,7,7,5,2,0,9,1,0,0,10,1,3,0,0,5,6,2,7,0,0,0.25,0.0,0.3333333333333333,0.0,0.0,0.3333333333333333,0.08333333333333333,0.0,0.25,0.0,0.0,0.5833333333333334,0.5833333333333334,0.4166666666666667,0.16666666666666666,0.0,0.75,0.08333333333333333,0.0,0.0,0.8333333333333334,0.08333333333333333,0.25,0.0,0.0,0.4166666666666667,0.5,0.2857142857142857,101
8,Liga ACB,51,2025-2026,15680,Miles Norris,1340,BC Barcelona,19,19,16,2,0,3,1,0,3,2,1,9,3,1,15,3,16,3,0,0,0,15,1,9,2,1,0,3,7,10,4,10,6,5,0.10526315789473684,0.0,0.15789473684210525,0.05263157894736842,0.0,0.15789473684210525,0.10526315789473684,0.05263157894736842,0.47368421052631576,0.15789473684210525,0.05263157894736842,0.7894736842105263,0.15789473684210525,0.8421052631578947,0.15789473684210525,0.0,0.0,0.0,0.7894736842105263,0.05263157894736842,0.47368421052631576,0.10526315789473684,0.05263157894736842,0.0,0.15789473684210525,0.3684210526315789,0.5263157894736842,0.7120253164556962,731
8,Liga ACB,51,2025-2026,15780,Erik Stevenson,1331,Casademont Zaragoza,8,17,12,5,0,8,0,0,5,1,1,2,3,0,12,7,10,1,1,5,2,5,3,9,2,1,1,2,8,6,4,7,1,1,0.29411764705882354,0.0,0.47058823529411764,0.0,0.0,0.29411764705882354,0.058823529411764705,0.058823529411764705,0.11764705882352941,0.17647058823529413,0.0,0.7058823529411765,0.4117647058823529,0.5882352941176471,0.058823529411764705,0.058823529411764705,0.29411764705882354,0.11764705882352941,0.29411764705882354,0.17647058823529413,0.5294117647058824,0.11764705882352941,0.058823529411764705,0.058823529411764705,0.11764705882352941,0.47058823529411764,0.35294117647058826,0.6720430107526881,231
8,Liga ACB,51,2025-2026,15805,Javan Johnson,1319,Coviran Granada,6,8,6,1,0,2,0,1,3,0,0,2,1,2,5,7,1,1,0,1,1,5,0,5,1,1,0,0,3,5,2,5,0,0,0.125,0.0,0.25,0.0,0.125,0.375,0.0,0.0,0.25,0.125,0.25,0.625,0.875,0.125,0.125,0.0,0.125,0.125,0.625,0.0,0.625,0.125,0.125,0.0,0.0,0.375,0.625,0.4,174
8,Liga ACB,51,2025-2026,18363,Jermaine Samuels,1316,San Pablo Burgos,33,128,109,10,2,15,9,4,12,6,5,77,52,7,64,63,65,7,8,2,3,53,55,102,46,4,1,23,66,48,92,78,32,24,0.078125,0.015625,0.1171875,0.0703125,0.03125,0.09375,0.046875,0.0390625,0.6015625,0.40625,0.0546875,0.5,0.4921875,0.5078125,0.0546875,0.0625,0.015625,0.0234375,0.4140625,0.4296875,0.796875,0.359375,0.03125,0.0078125,0.1796875,0.515625,0.375,1.259774109470026,1408
8,Liga ACB,51,2025-2026,18503,Grant Golden,1330,BAXI Manresa,15,12,9,3,0,4,1,1,0,0,1,5,5,0,6,3,9,4,0,0,2,0,6,11,4,1,0,1,7,4,8,5,1,1,0.25,0.0,0.3333333333333333,0.08333333333333333,0.08333333333333333,0.0,0.0,0.08333333333333333,0.4166666666666667,0.4166666666666667,0.0,0.5,0.25,0.75,0.3333333333333333,0.0,0.0,0.16666666666666666,0.0,0.5,0.9166666666666666,0.3333333333333333,0.08333333333333333,0.0,0.08333333333333333,0.5833333333333334,0.3333333333333333,1.6544117647058822,479
8,Liga ACB,51,2025-2026,18522,Myles Cale,1340,BC Barcelona,27,48,41,8,0,13,1,1,6,3,1,23,7,4,26,23,25,5,2,19,1,17,4,34,13,3,3,8,28,14,26,24,13,10,0.16666666666666666,0.0,0.2708333333333333,0.020833333333333332,0.020833333333333332,0.125,0.0625,0.020833333333333332,0.4791666666666667,0.14583333333333334,0.08333333333333333,0.5416666666666666,0.4791666666666667,0.5208333333333334,0.10416666666666667,0.041666666666666664,0.3958333333333333,0.020833333333333332,0.3541666666666667,0.08333333333333333,0.7083333333333334,0.2708333333333333,0.0625,0.0625,0.16666666666666666,0.5833333333333334,0.2916666666666667,1.2113055181695829,993
8,Liga ACB,51,2025-2026,18534,Alfonso Plummer,1330,BAXI Manresa,6,13,11,1,0,1,0,0,1,1,0,10,1,0,12,7,6,2,2,1,1,4,3,4,2,0,0,2,3,8,4,10,3,3,0.07692307692307693,0.0,0.07692307692307693,0.0,0.0,0.07692307692307693,0.07692307692307693,0.0,0.7692307692307693,0.07692307692307693,0.0,0.9230769230769231,0.5384615384615384,0.46153846153846156,0.15384615384615385,0.15384615384615385,0.07692307692307693,0.07692307692307693,0.3076923076923077,0.23076923076923078,0.3076923076923077,0.15384615384615385,0.0,0.0,0.15384615384615385,0.23076923076923078,0.6153846153846154,0.6183745583038869,204
8,Liga ACB,51,2025-2026,18544,Jaden Shackelford,1316,San Pablo Burgos,6,23,18,5,0,6,1,0,2,3,0,11,2,1,10,10,13,2,2,12,2,3,2,10,3,2,0,3,10,9,6,11,5,4,0.21739130434782608,0.0,0.2608695652173913,0.043478260869565216,0.0,0.08695652173913043,0.13043478260869565,0.0,0.4782608695652174,0.08695652173913043,0.043478260869565216,0.43478260869565216,0.43478260869565216,0.5652173913043478,0.08695652173913043,0.08695652173913043,0.5217391304347826,0.08695652173913043,0.13043478260869565,0.08695652173913043,0.43478260869565216,0.13043478260869565,0.08695652173913043,0.0,0.13043478260869565,0.43478260869565216,0.391304347826087,0.7575757575757576,160
8,Liga ACB,51,2025-2026,18771,James Karnik,1315,Basquet Girona,6,4,0,1,0,2,0,0,0,0,1,1,1,0,3,1,3,1,0,0,1,0,2,0,0,0,0,1,2,0,0,0,0,0,0.25,0.0,0.5,0.0,0.0,0.0,0.0,0.25,0.25,0.25,0.0,0.75,0.25,0.75,0.25,0.0,0.0,0.25,0.0,0.5,0.0,0.0,0.0,0.0,0.25,0.5,0.0,,160
8,Liga ACB,51,2025-2026,18791,Eli Brooks,1330,BAXI Manresa,17,116,83,18,1,41,2,1,10,10,4,48,12,1,91,70,46,10,1,70,12,11,12,78,24,9,3,8,54,34,48,53,11,9,0.15517241379310345,0.008620689655172414,0.35344827586206895,0.017241379310344827,0.008620689655172414,0.08620689655172414,0.08620689655172414,0.034482758620689655,0.41379310344827586,0.10344827586206896,0.008620689655172414,0.7844827586206896,0.603448275862069,0.39655172413793105,0.08620689655172414,0.008620689655172414,0.603448275862069,0.10344827586206896,0.09482758620689655,0.10344827586206896,0.6724137931034483,0.20689655172413793,0.07758620689655173,0.02586206896551724,0.06896551724137931,0.46551724137931033,0.29310344827586204,0.9854771784232365,696
8,Liga ACB,51,2025-2026,19069,Nikola Maric,1315,Basquet Girona,30,9,9,2,0,0,0,0,0,1,0,8,5,0,4,7,2,3,0,0,1,1,4,8,4,0,0,2,5,3,8,7,3,2,0.2222222222222222,0.0,0.0,0.0,0.0,0.0,0.1111111111111111,0.0,0.8888888888888888,0.5555555555555556,0.0,0.4444444444444444,0.7777777777777778,0.2222222222222222,0.3333333333333333,0.0,0.0,0.1111111111111111,0.1111111111111111,0.4444444444444444,0.8888888888888888,0.4444444444444444,0.0,0.0,0.2222222222222222,0.5555555555555556,0.3333333333333333,1.2019230769230769,716
8,Liga ACB,51,2025-2026,19426,Kur Kuath,1328,Dreamland Gran Canaria,29,1,1,0,0,0,0,0,0,0,0,1,0,0,1,0,1,0,0,0,0,0,1,0,0,0,0,0,0,1,0,1,0,0,0.0,0.0,0.0,0.0,0.0,0.0,0.0,0.0,1.0,0.0,0.0,1.0,0.0,1.0,0.0,0.0,0.0,0.0,0.0,1.0,0.0,0.0,0.0,0.0,0.0,0.0,1.0,0.0,770
8,Liga ACB,51,2025-2026,22724,Eugene Omoruyi,1326,Bitci Baskonia,21,41,32,5,2,7,3,1,1,4,2,23,8,0,28,30,11,13,1,1,0,6,20,31,12,2,0,10,23,11,24,19,14,10,0.12195121951219512,0.04878048780487805,0.17073170731707318,0.07317073170731707,0.024390243902439025,0.024390243902439025,0.0975609756097561,0.04878048780487805,0.5609756097560976,0.1951219512195122,0.0,0.6829268292682927,0.7317073170731707,0.2682926829268293,0.3170731707317073,0.024390243902439025,0.024390243902439025,0.0,0.14634146341463414,0.4878048780487805,0.7560975609756098,0.2926829268292683,0.04878048780487805,0.0,0.24390243902439024,0.5609756097560976,0.2682926829268293,1.3513513513513513,744
8,Liga ACB,51,2025-2026,22729,Chris Duarte,1339,Malaga,27,172,133,26,2,38,12,3,24,26,8,61,16,2,127,104,68,38,7,72,20,22,13,118,39,17,6,26,91,51,78,73,33,28,0.1511627906976744,0.011627906976744186,0.22093023255813954,0.06976744186046512,0.01744186046511628,0.13953488372093023,0.1511627906976744,0.046511627906976744,0.3546511627906977,0.09302325581395349,0.011627906976744186,0.7383720930232558,0.6046511627906976,0.3953488372093023,0.22093023255813954,0.040697674418604654,0.4186046511627907,0.11627906976744186,0.12790697674418605,0.0755813953488372,0.686046511627907,0.22674418604651161,0.09883720930232558,0.03488372093023256,0.1511627906976744,0.5290697674418605,0.29651162790697677,1.2111517367458866,919
8,Liga ACB,51,2025-2026,22740,Nathan Reuvers,1325,Valencia BC,31,13,12,4,0,4,0,0,4,1,0,4,3,1,8,4,9,0,0,0,0,7,6,9,2,2,0,0,6,8,4,8,0,0,0.3076923076923077,0.0,0.3076923076923077,0.0,0.0,0.3076923076923077,0.07692307692307693,0.0,0.3076923076923077,0.23076923076923078,0.07692307692307693,0.6153846153846154,0.3076923076923077,0.6923076923076923,0.0,0.0,0.0,0.0,0.5384615384615384,0.46153846153846156,0.6923076923076923,0.15384615384615385,0.15384615384615385,0.0,0.0,0.46153846153846156,0.6153846153846154,0.5,1040
8,Liga ACB,51,2025-2026,22847,Yves Pons,1332,BC MoraBanc Andorra,27,19,17,2,0,1,1,0,6,0,3,8,9,3,7,9,10,2,1,1,0,12,3,10,5,0,0,5,11,9,10,13,6,4,0.10526315789473684,0.0,0.05263157894736842,0.05263157894736842,0.0,0.3157894736842105,0.0,0.15789473684210525,0.42105263157894735,0.47368421052631576,0.15789473684210525,0.3684210526315789,0.47368421052631576,0.5263157894736842,0.10526315789473684,0.05263157894736842,0.05263157894736842,0.0,0.631578947368421,0.15789473684210525,0.5263157894736842,0.2631578947368421,0.0,0.0,0.2631578947368421,0.5789473684210527,0.47368421052631576,0.8951406649616368,1142
8,Liga ACB,51,2025-2026,22895,Jhivvan Jameel Jackson Melendez,1316,San Pablo Burgos,20,90,81,22,1,9,4,0,36,3,5,33,14,1,53,46,44,12,5,39,17,12,5,60,28,2,2,19,56,35,56,58,31,28,0.24444444444444444,0.011111111111111112,0.1,0.044444444444444446,0.0,0.4,0.03333333333333333,0.05555555555555555,0.36666666666666664,0.15555555555555556,0.011111111111111112,0.5888888888888889,0.5111111111111111,0.4888888888888889,0.13333333333333333,0.05555555555555555,0.43333333333333335,0.18888888888888888,0.13333333333333333,0.05555555555555555,0.6666666666666666,0.3111111111111111,0.022222222222222223,0.022222222222222223,0.2111111111111111,0.6222222222222222,0.3888888888888889,1.1725293132328307,1028
8,Liga ACB,51,2025-2026,22915,Isaiah Washington,1331,Casademont Zaragoza,10,29,25,6,1,5,0,0,4,5,1,14,0,0,16,17,12,7,0,19,2,0,1,24,8,5,1,3,19,8,16,16,2,2,0.20689655172413793,0.034482758620689655,0.1724137931034483,0.0,0.0,0.13793103448275862,0.1724137931034483,0.034482758620689655,0.4827586206896552,0.0,0.0,0.5517241379310345,0.5862068965517241,0.41379310344827586,0.2413793103448276,0.0,0.6551724137931034,0.06896551724137931,0.0,0.034482758620689655,0.8275862068965517,0.27586206896551724,0.1724137931034483,0.034482758620689655,0.10344827586206896,0.6551724137931034,0.27586206896551724,1.066350710900474,233
8,Liga ACB,51,2025-2026,22932,David Duke Jr.,1330,BAXI Manresa,9,53,42,7,0,15,2,0,2,5,7,22,9,3,39,31,22,4,3,16,8,20,2,23,9,1,1,13,26,15,18,17,26,17,0.1320754716981132,0.0,0.2830188679245283,0.03773584905660377,0.0,0.03773584905660377,0.09433962264150944,0.1320754716981132,0.41509433962264153,0.16981132075471697,0.05660377358490566,0.7358490566037735,0.5849056603773585,0.41509433962264153,0.07547169811320754,0.05660377358490566,0.3018867924528302,0.1509433962264151,0.37735849056603776,0.03773584905660377,0.4339622641509434,0.16981132075471697,0.018867924528301886,0.018867924528301886,0.24528301886792453,0.49056603773584906,0.2830188679245283,1.230661040787623,305
8,Liga ACB,51,2025-2026,23002,Cameron Krutwig,1323,ICG Forca Lleida,31,6,4,2,0,4,1,0,0,0,0,1,2,0,4,2,4,1,0,0,2,0,3,2,1,0,0,0,3,1,2,1,0,0,0.3333333333333333,0.0,0.6666666666666666,0.16666666666666666,0.0,0.0,0.0,0.0,0.16666666666666666,0.3333333333333333,0.0,0.6666666666666666,0.3333333333333333,0.6666666666666666,0.16666666666666666,0.0,0.0,0.3333333333333333,0.0,0.5,0.3333333333333333,0.16666666666666666,0.0,0.0,0.0,0.5,0.16666666666666666,2.0,916
8,Liga ACB,51,2025-2026,23056,Justin Jaworski,1335,Bilbao Basket,33,131,116,34,3,29,3,2,38,9,0,50,14,5,87,73,58,20,9,47,20,21,14,79,26,10,2,5,60,65,52,83,9,7,0.2595419847328244,0.022900763358778626,0.22137404580152673,0.022900763358778626,0.015267175572519083,0.2900763358778626,0.06870229007633588,0.0,0.3816793893129771,0.10687022900763359,0.03816793893129771,0.6641221374045801,0.5572519083969466,0.44274809160305345,0.15267175572519084,0.06870229007633588,0.35877862595419846,0.15267175572519084,0.16030534351145037,0.10687022900763359,0.6030534351145038,0.1984732824427481,0.07633587786259542,0.015267175572519083,0.03816793893129771,0.4580152671755725,0.4961832061068702,0.6784728610855566,1401
8,Liga ACB,51,2025-2026,23482,Joel Soriano,1331,Casademont Zaragoza,16,2,2,0,0,0,1,0,0,0,0,1,0,0,1,1,1,0,0,0,0,0,2,0,0,0,0,1,1,1,0,0,2,2,0.0,0.0,0.0,0.5,0.0,0.0,0.0,0.0,0.5,0.0,0.0,0.5,0.5,0.5,0.0,0.0,0.0,0.0,0.0,1.0,0.0,0.0,0.0,0.0,0.5,0.5,0.5,2.272727272727273,463
8,Liga ACB,51,2025-2026,24056,Killian Tillie,1339,Malaga,25,16,13,2,0,4,2,0,1,2,0,7,1,1,13,5,11,2,1,0,1,9,3,6,3,0,1,2,5,7,6,8,3,1,0.125,0.0,0.25,0.125,0.0,0.0625,0.125,0.0,0.4375,0.0625,0.0625,0.8125,0.3125,0.6875,0.125,0.0625,0.0,0.0625,0.5625,0.1875,0.375,0.1875,0.0,0.0625,0.125,0.3125,0.4375,0.7510729613733905,655
8,Liga ACB,51,2025-2026,24268,Trent Forrest,1326,Bitci Baskonia,21,210,170,38,1,62,6,2,18,18,11,93,7,1,112,96,114,41,2,122,16,12,17,152,52,20,6,39,122,45,104,87,60,57,0.18095238095238095,0.004761904761904762,0.29523809523809524,0.02857142857142857,0.009523809523809525,0.08571428571428572,0.08571428571428572,0.05238095238095238,0.44285714285714284,0.03333333333333333,0.004761904761904762,0.5333333333333333,0.45714285714285713,0.5428571428571428,0.19523809523809524,0.009523809523809525,0.580952380952381,0.0761904761904762,0.05714285714285714,0.08095238095238096,0.7238095238095238,0.24761904761904763,0.09523809523809523,0.02857142857142857,0.18571428571428572,0.580952380952381,0.21428571428571427,1.419753086419753,1077
8,Liga ACB,51,2025-2026,24280,Keandre Cook,1322,Leche Rio Breogan,31,134,101,22,1,33,9,5,22,11,7,47,21,5,78,70,64,18,7,54,5,33,17,67,23,7,1,23,64,50,46,57,41,40,0.16417910447761194,0.007462686567164179,0.2462686567164179,0.06716417910447761,0.03731343283582089,0.16417910447761194,0.08208955223880597,0.05223880597014925,0.35074626865671643,0.15671641791044777,0.03731343283582089,0.582089552238806,0.5223880597014925,0.47761194029850745,0.13432835820895522,0.05223880597014925,0.40298507462686567,0.03731343283582089,0.2462686567164179,0.12686567164179105,0.5,0.17164179104477612,0.05223880597014925,0.007462686567164179,0.17164179104477612,0.47761194029850745,0.373134328358209,1.1460554371002132,1224
8,Liga ACB,51,2025-2026,24504,Jonah Radebaugh,1334,CB UCAM Murcia,28,71,49,11,1,27,3,2,6,9,3,21,5,2,48,47,24,9,8,30,3,14,7,45,11,8,3,7,33,19,22,23,11,7,0.15492957746478872,0.014084507042253521,0.38028169014084506,0.04225352112676056,0.028169014084507043,0.08450704225352113,0.1267605633802817,0.04225352112676056,0.29577464788732394,0.07042253521126761,0.028169014084507043,0.676056338028169,0.6619718309859155,0.3380281690140845,0.1267605633802817,0.11267605633802817,0.4225352112676056,0.04225352112676056,0.19718309859154928,0.09859154929577464,0.6338028169014085,0.15492957746478872,0.11267605633802817,0.04225352112676056,0.09859154929577464,0.4647887323943662,0.2676056338028169,1.0416666666666667,1091
8,Liga ACB,51,2025-2026,24597,Mamadi Diakite,1326,Bitci Baskonia,31,54,44,5,0,21,0,0,3,5,2,23,14,1,35,23,31,8,0,0,0,23,23,43,14,5,1,10,31,11,28,20,19,16,0.09259259259259259,0.0,0.3888888888888889,0.0,0.0,0.05555555555555555,0.09259259259259259,0.037037037037037035,0.42592592592592593,0.25925925925925924,0.018518518518518517,0.6481481481481481,0.42592592592592593,0.5740740740740741,0.14814814814814814,0.0,0.0,0.0,0.42592592592592593,0.42592592592592593,0.7962962962962963,0.25925925925925924,0.09259259259259259,0.018518518518518517,0.18518518518518517,0.5740740740740741,0.2037037037037037,1.5514809590973202,1290
8,Liga ACB,51,2025-2026,24598,Braxton Key,1325,Valencia BC,20,39,29,5,1,11,1,1,0,3,2,21,8,1,27,29,10,3,0,1,1,15,19,12,6,0,2,5,13,19,12,19,7,4,0.1282051282051282,0.02564102564102564,0.28205128205128205,0.02564102564102564,0.02564102564102564,0.0,0.07692307692307693,0.05128205128205128,0.5384615384615384,0.20512820512820512,0.02564102564102564,0.6923076923076923,0.7435897435897436,0.2564102564102564,0.07692307692307693,0.0,0.02564102564102564,0.02564102564102564,0.38461538461538464,0.48717948717948717,0.3076923076923077,0.15384615384615385,0.0,0.05128205128205128,0.1282051282051282,0.3333333333333333,0.48717948717948717,0.7246376811594204,656
8,Liga ACB,51,2025-2026,24684,Jon Axel Gudmundsson,1316,San Pablo Burgos,29,118,85,20,3,48,2,1,6,16,2,43,4,1,58,81,37,16,1,70,7,17,7,54,13,13,4,12,50,32,26,42,16,10,0.1694915254237288,0.025423728813559324,0.4067796610169492,0.01694915254237288,0.00847457627118644,0.05084745762711865,0.13559322033898305,0.01694915254237288,0.3644067796610169,0.03389830508474576,0.00847457627118644,0.4915254237288136,0.6864406779661016,0.3135593220338983,0.13559322033898305,0.00847457627118644,0.5932203389830508,0.059322033898305086,0.1440677966101695,0.059322033898305086,0.4576271186440678,0.11016949152542373,0.11016949152542373,0.03389830508474576,0.1016949152542373,0.423728813559322,0.2711864406779661,0.734094616639478,1173
8,Liga ACB,51,2025-2026,24905,Harald Frey,1335,Bilbao Basket,30,128,91,46,4,32,6,0,24,15,11,40,14,1,78,80,48,8,4,67,27,10,12,71,24,10,6,24,80,31,48,45,33,31,0.359375,0.03125,0.25,0.046875,0.0,0.1875,0.1171875,0.0859375,0.3125,0.109375,0.0078125,0.609375,0.625,0.375,0.0625,0.03125,0.5234375,0.2109375,0.078125,0.09375,0.5546875,0.1875,0.078125,0.046875,0.1875,0.625,0.2421875,1.327284946236559,1020
8,Liga ACB,51,2025-2026,24949,Markus Howard,1326,Bitci Baskonia,12,55,45,20,0,15,4,0,10,6,3,17,4,0,31,31,24,9,4,18,7,4,13,41,12,7,0,10,38,18,24,22,12,11,0.36363636363636365,0.0,0.2727272727272727,0.07272727272727272,0.0,0.18181818181818182,0.10909090909090909,0.05454545454545454,0.3090909090909091,0.07272727272727272,0.0,0.5636363636363636,0.5636363636363636,0.43636363636363634,0.16363636363636364,0.07272727272727272,0.32727272727272727,0.12727272727272726,0.07272727272727272,0.23636363636363636,0.7454545454545455,0.21818181818181817,0.12727272727272726,0.0,0.18181818181818182,0.6909090909090909,0.32727272727272727,1.282991202346041,567
8,Liga ACB,51,2025-2026,25179,Max Heidegger,1316,San Pablo Burgos,8,37,29,11,1,13,1,0,4,2,2,15,3,1,16,21,16,3,1,22,3,3,5,25,10,2,0,4,21,10,20,16,4,3,0.2972972972972973,0.02702702702702703,0.35135135135135137,0.02702702702702703,0.0,0.10810810810810811,0.05405405405405406,0.05405405405405406,0.40540540540540543,0.08108108108108109,0.02702702702702703,0.43243243243243246,0.5675675675675675,0.43243243243243246,0.08108108108108109,0.02702702702702703,0.5945945945945946,0.08108108108108109,0.08108108108108109,0.13513513513513514,0.6756756756756757,0.2702702702702703,0.05405405405405406,0.0,0.10810810810810811,0.5675675675675675,0.2702702702702703,1.295045045045045,295
8,Liga ACB,51,2025-2026,25181,Omer Yurtseven,1338,Real Madrid,2,1,1,1,0,0,0,0,0,0,0,1,0,0,0,1,0,1,0,0,0,0,0,2,1,0,0,0,1,0,2,1,0,0,1.0,0.0,0.0,0.0,0.0,0.0,0.0,0.0,1.0,0.0,0.0,0.0,1.0,0.0,1.0,0.0,0.0,0.0,0.0,0.0,2.0,1.0,0.0,0.0,0.0,1.0,0.0,2.0,65
8,Liga ACB,51,2025-2026,25182,Eric Vila,1328,Dreamland Gran Canaria,23,18,12,2,0,3,1,1,6,3,1,3,5,0,12,11,7,0,0,1,1,13,3,4,1,1,0,4,7,8,2,7,5,2,0.1111111111111111,0.0,0.16666666666666666,0.05555555555555555,0.05555555555555555,0.3333333333333333,0.16666666666666666,0.05555555555555555,0.16666666666666666,0.2777777777777778,0.0,0.6666666666666666,0.6111111111111112,0.3888888888888889,0.0,0.0,0.05555555555555555,0.05555555555555555,0.7222222222222222,0.16666666666666666,0.2222222222222222,0.05555555555555555,0.05555555555555555,0.0,0.2222222222222222,0.3888888888888889,0.4444444444444444,0.4347826086956522,442
8,Liga ACB,51,2025-2026,25271,Elias Valtonen,1319,Coviran Granada,17,75,60,14,1,19,2,1,10,5,4,34,12,7,52,42,33,8,6,20,6,22,13,40,16,3,0,11,39,24,32,37,17,12,0.18666666666666668,0.013333333333333334,0.25333333333333335,0.02666666666666667,0.013333333333333334,0.13333333333333333,0.06666666666666667,0.05333333333333334,0.4533333333333333,0.16,0.09333333333333334,0.6933333333333334,0.56,0.44,0.10666666666666667,0.08,0.26666666666666666,0.08,0.29333333333333333,0.17333333333333334,0.5333333333333333,0.21333333333333335,0.04,0.0,0.14666666666666667,0.52,0.32,0.9892086330935252,839
8,Liga ACB,51,2025-2026,25431,Andres Feliz Sarita,1338,Real Madrid,28,114,82,26,2,29,4,4,6,18,5,48,7,0,71,58,56,13,1,64,14,10,12,73,28,9,3,13,63,31,56,47,15,12,0.22807017543859648,0.017543859649122806,0.2543859649122807,0.03508771929824561,0.03508771929824561,0.05263157894736842,0.15789473684210525,0.043859649122807015,0.42105263157894735,0.06140350877192982,0.0,0.6228070175438597,0.5087719298245614,0.49122807017543857,0.11403508771929824,0.008771929824561403,0.5614035087719298,0.12280701754385964,0.08771929824561403,0.10526315789473684,0.6403508771929824,0.24561403508771928,0.07894736842105263,0.02631578947368421,0.11403508771929824,0.5526315789473685,0.2719298245614035,1.2686567164179103,918
8,Liga ACB,51,2025-2026,25529,Silvio De Sousa,1316,San Pablo Burgos,10,3,2,0,0,1,1,0,0,0,0,1,0,0,2,1,2,1,0,0,0,0,2,0,0,0,0,1,1,1,0,0,2,1,0.0,0.0,0.3333333333333333,0.3333333333333333,0.0,0.0,0.0,0.0,0.3333333333333333,0.0,0.0,0.6666666666666666,0.3333333333333333,0.6666666666666666,0.3333333333333333,0.0,0.0,0.0,0.0,0.6666666666666666,0.0,0.0,0.0,0.0,0.3333333333333333,0.3333333333333333,0.3333333333333333,1.1363636363636365,266
8,Liga ACB,51,2025-2026,27976,Christ Koumadje,1331,Casademont Zaragoza,9,1,1,0,0,0,0,0,0,0,0,1,0,0,1,0,1,0,0,0,0,0,1,0,0,0,0,1,1,0,0,0,2,1,0.0,0.0,0.0,0.0,0.0,0.0,0.0,0.0,1.0,0.0,0.0,1.0,0.0,1.0,0.0,0.0,0.0,0.0,0.0,1.0,0.0,0.0,0.0,0.0,1.0,1.0,0.0,1.1363636363636365,238
8,Liga ACB,51,2025-2026,28010,Chuma Okeke,1338,Real Madrid,25,21,18,4,0,7,0,1,2,5,1,5,6,1,14,13,8,5,1,0,0,6,9,21,3,5,0,3,11,6,6,6,3,2,0.19047619047619047,0.0,0.3333333333333333,0.0,0.047619047619047616,0.09523809523809523,0.23809523809523808,0.047619047619047616,0.23809523809523808,0.2857142857142857,0.047619047619047616,0.6666666666666666,0.6190476190476191,0.38095238095238093,0.23809523809523808,0.047619047619047616,0.0,0.0,0.2857142857142857,0.42857142857142855,1.0,0.14285714285714285,0.23809523809523808,0.0,0.14285714285714285,0.5238095238095238,0.2857142857142857,1.0928961748633879,943
8,Liga ACB,51,2025-2026,28032,Ethan Happ,1316,San Pablo Burgos,24,40,30,3,1,10,0,3,0,4,0,23,14,0,24,23,17,17,0,2,0,2,19,18,7,1,0,4,15,17,14,17,8,4,0.075,0.025,0.25,0.0,0.075,0.0,0.1,0.0,0.575,0.35,0.0,0.6,0.575,0.425,0.425,0.0,0.05,0.0,0.05,0.475,0.45,0.175,0.025,0.0,0.1,0.375,0.425,0.8771929824561404,1174
8,Liga ACB,51,2025-2026,28155,Martin Krampelj,1335,Bilbao Basket,33,38,32,10,0,5,3,3,4,5,0,18,11,6,21,16,22,2,4,1,0,27,4,28,8,5,0,8,23,13,16,15,15,10,0.2631578947368421,0.0,0.13157894736842105,0.07894736842105263,0.07894736842105263,0.10526315789473684,0.13157894736842105,0.0,0.47368421052631576,0.2894736842105263,0.15789473684210525,0.5526315789473685,0.42105263157894735,0.5789473684210527,0.05263157894736842,0.10526315789473684,0.02631578947368421,0.0,0.7105263157894737,0.10526315789473684,0.7368421052631579,0.21052631578947367,0.13157894736842105,0.0,0.21052631578947367,0.6052631578947368,0.34210526315789475,1.2037037037037037,1144
8,Liga ACB,51,2025-2026,28247,Zach Hankins,1319,Coviran Granada,9,7,3,1,0,2,0,3,0,1,0,1,1,0,6,4,3,1,0,0,1,1,4,4,2,0,0,0,3,4,4,2,0,0,0.14285714285714285,0.0,0.2857142857142857,0.0,0.42857142857142855,0.0,0.14285714285714285,0.0,0.14285714285714285,0.14285714285714285,0.0,0.8571428571428571,0.5714285714285714,0.42857142857142855,0.14285714285714285,0.0,0.0,0.14285714285714285,0.14285714285714285,0.5714285714285714,0.5714285714285714,0.2857142857142857,0.0,0.0,0.0,0.42857142857142855,0.5714285714285714,2.0,349
8,Liga ACB,51,2025-2026,28336,Otis Livingston II,1315,Basquet Girona,34,301,221,59,10,109,7,3,54,45,16,67,16,4,165,190,111,55,4,187,9,17,29,148,39,33,15,32,144,74,78,94,43,39,0.19601328903654486,0.03322259136212625,0.36212624584717606,0.023255813953488372,0.009966777408637873,0.17940199335548174,0.14950166112956811,0.053156146179401995,0.22259136212624583,0.053156146179401995,0.013289036544850499,0.5481727574750831,0.6312292358803987,0.3687707641196013,0.18272425249169436,0.013289036544850499,0.6212624584717608,0.029900332225913623,0.05647840531561462,0.09634551495016612,0.49169435215946844,0.12956810631229235,0.10963455149501661,0.04983388704318937,0.10631229235880399,0.47840531561461797,0.24584717607973422,1.0361317747077576,1601
8,Liga ACB,51,2025-2026,28361,Jaylen Hands,1334,CB UCAM Murcia,6,34,27,8,0,9,2,0,8,4,1,10,2,0,21,15,19,6,1,21,2,1,3,19,7,2,0,2,17,13,14,16,4,3,0.23529411764705882,0.0,0.2647058823529412,0.058823529411764705,0.0,0.23529411764705882,0.11764705882352941,0.029411764705882353,0.29411764705882354,0.058823529411764705,0.0,0.6176470588235294,0.4411764705882353,0.5588235294117647,0.17647058823529413,0.029411764705882353,0.6176470588235294,0.058823529411764705,0.029411764705882353,0.08823529411764706,0.5588235294117647,0.20588235294117646,0.058823529411764705,0.0,0.058823529411764705,0.5,0.38235294117647056,0.9572072072072071,187
8,Liga ACB,51,2025-2026,28390,Mark Hughes,1315,Basquet Girona,34,96,76,22,0,28,5,1,17,17,3,25,13,1,75,39,57,19,23,26,3,20,5,56,16,8,6,14,52,26,32,34,23,22,0.22916666666666666,0.0,0.2916666666666667,0.052083333333333336,0.010416666666666666,0.17708333333333334,0.17708333333333334,0.03125,0.2604166666666667,0.13541666666666666,0.010416666666666666,0.78125,0.40625,0.59375,0.19791666666666666,0.23958333333333334,0.2708333333333333,0.03125,0.20833333333333334,0.052083333333333336,0.5833333333333334,0.16666666666666666,0.08333333333333333,0.0625,0.14583333333333334,0.5416666666666666,0.2708333333333333,1.2239347234814144,1236
8,Liga ACB,51,2025-2026,28410,Francisco Alonso,1322,Leche Rio Breogan,34,193,152,34,4,45,7,4,29,14,15,79,40,5,116,93,100,34,21,78,3,33,24,112,40,10,4,43,108,53,80,80,64,60,0.17616580310880828,0.02072538860103627,0.23316062176165803,0.03626943005181347,0.02072538860103627,0.15025906735751296,0.07253886010362694,0.07772020725388601,0.40932642487046633,0.20725388601036268,0.025906735751295335,0.6010362694300518,0.48186528497409326,0.5181347150259067,0.17616580310880828,0.10880829015544041,0.40414507772020725,0.015544041450777202,0.17098445595854922,0.12435233160621761,0.5803108808290155,0.20725388601036268,0.05181347150259067,0.02072538860103627,0.22279792746113988,0.5595854922279793,0.27461139896373055,1.2943786982248522,1515
8,Liga ACB,51,2025-2026,28591,Ruben Guerrero,1332,BC MoraBanc Andorra,30,2,1,1,0,0,0,1,0,0,0,1,1,0,1,2,0,0,0,0,0,0,2,2,1,0,0,0,1,1,2,1,0,0,0.5,0.0,0.0,0.0,0.5,0.0,0.0,0.0,0.5,0.5,0.0,0.5,1.0,0.0,0.0,0.0,0.0,0.0,0.0,1.0,1.0,0.5,0.0,0.0,0.0,0.5,0.5,2.0,445
8,Liga ACB,51,2025-2026,28648,Travis Munnings,1319,Coviran Granada,11,8,6,2,0,2,0,0,0,0,1,5,5,2,1,5,3,1,0,0,1,6,0,4,2,0,0,0,4,5,4,5,0,0,0.25,0.0,0.25,0.0,0.0,0.0,0.0,0.125,0.625,0.625,0.25,0.125,0.625,0.375,0.125,0.0,0.0,0.125,0.75,0.0,0.5,0.25,0.0,0.0,0.0,0.5,0.625,0.8,264
8,Liga ACB,51,2025-2026,28857,Justin Wright-Foreman,1331,Casademont Zaragoza,11,51,46,17,0,6,2,0,17,2,1,23,8,2,26,28,23,9,2,27,4,5,4,40,20,0,0,5,34,23,40,38,5,4,0.3333333333333333,0.0,0.11764705882352941,0.0392156862745098,0.0,0.3333333333333333,0.0392156862745098,0.0196078431372549,0.45098039215686275,0.1568627450980392,0.0392156862745098,0.5098039215686274,0.5490196078431373,0.45098039215686275,0.17647058823529413,0.0392156862745098,0.5294117647058824,0.0784313725490196,0.09803921568627451,0.0784313725490196,0.7843137254901961,0.39215686274509803,0.0,0.0,0.09803921568627451,0.6666666666666666,0.45098039215686275,1.0945273631840795,429
8,Liga ACB,51,2025-2026,29113,James Batemon,1323,ICG Forca Lleida,31,277,207,75,2,87,13,4,29,28,17,99,35,12,163,132,145,46,9,116,18,47,41,149,44,27,12,51,160,71,88,97,79,66,0.27075812274368233,0.007220216606498195,0.3140794223826715,0.04693140794223827,0.01444043321299639,0.10469314079422383,0.10108303249097472,0.061371841155234655,0.3574007220216607,0.1263537906137184,0.04332129963898917,0.5884476534296029,0.47653429602888087,0.5234657039711191,0.16606498194945848,0.032490974729241874,0.4187725631768953,0.06498194945848375,0.16967509025270758,0.148014440433213,0.5379061371841155,0.1588447653429603,0.09747292418772563,0.04332129963898917,0.18411552346570398,0.5776173285198556,0.2563176895306859,1.1687917425622345,1575
8,Liga ACB,51,2025-2026,29142,Devontae Cacok,1334,CB UCAM Murcia,29,37,34,5,0,6,3,0,1,2,1,24,20,0,13,18,19,14,0,5,0,2,16,34,13,3,0,9,25,9,26,19,16,10,0.13513513513513514,0.0,0.16216216216216217,0.08108108108108109,0.0,0.02702702702702703,0.05405405405405406,0.02702702702702703,0.6486486486486487,0.5405405405405406,0.0,0.35135135135135137,0.4864864864864865,0.5135135135135135,0.3783783783783784,0.0,0.13513513513513514,0.0,0.05405405405405406,0.43243243243243246,0.918918918918919,0.35135135135135137,0.08108108108108109,0.0,0.24324324324324326,0.6756756756756757,0.24324324324324326,1.3824884792626728,1032
8,Liga ACB,51,2025-2026,30735,Cameron Hunt,1336,Club Joventut Badalona,31,276,225,50,3,61,8,2,44,24,7,130,27,4,182,143,133,87,21,107,11,35,15,200,79,18,5,42,157,85,158,146,60,53,0.18115942028985507,0.010869565217391304,0.2210144927536232,0.028985507246376812,0.007246376811594203,0.15942028985507245,0.08695652173913043,0.025362318840579712,0.47101449275362317,0.09782608695652174,0.014492753623188406,0.6594202898550725,0.5181159420289855,0.48188405797101447,0.31521739130434784,0.07608695652173914,0.38768115942028986,0.03985507246376811,0.12681159420289856,0.05434782608695652,0.7246376811594203,0.286231884057971,0.06521739130434782,0.018115942028985508,0.15217391304347827,0.5688405797101449,0.3079710144927536,1.2238979118329465,1614
8,Liga ACB,51,2025-2026,31224,Braian Angola-Rodas,1328,Dreamland Gran Canaria,15,92,62,20,0,46,2,0,5,8,0,31,5,0,64,42,50,11,4,51,4,8,14,44,12,6,2,10,38,19,24,28,18,12,0.21739130434782608,0.0,0.5,0.021739130434782608,0.0,0.05434782608695652,0.08695652173913043,0.0,0.33695652173913043,0.05434782608695652,0.0,0.6956521739130435,0.45652173913043476,0.5434782608695652,0.11956521739130435,0.043478260869565216,0.5543478260869565,0.043478260869565216,0.08695652173913043,0.15217391304347827,0.4782608695652174,0.13043478260869565,0.06521739130434782,0.021739130434782608,0.10869565217391304,0.41304347826086957,0.20652173913043478,1.0022271714922049,558
8,Liga ACB,51,2025-2026,31283,Kelan Martin,1334,CB UCAM Murcia,16,35,31,6,0,4,3,0,13,2,0,13,9,2,24,20,15,0,2,2,0,25,6,29,12,1,0,3,18,15,24,24,5,4,0.17142857142857143,0.0,0.11428571428571428,0.08571428571428572,0.0,0.37142857142857144,0.05714285714285714,0.0,0.37142857142857144,0.2571428571428571,0.05714285714285714,0.6857142857142857,0.5714285714285714,0.42857142857142855,0.0,0.05714285714285714,0.05714285714285714,0.0,0.7142857142857143,0.17142857142857143,0.8285714285714286,0.34285714285714286,0.02857142857142857,0.0,0.08571428571428572,0.5142857142857142,0.42857142857142855,1.0687022900763359,511
8,Liga ACB,51,2025-2026,31374,Hamidou Diallo,1326,Bitci Baskonia,8,59,45,12,1,16,1,0,14,2,3,23,4,2,41,38,21,9,4,28,2,7,9,38,14,4,1,10,31,19,28,30,10,8,0.2033898305084746,0.01694915254237288,0.2711864406779661,0.01694915254237288,0.0,0.23728813559322035,0.03389830508474576,0.05084745762711865,0.3898305084745763,0.06779661016949153,0.03389830508474576,0.6949152542372882,0.6440677966101694,0.3559322033898305,0.15254237288135594,0.06779661016949153,0.4745762711864407,0.03389830508474576,0.11864406779661017,0.15254237288135594,0.6440677966101694,0.23728813559322035,0.06779661016949153,0.01694915254237288,0.1694915254237288,0.5254237288135594,0.3220338983050847,1.0465116279069768,322
8,Liga ACB,51,2025-2026,31457,Shannon Evans,1332,BC MoraBanc Andorra,30,262,199,76,6,84,6,1,27,35,12,97,18,0,127,143,119,30,2,171,10,24,25,149,39,27,9,39,141,69,78,94,52,43,0.2900763358778626,0.022900763358778626,0.32061068702290074,0.022900763358778626,0.003816793893129771,0.10305343511450382,0.13358778625954199,0.04580152671755725,0.3702290076335878,0.06870229007633588,0.0,0.4847328244274809,0.5458015267175572,0.4541984732824427,0.11450381679389313,0.007633587786259542,0.6526717557251909,0.03816793893129771,0.0916030534351145,0.09541984732824428,0.5687022900763359,0.14885496183206107,0.10305343511450382,0.03435114503816794,0.14885496183206107,0.5381679389312977,0.2633587786259542,1.035249828884326,1502
8,Liga ACB,51,2025-2026,31476,Gyorgy Goloman,1323,ICG Forca Lleida,25,8,6,1,0,0,1,1,0,0,1,5,3,0,4,3,5,2,0,0,0,2,4,4,2,0,0,3,6,2,4,3,4,3,0.125,0.0,0.0,0.125,0.125,0.0,0.0,0.125,0.625,0.375,0.0,0.5,0.375,0.625,0.25,0.0,0.0,0.0,0.25,0.5,0.5,0.25,0.0,0.0,0.375,0.75,0.25,1.4705882352941178,728
8,Liga ACB,51,2025-2026,31539,Chimezie Metu,1328,Dreamland Gran Canaria,10,44,36,2,0,11,0,2,5,3,4,19,12,2,25,26,18,13,0,7,1,10,13,26,13,0,0,11,23,10,26,20,16,12,0.045454545454545456,0.0,0.25,0.0,0.045454545454545456,0.11363636363636363,0.06818181818181818,0.09090909090909091,0.4318181818181818,0.2727272727272727,0.045454545454545456,0.5681818181818182,0.5909090909090909,0.4090909090909091,0.29545454545454547,0.0,0.1590909090909091,0.022727272727272728,0.22727272727272727,0.29545454545454547,0.5909090909090909,0.29545454545454547,0.0,0.0,0.25,0.5227272727272727,0.22727272727272727,1.4053254437869822,499
8,Liga ACB,51,2025-2026,31587,Darius Thompson,1325,Valencia BC,27,95,68,24,1,37,6,2,15,8,1,26,9,0,62,53,42,11,1,52,8,13,10,50,14,7,1,11,44,26,28,31,24,18,0.25263157894736843,0.010526315789473684,0.3894736842105263,0.06315789473684211,0.021052631578947368,0.15789473684210525,0.08421052631578947,0.010526315789473684,0.2736842105263158,0.09473684210526316,0.0,0.6526315789473685,0.5578947368421052,0.4421052631578947,0.11578947368421053,0.010526315789473684,0.5473684210526316,0.08421052631578947,0.1368421052631579,0.10526315789473684,0.5263157894736842,0.14736842105263157,0.07368421052631578,0.010526315789473684,0.11578947368421053,0.4631578947368421,0.2736842105263158,1.1068334937439845,946
8,Liga ACB,51,2025-2026,31700,Martinas Geben,1315,Basquet Girona,34,14,10,6,0,3,2,1,0,2,0,6,6,0,7,9,4,0,0,0,0,8,6,9,2,2,0,2,9,6,4,5,3,1,0.42857142857142855,0.0,0.21428571428571427,0.14285714285714285,0.07142857142857142,0.0,0.14285714285714285,0.0,0.42857142857142855,0.42857142857142855,0.0,0.5,0.6428571428571429,0.2857142857142857,0.0,0.0,0.0,0.0,0.5714285714285714,0.42857142857142855,0.6428571428571429,0.14285714285714285,0.14285714285714285,0.0,0.14285714285714285,0.6428571428571429,0.42857142857142855,0.7911392405063291,1359
8,Liga ACB,51,2025-2026,31739,Trae Bell-Haynes,1331,Casademont Zaragoza,21,205,160,59,4,51,8,3,11,25,11,96,12,1,98,95,110,22,2,128,20,13,20,131,40,18,3,28,120,61,80,87,37,31,0.28780487804878047,0.01951219512195122,0.24878048780487805,0.03902439024390244,0.014634146341463415,0.05365853658536585,0.12195121951219512,0.05365853658536585,0.4682926829268293,0.05853658536585366,0.004878048780487805,0.47804878048780486,0.4634146341463415,0.5365853658536586,0.1073170731707317,0.00975609756097561,0.624390243902439,0.0975609756097561,0.06341463414634146,0.0975609756097561,0.6390243902439025,0.1951219512195122,0.08780487804878048,0.014634146341463415,0.13658536585365855,0.5853658536585366,0.2975609756097561,1.0747482571649885,1055
8,Liga ACB,51,2025-2026,32266,Elvar Mar Fridriksson,1333,Lenovo Tenerife,2,13,5,5,1,7,0,0,1,3,0,2,2,0,8,6,7,1,0,9,1,1,1,4,2,0,0,0,5,1,4,3,0,0,0.38461538461538464,0.07692307692307693,0.5384615384615384,0.0,0.0,0.07692307692307693,0.23076923076923078,0.0,0.15384615384615385,0.15384615384615385,0.0,0.6153846153846154,0.46153846153846156,0.5384615384615384,0.07692307692307693,0.0,0.6923076923076923,0.07692307692307693,0.07692307692307693,0.07692307692307693,0.3076923076923077,0.15384615384615385,0.0,0.0,0.0,0.38461538461538464,0.07692307692307693,1.3333333333333333,59
8,Liga ACB,51,2025-2026,32336,Kassius Robertson,1328,Dreamland Gran Canaria,17,109,83,26,0,30,3,1,11,9,8,47,9,2,78,53,56,26,5,44,11,17,6,47,17,6,5,16,54,39,34,49,23,19,0.23853211009174313,0.0,0.27522935779816515,0.027522935779816515,0.009174311926605505,0.10091743119266056,0.08256880733944955,0.07339449541284404,0.43119266055045874,0.08256880733944955,0.01834862385321101,0.7155963302752294,0.48623853211009177,0.5137614678899083,0.23853211009174313,0.045871559633027525,0.4036697247706422,0.10091743119266056,0.1559633027522936,0.05504587155963303,0.43119266055045874,0.1559633027522936,0.05504587155963303,0.045871559633027525,0.14678899082568808,0.4954128440366973,0.3577981651376147,0.8964817320703654,672
8,Liga ACB,51,2025-2026,32852,Ruben Lopez,1334,CB UCAM Murcia,4,3,3,0,0,1,1,0,0,0,0,1,1,0,2,2,1,0,0,0,0,3,0,0,0,0,0,0,0,3,0,1,0,0,0.0,0.0,0.3333333333333333,0.3333333333333333,0.0,0.0,0.0,0.0,0.3333333333333333,0.3333333333333333,0.0,0.6666666666666666,0.6666666666666666,0.3333333333333333,0.0,0.0,0.0,0.0,1.0,0.0,0.0,0.0,0.0,0.0,0.0,0.0,1.0,0.0,65
8,Liga ACB,51,2025-2026,34832,Alex Len,1338,Real Madrid,21,3,2,1,0,1,1,0,0,1,0,0,1,0,1,2,1,0,0,1,0,1,1,0,0,0,0,0,1,1,0,0,0,0,0.3333333333333333,0.0,0.3333333333333333,0.3333333333333333,0.0,0.0,0.3333333333333333,0.0,0.0,0.3333333333333333,0.0,0.3333333333333333,0.6666666666666666,0.3333333333333333,0.0,0.0,0.3333333333333333,0.0,0.3333333333333333,0.3333333333333333,0.0,0.0,0.0,0.0,0.0,0.3333333333333333,0.3333333333333333,,552
8,Liga ACB,51,2025-2026,34838,Trey Lyles,1338,Real Madrid,25,86,72,12,2,16,6,1,10,10,4,39,31,2,50,45,41,32,4,12,1,27,10,53,16,8,0,20,44,32,32,39,28,24,0.13953488372093023,0.023255813953488372,0.18604651162790697,0.06976744186046512,0.011627906976744186,0.11627906976744186,0.11627906976744186,0.046511627906976744,0.45348837209302323,0.36046511627906974,0.023255813953488372,0.5813953488372093,0.5232558139534884,0.47674418604651164,0.37209302325581395,0.046511627906976744,0.13953488372093023,0.011627906976744186,0.313953488372093,0.11627906976744186,0.6162790697674418,0.18604651162790697,0.09302325581395349,0.0,0.23255813953488372,0.5116279069767442,0.37209302325581395,1.0911925175370225,989
8,Liga ACB,51,2025-2026,34854,Patty Mills,1333,Lenovo Tenerife,9,37,29,5,1,15,1,0,7,4,1,9,1,0,29,17,20,8,4,14,6,4,1,29,8,5,2,4,21,8,16,13,6,5,0.13513513513513514,0.02702702702702703,0.40540540540540543,0.02702702702702703,0.0,0.1891891891891892,0.10810810810810811,0.02702702702702703,0.24324324324324326,0.02702702702702703,0.0,0.7837837837837838,0.4594594594594595,0.5405405405405406,0.21621621621621623,0.10810810810810811,0.3783783783783784,0.16216216216216217,0.10810810810810811,0.02702702702702703,0.7837837837837838,0.21621621621621623,0.13513513513513514,0.05405405405405406,0.10810810810810811,0.5675675675675675,0.21621621621621623,1.3427109974424551,356
8,Liga ACB,51,2025-2026,34880,Josh Richardson,1331,Casademont Zaragoza,3,16,11,5,1,6,1,1,2,1,0,5,0,0,13,7,9,3,1,7,2,2,1,6,2,1,0,0,8,7,4,8,0,0,0.3125,0.0625,0.375,0.0625,0.0625,0.125,0.0625,0.0,0.3125,0.0,0.0,0.8125,0.4375,0.5625,0.1875,0.0625,0.4375,0.125,0.125,0.0625,0.375,0.125,0.0625,0.0,0.0,0.5,0.4375,0.5,100
8,Liga ACB,51,2025-2026,34896,Usman Garuba Alari,1338,Real Madrid,26,16,15,4,0,4,0,0,0,0,0,12,8,0,7,8,8,2,0,0,0,3,11,15,6,1,1,5,12,3,12,9,8,5,0.25,0.0,0.25,0.0,0.0,0.0,0.0,0.0,0.75,0.5,0.0,0.4375,0.5,0.5,0.125,0.0,0.0,0.0,0.1875,0.6875,0.9375,0.375,0.0625,0.0625,0.3125,0.75,0.1875,1.3578274760383386,676
8,Liga ACB,51,2025-2026,34898,Luka Samanic,1326,Bitci Baskonia,2,11,8,1,0,2,0,0,0,2,1,6,1,0,10,6,5,1,0,0,0,5,5,4,1,1,0,4,7,2,2,3,8,7,0.09090909090909091,0.0,0.18181818181818182,0.0,0.0,0.0,0.18181818181818182,0.09090909090909091,0.5454545454545454,0.09090909090909091,0.0,0.9090909090909091,0.5454545454545454,0.45454545454545453,0.09090909090909091,0.0,0.0,0.0,0.45454545454545453,0.45454545454545453,0.36363636363636365,0.09090909090909091,0.09090909090909091,0.0,0.36363636363636365,0.6363636363636364,0.18181818181818182,1.3803680981595092,99
8,Liga ACB,51,2025-2026,34905,Henri Drell,1336,Club Joventut Badalona,32,41,33,9,1,7,2,1,3,5,1,22,11,3,27,21,20,8,1,2,0,19,11,14,7,0,1,8,20,16,14,19,15,12,0.21951219512195122,0.024390243902439025,0.17073170731707318,0.04878048780487805,0.024390243902439025,0.07317073170731707,0.12195121951219512,0.024390243902439025,0.5365853658536586,0.2682926829268293,0.07317073170731707,0.6585365853658537,0.5121951219512195,0.4878048780487805,0.1951219512195122,0.024390243902439025,0.04878048780487805,0.0,0.4634146341463415,0.2682926829268293,0.34146341463414637,0.17073170731707318,0.0,0.024390243902439025,0.1951219512195122,0.4878048780487805,0.3902439024390244,1.015625,791
8,Liga ACB,51,2025-2026,34909,Kobi Simmons,1326,Bitci Baskonia,24,149,121,27,0,40,4,1,14,13,7,70,3,4,83,74,75,28,2,77,16,10,16,93,41,3,5,26,75,44,82,76,35,26,0.18120805369127516,0.0,0.2684563758389262,0.026845637583892617,0.006711409395973154,0.09395973154362416,0.087248322147651,0.04697986577181208,0.4697986577181208,0.020134228187919462,0.026845637583892617,0.5570469798657718,0.4966442953020134,0.5033557046979866,0.18791946308724833,0.013422818791946308,0.5167785234899329,0.10738255033557047,0.06711409395973154,0.10738255033557047,0.6241610738255033,0.2751677852348993,0.020134228187919462,0.03355704697986577,0.174496644295302,0.5033557046979866,0.2953020134228188,1.1816192560175054,1052
8,Liga ACB,51,2025-2026,34919,Theo Maledon,1338,Real Madrid,28,233,196,42,7,54,12,2,13,37,8,107,10,0,127,126,107,48,4,122,14,10,35,135,41,22,10,51,122,69,82,88,79,64,0.18025751072961374,0.030042918454935622,0.2317596566523605,0.05150214592274678,0.008583690987124463,0.055793991416309016,0.15879828326180256,0.034334763948497854,0.4592274678111588,0.04291845493562232,0.0,0.5450643776824035,0.5407725321888412,0.4592274678111588,0.20600858369098712,0.017167381974248927,0.5236051502145923,0.060085836909871244,0.04291845493562232,0.15021459227467812,0.5793991416309013,0.1759656652360515,0.0944206008583691,0.04291845493562232,0.21888412017167383,0.5236051502145923,0.296137339055794,1.1893124796350603,1094
8,Liga ACB,51,2025-2026,34943,Ricky Rubio,1336,Club Joventut Badalona,29,353,261,76,8,104,11,4,70,60,19,85,30,4,209,196,157,9,11,237,47,19,30,203,52,43,11,55,185,89,104,111,89,74,0.21529745042492918,0.0226628895184136,0.29461756373937675,0.031161473087818695,0.0113314447592068,0.19830028328611898,0.16997167138810199,0.053824362606232294,0.24079320113314448,0.08498583569405099,0.0113314447592068,0.5920679886685553,0.5552407932011332,0.4447592067988669,0.025495750708215296,0.031161473087818695,0.6713881019830028,0.13314447592067988,0.053824362606232294,0.08498583569405099,0.5750708215297451,0.14730878186968838,0.12181303116147309,0.031161473087818695,0.1558073654390935,0.5240793201133145,0.2521246458923513,1.1854022376132125,1248
8,Liga ACB,51,2025-2026,34945,Raul Neto,1316,San Pablo Burgos,30,220,178,60,6,50,7,4,30,26,9,94,20,6,130,125,95,21,1,127,19,26,26,118,43,13,9,26,114,75,86,106,39,29,0.2727272727272727,0.02727272727272727,0.22727272727272727,0.031818181818181815,0.01818181818181818,0.13636363636363635,0.11818181818181818,0.04090909090909091,0.42727272727272725,0.09090909090909091,0.02727272727272727,0.5909090909090909,0.5681818181818182,0.4318181818181818,0.09545454545454546,0.004545454545454545,0.5772727272727273,0.08636363636363636,0.11818181818181818,0.11818181818181818,0.5363636363636364,0.19545454545454546,0.05909090909090909,0.04090909090909091,0.11818181818181818,0.5181818181818182,0.3409090909090909,0.9337447223124391,1227
8,Liga ACB,51,2025-2026,34962,Willy Hernangomez,1340,BC Barcelona,33,7,5,2,0,1,3,0,0,0,0,3,6,0,1,7,0,2,0,1,0,2,2,0,0,0,0,0,2,5,0,3,0,0,0.2857142857142857,0.0,0.14285714285714285,0.42857142857142855,0.0,0.0,0.0,0.0,0.42857142857142855,0.8571428571428571,0.0,0.14285714285714285,1.0,0.0,0.2857142857142857,0.0,0.14285714285714285,0.0,0.2857142857142857,0.2857142857142857,0.0,0.0,0.0,0.0,0.0,0.2857142857142857,0.7142857142857143,0.0,996
8,Liga ACB,51,2025-2026,34982,Facundo Campazzo,1338,Real Madrid,28,213,160,46,6,73,10,5,15,33,17,60,10,1,129,131,82,14,1,157,14,5,22,147,35,31,5,28,116,56,70,67,33,30,0.215962441314554,0.028169014084507043,0.3427230046948357,0.046948356807511735,0.023474178403755867,0.07042253521126761,0.15492957746478872,0.07981220657276995,0.28169014084507044,0.046948356807511735,0.004694835680751174,0.6056338028169014,0.6150234741784038,0.38497652582159625,0.06572769953051644,0.004694835680751174,0.7370892018779343,0.06572769953051644,0.023474178403755867,0.10328638497652583,0.6901408450704225,0.1643192488262911,0.14553990610328638,0.023474178403755867,0.13145539906103287,0.5446009389671361,0.26291079812206575,1.2266928361138372,1207
8,Liga ACB,51,2025-2026,34992,Timothe Luwawu-Cabarrot,1326,Bitci Baskonia,30,188,163,34,0,33,14,2,33,14,8,84,16,2,132,114,74,51,14,53,21,24,25,129,51,10,4,32,108,68,102,100,51,47,0.18085106382978725,0.0,0.17553191489361702,0.07446808510638298,0.010638297872340425,0.17553191489361702,0.07446808510638298,0.0425531914893617,0.44680851063829785,0.0851063829787234,0.010638297872340425,0.7021276595744681,0.6063829787234043,0.39361702127659576,0.2712765957446808,0.07446808510638298,0.28191489361702127,0.11170212765957446,0.1276595744680851,0.13297872340425532,0.6861702127659575,0.2712765957446808,0.05319148936170213,0.02127659574468085,0.1702127659574468,0.574468085106383,0.3617021276595745,1.216922574322117,1413
8,Liga ACB,51,2025-2026,35009,Tomas Satoransky,1340,BC Barcelona,23,140,101,32,3,67,5,2,16,24,7,19,13,2,89,80,60,18,2,87,1,19,13,98,16,27,6,9,71,26,32,31,11,10,0.22857142857142856,0.02142857142857143,0.4785714285714286,0.03571428571428571,0.014285714285714285,0.11428571428571428,0.17142857142857143,0.05,0.1357142857142857,0.09285714285714286,0.014285714285714285,0.6357142857142857,0.5714285714285714,0.42857142857142855,0.12857142857142856,0.014285714285714285,0.6214285714285714,0.007142857142857143,0.1357142857142857,0.09285714285714286,0.7,0.11428571428571428,0.19285714285714287,0.04285714285714286,0.06428571428571428,0.5071428571428571,0.18571428571428572,1.1718749999999998,948
8,Liga ACB,51,2025-2026,35028,Matt Thomas,1319,Coviran Granada,14,31,24,6,1,10,3,0,10,1,1,6,6,2,20,21,10,2,5,6,3,10,5,8,3,1,0,2,11,16,6,14,4,4,0.1935483870967742,0.03225806451612903,0.3225806451612903,0.0967741935483871,0.0,0.3225806451612903,0.03225806451612903,0.03225806451612903,0.1935483870967742,0.1935483870967742,0.06451612903225806,0.6451612903225806,0.6774193548387096,0.3225806451612903,0.06451612903225806,0.16129032258064516,0.1935483870967742,0.0967741935483871,0.3225806451612903,0.16129032258064516,0.25806451612903225,0.0967741935483871,0.03225806451612903,0.0,0.06451612903225806,0.3548387096774194,0.5161290322580645,0.6345177664974619,749
8,Liga ACB,51,2025-2026,35056,Jabari Parker,1336,Club Joventut Badalona,12,26,22,3,0,5,1,0,5,3,1,11,14,3,7,18,8,7,2,1,1,9,6,16,4,2,1,4,12,11,8,14,5,3,0.11538461538461539,0.0,0.19230769230769232,0.038461538461538464,0.0,0.19230769230769232,0.11538461538461539,0.038461538461538464,0.4230769230769231,0.5384615384615384,0.11538461538461539,0.2692307692307692,0.6923076923076923,0.3076923076923077,0.2692307692307692,0.07692307692307693,0.038461538461538464,0.038461538461538464,0.34615384615384615,0.23076923076923078,0.6153846153846154,0.15384615384615385,0.07692307692307693,0.038461538461538464,0.15384615384615385,0.46153846153846156,0.4230769230769231,0.6790123456790124,538
8,Liga ACB,51,2025-2026,35062,Gabriel Deck,1338,Real Madrid,17,34,25,6,0,5,4,0,5,6,2,12,15,1,17,17,17,12,2,0,0,13,7,17,6,2,1,7,16,13,12,14,11,6,0.17647058823529413,0.0,0.14705882352941177,0.11764705882352941,0.0,0.14705882352941177,0.17647058823529413,0.058823529411764705,0.35294117647058826,0.4411764705882353,0.029411764705882353,0.5,0.5,0.5,0.35294117647058826,0.058823529411764705,0.0,0.0,0.38235294117647056,0.20588235294117646,0.5,0.17647058823529413,0.058823529411764705,0.029411764705882353,0.20588235294117646,0.47058823529411764,0.38235294117647056,0.9554140127388535,698
8,Liga ACB,51,2025-2026,35096,Rodions Kurucs,1326,Bitci Baskonia,24,62,53,4,0,10,5,0,4,9,3,31,13,1,44,26,36,15,1,0,3,29,14,40,13,6,1,14,31,19,26,27,22,13,0.06451612903225806,0.0,0.16129032258064516,0.08064516129032258,0.0,0.06451612903225806,0.14516129032258066,0.04838709677419355,0.5,0.20967741935483872,0.016129032258064516,0.7096774193548387,0.41935483870967744,0.5806451612903226,0.24193548387096775,0.016129032258064516,0.0,0.04838709677419355,0.46774193548387094,0.22580645161290322,0.6451612903225806,0.20967741935483872,0.0967741935483871,0.016129032258064516,0.22580645161290322,0.5,0.3064516129032258,1.0632497273718649,991
8,Liga ACB,51,2025-2026,35125,Mario Hezonja,1338,Real Madrid,28,142,122,35,2,23,4,1,18,19,4,73,27,2,84,75,67,31,8,64,6,17,16,89,31,14,3,30,80,53,62,73,44,39,0.24647887323943662,0.014084507042253521,0.1619718309859155,0.028169014084507043,0.007042253521126761,0.1267605633802817,0.13380281690140844,0.028169014084507043,0.5140845070422535,0.19014084507042253,0.014084507042253521,0.5915492957746479,0.528169014084507,0.47183098591549294,0.21830985915492956,0.056338028169014086,0.4507042253521127,0.04225352112676056,0.11971830985915492,0.11267605633802817,0.6267605633802817,0.21830985915492956,0.09859154929577464,0.02112676056338028,0.2112676056338028,0.5633802816901409,0.3732394366197183,1.0935469900389778,1265
8,Liga ACB,51,2025-2026,35164,William Howard,1319,Coviran Granada,19,39,29,9,1,11,0,1,3,5,2,17,7,2,25,28,11,5,1,11,3,12,7,15,6,2,2,2,16,18,12,19,4,3,0.23076923076923078,0.02564102564102564,0.28205128205128205,0.0,0.02564102564102564,0.07692307692307693,0.1282051282051282,0.05128205128205128,0.4358974358974359,0.1794871794871795,0.05128205128205128,0.6410256410256411,0.717948717948718,0.28205128205128205,0.1282051282051282,0.02564102564102564,0.28205128205128205,0.07692307692307693,0.3076923076923077,0.1794871794871795,0.38461538461538464,0.15384615384615385,0.05128205128205128,0.05128205128205128,0.05128205128205128,0.41025641025641024,0.46153846153846156,0.722543352601156,640
8,Liga ACB,51,2025-2026,35222,Devin Robinson,1331,Casademont Zaragoza,31,113,101,12,0,21,2,2,27,5,0,56,35,5,68,57,56,32,5,3,2,42,29,93,41,5,1,18,62,38,82,72,29,19,0.10619469026548672,0.0,0.18584070796460178,0.017699115044247787,0.017699115044247787,0.23893805309734514,0.04424778761061947,0.0,0.49557522123893805,0.30973451327433627,0.04424778761061947,0.6017699115044248,0.504424778761062,0.49557522123893805,0.2831858407079646,0.04424778761061947,0.02654867256637168,0.017699115044247787,0.37168141592920356,0.25663716814159293,0.8230088495575221,0.36283185840707965,0.04424778761061947,0.008849557522123894,0.1592920353982301,0.5486725663716814,0.336283185840708,1.191599811231713,1608
8,Liga ACB,51,2025-2026,35281,Ikenna Iroegbu,1325,Valencia BC,1,2,2,0,0,0,0,0,1,0,0,1,1,0,1,1,1,0,0,0,0,2,0,2,1,0,0,0,1,1,2,2,0,0,0.0,0.0,0.0,0.0,0.0,0.5,0.0,0.0,0.5,0.5,0.0,0.5,0.5,0.5,0.0,0.0,0.0,0.0,1.0,0.0,1.0,0.5,0.0,0.0,0.0,0.5,0.5,1.0,8
8,Liga ACB,51,2025-2026,35326,James Webb,1339,Malaga,30,41,32,9,0,13,2,2,3,3,1,17,14,1,25,24,17,3,6,1,1,22,8,28,7,5,0,6,23,14,14,15,12,9,0.21951219512195122,0.0,0.3170731707317073,0.04878048780487805,0.04878048780487805,0.07317073170731707,0.07317073170731707,0.024390243902439025,0.4146341463414634,0.34146341463414637,0.024390243902439025,0.6097560975609756,0.5853658536585366,0.4146341463414634,0.07317073170731707,0.14634146341463414,0.024390243902439025,0.024390243902439025,0.5365853658536586,0.1951219512195122,0.6829268292682927,0.17073170731707318,0.12195121951219512,0.0,0.14634146341463414,0.5609756097560976,0.34146341463414637,1.1341222879684418,1161
8,Liga ACB,51,2025-2026,35376,Darrun Hilliard,1335,Bilbao Basket,31,170,140,48,3,47,7,2,19,18,5,72,24,1,117,59,111,34,8,74,19,22,13,76,25,12,7,24,91,63,50,73,37,28,0.2823529411764706,0.01764705882352941,0.27647058823529413,0.041176470588235294,0.011764705882352941,0.11176470588235295,0.10588235294117647,0.029411764705882353,0.4235294117647059,0.1411764705882353,0.0058823529411764705,0.6882352941176471,0.34705882352941175,0.6529411764705882,0.2,0.047058823529411764,0.43529411764705883,0.11176470588235295,0.12941176470588237,0.07647058823529412,0.4470588235294118,0.14705882352941177,0.07058823529411765,0.041176470588235294,0.1411764705882353,0.5352941176470588,0.37058823529411766,0.8736559139784946,1361
8,Liga ACB,51,2025-2026,35386,Matthew Costello,1325,Valencia BC,28,18,11,0,0,5,0,1,1,3,1,7,4,2,12,10,8,3,0,0,1,9,5,13,4,2,0,4,8,4,8,7,4,2,0.0,0.0,0.2777777777777778,0.0,0.05555555555555555,0.05555555555555555,0.16666666666666666,0.05555555555555555,0.3888888888888889,0.2222222222222222,0.1111111111111111,0.6666666666666666,0.5555555555555556,0.4444444444444444,0.16666666666666666,0.0,0.0,0.05555555555555555,0.5,0.2777777777777778,0.7222222222222222,0.2222222222222222,0.1111111111111111,0.0,0.2222222222222222,0.4444444444444444,0.2222222222222222,1.1415525114155252,959
8,Liga ACB,51,2025-2026,35402,Nico Brussino,1328,Dreamland Gran Canaria,32,135,103,39,3,31,9,2,12,15,14,52,24,4,93,66,69,17,9,56,13,35,5,71,22,10,4,36,81,38,44,47,42,36,0.28888888888888886,0.022222222222222223,0.22962962962962963,0.06666666666666667,0.014814814814814815,0.08888888888888889,0.1111111111111111,0.1037037037037037,0.3851851851851852,0.17777777777777778,0.02962962962962963,0.6888888888888889,0.4888888888888889,0.5111111111111111,0.1259259259259259,0.06666666666666667,0.4148148148148148,0.0962962962962963,0.25925925925925924,0.037037037037037035,0.5259259259259259,0.16296296296296298,0.07407407407407407,0.02962962962962963,0.26666666666666666,0.6,0.2814814814814815,1.2217470983506413,1598
8,Liga ACB,51,2025-2026,35475,Isaac Nogues,1325,Valencia BC,17,20,12,1,1,5,3,0,0,6,1,5,4,3,13,9,11,0,0,3,0,12,5,4,1,1,1,1,4,7,2,5,0,0,0.05,0.05,0.25,0.15,0.0,0.0,0.3,0.05,0.25,0.2,0.15,0.65,0.45,0.55,0.0,0.0,0.15,0.0,0.6,0.25,0.2,0.05,0.05,0.05,0.05,0.2,0.35,0.4,269
8,Liga ACB,51,2025-2026,35554,Jassel Perez,1319,Coviran Granada,20,87,76,20,0,24,1,0,7,6,4,45,13,3,47,40,47,23,2,41,3,11,7,71,24,9,1,18,54,24,48,42,31,23,0.22988505747126436,0.0,0.27586206896551724,0.011494252873563218,0.0,0.08045977011494253,0.06896551724137931,0.04597701149425287,0.5172413793103449,0.14942528735632185,0.034482758620689655,0.5402298850574713,0.45977011494252873,0.5402298850574713,0.26436781609195403,0.022988505747126436,0.47126436781609193,0.034482758620689655,0.12643678160919541,0.08045977011494253,0.8160919540229885,0.27586206896551724,0.10344827586206896,0.011494252873563218,0.20689655172413793,0.6206896551724138,0.27586206896551724,1.2760603882099208,849
8,Liga ACB,51,2025-2026,35581,Aaron Best,1332,BC MoraBanc Andorra,30,116,98,26,1,23,6,0,28,7,1,51,12,2,79,79,37,18,3,64,5,14,12,57,24,3,1,18,59,50,48,66,32,28,0.22413793103448276,0.008620689655172414,0.19827586206896552,0.05172413793103448,0.0,0.2413793103448276,0.0603448275862069,0.008620689655172414,0.4396551724137931,0.10344827586206896,0.017241379310344827,0.6810344827586207,0.6810344827586207,0.31896551724137934,0.15517241379310345,0.02586206896551724,0.5517241379310345,0.04310344827586207,0.1206896551724138,0.10344827586206896,0.49137931034482757,0.20689655172413793,0.02586206896551724,0.008620689655172414,0.15517241379310345,0.5086206896551724,0.43103448275862066,0.9490509490509491,1193
8,Liga ACB,51,2025-2026,35726,David Kramer,1338,Real Madrid,27,27,23,13,0,5,0,0,5,0,1,16,12,2,12,8,19,2,5,4,0,11,5,20,10,0,0,5,21,8,20,18,9,6,0.48148148148148145,0.0,0.18518518518518517,0.0,0.0,0.18518518518518517,0.0,0.037037037037037035,0.5925925925925926,0.4444444444444444,0.07407407407407407,0.4444444444444444,0.2962962962962963,0.7037037037037037,0.07407407407407407,0.18518518518518517,0.14814814814814814,0.0,0.4074074074074074,0.18518518518518517,0.7407407407407407,0.37037037037037035,0.0,0.0,0.18518518518518517,0.7777777777777778,0.2962962962962963,1.1839708561020037,691
8,Liga ACB,51,2025-2026,35787,Wes VanBeck,1333,Lenovo Tenerife,23,47,35,6,0,9,2,2,9,3,3,19,6,0,33,30,17,10,4,20,1,7,5,23,9,2,0,12,24,14,18,18,19,15,0.1276595744680851,0.0,0.19148936170212766,0.0425531914893617,0.0425531914893617,0.19148936170212766,0.06382978723404255,0.06382978723404255,0.40425531914893614,0.1276595744680851,0.0,0.7021276595744681,0.6382978723404256,0.3617021276595745,0.2127659574468085,0.0851063829787234,0.425531914893617,0.02127659574468085,0.14893617021276595,0.10638297872340426,0.48936170212765956,0.19148936170212766,0.0425531914893617,0.0,0.2553191489361702,0.5106382978723404,0.2978723404255319,1.251896813353566,600
8,Liga ACB,51,2025-2026,35806,Retin Obasohan,1330,BAXI Manresa,29,242,199,29,0,56,13,4,22,14,13,120,20,6,178,118,124,44,5,126,5,22,40,134,50,12,3,57,129,79,100,103,88,68,0.11983471074380166,0.0,0.23140495867768596,0.05371900826446281,0.01652892561983471,0.09090909090909091,0.05785123966942149,0.05371900826446281,0.49586776859504134,0.08264462809917356,0.024793388429752067,0.7355371900826446,0.48760330578512395,0.512396694214876,0.18181818181818182,0.02066115702479339,0.5206611570247934,0.02066115702479339,0.09090909090909091,0.1652892561983471,0.5537190082644629,0.2066115702479339,0.049586776859504134,0.012396694214876033,0.23553719008264462,0.5330578512396694,0.32644628099173556,1.1854360711261642,1255
8,Liga ACB,51,2025-2026,35821,Luke Petrasek,1335,Bilbao Basket,33,34,30,6,1,4,2,1,4,2,1,20,7,4,21,20,14,1,3,2,0,24,4,22,8,2,0,3,14,18,16,23,7,6,0.17647058823529413,0.029411764705882353,0.11764705882352941,0.058823529411764705,0.029411764705882353,0.11764705882352941,0.058823529411764705,0.029411764705882353,0.5882352941176471,0.20588235294117646,0.11764705882352941,0.6176470588235294,0.5882352941176471,0.4117647058823529,0.029411764705882353,0.08823529411764706,0.058823529411764705,0.0,0.7058823529411765,0.11764705882352941,0.6470588235294118,0.23529411764705882,0.058823529411764705,0.0,0.08823529411764706,0.4117647058823529,0.5294117647058824,0.843558282208589,1299
8,Liga ACB,51,2025-2026,35852,DJ Stephens,1331,Casademont Zaragoza,19,7,6,0,0,1,1,0,2,0,1,2,4,0,3,4,3,0,0,1,2,4,0,4,2,0,0,2,4,2,4,3,2,2,0.0,0.0,0.14285714285714285,0.14285714285714285,0.0,0.2857142857142857,0.0,0.14285714285714285,0.2857142857142857,0.5714285714285714,0.0,0.42857142857142855,0.5714285714285714,0.42857142857142855,0.0,0.0,0.14285714285714285,0.2857142857142857,0.5714285714285714,0.0,0.5714285714285714,0.2857142857142857,0.0,0.0,0.2857142857142857,0.5714285714285714,0.2857142857142857,1.5463917525773196,574
8,Liga ACB,51,2025-2026,36019,Walter Tavares,1338,Real Madrid,21,1,1,0,0,0,0,0,0,0,0,1,1,0,0,1,0,0,0,0,0,0,1,2,1,0,0,0,1,0,2,1,0,0,0.0,0.0,0.0,0.0,0.0,0.0,0.0,0.0,1.0,1.0,0.0,0.0,1.0,0.0,0.0,0.0,0.0,0.0,0.0,1.0,2.0,1.0,0.0,0.0,0.0,1.0,0.0,2.0,861
8,Liga ACB,51,2025-2026,58359,Justin Cobbs,1339,Malaga,12,26,20,2,0,8,0,0,7,2,1,8,2,1,13,11,15,2,0,19,2,3,0,22,9,2,0,3,14,5,18,13,5,4,0.07692307692307693,0.0,0.3076923076923077,0.0,0.0,0.2692307692307692,0.07692307692307693,0.038461538461538464,0.3076923076923077,0.07692307692307693,0.038461538461538464,0.5,0.4230769230769231,0.5769230769230769,0.07692307692307693,0.0,0.7307692307692307,0.07692307692307693,0.11538461538461539,0.0,0.8461538461538461,0.34615384615384615,0.07692307692307693,0.0,0.11538461538461539,0.5384615384615384,0.19230769230769232,1.4473684210526316,293
8,Liga ACB,51,2025-2026,58361,Gabriel Olaseni,1331,Casademont Zaragoza,3,3,3,0,0,0,0,0,0,0,0,3,3,0,0,0,3,0,0,0,0,0,3,4,2,0,0,1,3,0,4,2,3,2,0.0,0.0,0.0,0.0,0.0,0.0,0.0,0.0,1.0,1.0,0.0,0.0,0.0,1.0,0.0,0.0,0.0,0.0,0.0,1.0,1.3333333333333333,0.6666666666666666,0.0,0.0,0.3333333333333333,1.0,0.0,1.8072289156626506,129
8,Liga ACB,51,2025-2026,58436,Derek Ryan Needham,1315,Basquet Girona,20,67,49,14,0,25,0,0,14,4,4,20,7,0,41,26,41,8,2,33,3,9,12,36,10,7,1,5,30,24,20,32,4,4,0.208955223880597,0.0,0.373134328358209,0.0,0.0,0.208955223880597,0.05970149253731343,0.05970149253731343,0.29850746268656714,0.1044776119402985,0.0,0.6119402985074627,0.3880597014925373,0.6119402985074627,0.11940298507462686,0.029850746268656716,0.4925373134328358,0.04477611940298507,0.13432835820895522,0.1791044776119403,0.5373134328358209,0.14925373134328357,0.1044776119402985,0.014925373134328358,0.07462686567164178,0.44776119402985076,0.3582089552238806,0.7109004739336493,804
8,Liga ACB,51,2025-2026,58474,DeWayne Russell,1322,Leche Rio Breogan,31,291,232,62,10,82,5,4,66,21,11,102,24,0,167,126,165,34,2,200,9,10,36,182,65,20,10,32,143,104,130,143,32,25,0.21305841924398625,0.03436426116838488,0.281786941580756,0.01718213058419244,0.013745704467353952,0.2268041237113402,0.07216494845360824,0.037800687285223365,0.35051546391752575,0.08247422680412371,0.0,0.5738831615120275,0.4329896907216495,0.5670103092783505,0.11683848797250859,0.006872852233676976,0.6872852233676976,0.030927835051546393,0.03436426116838488,0.12371134020618557,0.6254295532646048,0.22336769759450173,0.06872852233676977,0.03436426116838488,0.10996563573883161,0.49140893470790376,0.35738831615120276,0.9867583396995161,1244
8,Liga ACB,51,2025-2026,58524,Will Clyburn,1340,BC Barcelona,20,95,76,13,1,25,5,1,6,12,7,39,13,6,54,57,38,26,2,28,5,24,10,49,16,7,1,18,46,30,32,36,23,16,0.1368421052631579,0.010526315789473684,0.2631578947368421,0.05263157894736842,0.010526315789473684,0.06315789473684211,0.12631578947368421,0.07368421052631578,0.4105263157894737,0.1368421052631579,0.06315789473684211,0.5684210526315789,0.6,0.4,0.2736842105263158,0.021052631578947368,0.29473684210526313,0.05263157894736842,0.25263157894736843,0.10526315789473684,0.5157894736842106,0.16842105263157894,0.07368421052631578,0.010526315789473684,0.18947368421052632,0.4842105263157895,0.3157894736842105,1.0407632263660018,869
8,Liga ACB,51,2025-2026,58528,Torrian Corey Walden,1323,ICG Forca Lleida,31,64,42,20,0,25,3,1,4,3,0,28,5,3,36,27,37,2,0,43,3,8,8,34,11,4,0,8,33,18,22,23,10,9,0.3125,0.0,0.390625,0.046875,0.015625,0.0625,0.046875,0.0,0.4375,0.078125,0.046875,0.5625,0.421875,0.578125,0.03125,0.0,0.671875,0.046875,0.125,0.125,0.53125,0.171875,0.0625,0.0,0.125,0.515625,0.28125,1.1313868613138687,1027
8,Liga ACB,51,2025-2026,58537,Kristers Zoriks,1323,ICG Forca Lleida,14,50,38,15,1,12,5,0,8,7,0,18,6,1,34,27,23,6,1,30,4,4,5,20,8,2,1,7,25,18,16,21,12,7,0.3,0.02,0.24,0.1,0.0,0.16,0.14,0.0,0.36,0.12,0.02,0.68,0.54,0.46,0.12,0.02,0.6,0.08,0.08,0.1,0.4,0.16,0.04,0.02,0.14,0.5,0.36,0.8751902587519026,354
8,Liga ACB,51,2025-2026,58577,Amar Alibegovic,1319,Coviran Granada,20,59,45,9,1,15,3,2,7,4,0,28,17,4,34,21,37,9,3,1,0,31,15,32,14,2,1,3,24,24,28,33,6,5,0.15254237288135594,0.01694915254237288,0.2542372881355932,0.05084745762711865,0.03389830508474576,0.11864406779661017,0.06779661016949153,0.0,0.4745762711864407,0.288135593220339,0.06779661016949153,0.576271186440678,0.3559322033898305,0.6271186440677966,0.15254237288135594,0.05084745762711865,0.01694915254237288,0.0,0.5254237288135594,0.2542372881355932,0.5423728813559322,0.23728813559322035,0.03389830508474576,0.01694915254237288,0.05084745762711865,0.4067796610169492,0.4067796610169492,0.9259259259259259,970
8,Liga ACB,51,2025-2026,58625,Derek Needham,1315,Basquet Girona,14,54,35,16,2,17,1,0,8,6,4,18,4,0,36,31,23,9,3,27,5,1,9,25,10,2,0,6,30,15,20,21,4,4,0.2962962962962963,0.037037037037037035,0.3148148148148148,0.018518518518518517,0.0,0.14814814814814814,0.1111111111111111,0.07407407407407407,0.3333333333333333,0.07407407407407407,0.0,0.6666666666666666,0.5740740740740741,0.42592592592592593,0.16666666666666666,0.05555555555555555,0.5,0.09259259259259259,0.018518518518518517,0.16666666666666666,0.46296296296296297,0.18518518518518517,0.037037037037037035,0.0,0.1111111111111111,0.5555555555555556,0.2777777777777778,1.054481546572935,579
8,Liga ACB,51,2025-2026,58696,Jan Vesely,1340,BC Barcelona,24,8,7,2,0,2,1,0,1,1,0,3,5,0,3,5,3,2,0,0,0,3,3,7,2,1,0,1,5,3,4,3,2,2,0.25,0.0,0.25,0.125,0.0,0.125,0.125,0.0,0.375,0.625,0.0,0.375,0.625,0.375,0.25,0.0,0.0,0.0,0.375,0.375,0.875,0.25,0.125,0.0,0.125,0.625,0.375,1.5463917525773196,710
8,Liga ACB,51,2025-2026,58700,David Kravish,1339,Malaga,10,2,2,2,0,1,1,0,0,0,0,0,1,0,1,1,1,0,0,1,0,0,1,0,0,0,0,0,2,2,0,0,0,0,1.0,0.0,0.5,0.5,0.0,0.0,0.0,0.0,0.0,0.5,0.0,0.5,0.5,0.5,0.0,0.0,0.5,0.0,0.0,0.5,0.0,0.0,0.0,0.0,0.0,1.0,1.0,,308
8,Liga ACB,51,2025-2026,58771,Mihajlo Andric,1322,Leche Rio Breogan,30,72,53,15,1,21,4,1,11,9,5,21,22,8,42,30,42,4,3,1,0,50,14,56,15,10,3,12,45,18,30,26,17,17,0.20833333333333334,0.013888888888888888,0.2916666666666667,0.05555555555555555,0.013888888888888888,0.1527777777777778,0.125,0.06944444444444445,0.2916666666666667,0.3055555555555556,0.1111111111111111,0.5833333333333334,0.4166666666666667,0.5833333333333334,0.05555555555555555,0.041666666666666664,0.013888888888888888,0.0,0.6944444444444444,0.19444444444444445,0.7777777777777778,0.20833333333333334,0.1388888888888889,0.041666666666666664,0.16666666666666666,0.625,0.25,1.4038231780167265,1306
8,Liga ACB,51,2025-2026,58880,Tyler Kalinosky,1339,Malaga,30,50,37,16,0,15,1,1,9,10,2,12,13,1,31,30,20,8,11,5,6,14,6,31,7,8,0,2,28,17,14,21,2,2,0.32,0.0,0.3,0.02,0.02,0.18,0.2,0.04,0.24,0.26,0.02,0.62,0.6,0.4,0.16,0.22,0.1,0.12,0.28,0.12,0.62,0.14,0.16,0.0,0.04,0.56,0.34,0.7312614259597806,1101
8,Liga ACB,51,2025-2026,59036,Howard Sant-Roos,1334,CB UCAM Murcia,31,109,84,12,1,22,2,0,7,22,6,50,20,7,65,28,81,19,0,44,2,31,13,72,25,11,1,25,58,27,50,44,37,27,0.11009174311926606,0.009174311926605505,0.2018348623853211,0.01834862385321101,0.0,0.06422018348623854,0.2018348623853211,0.05504587155963303,0.45871559633027525,0.1834862385321101,0.06422018348623854,0.5963302752293578,0.25688073394495414,0.7431192660550459,0.1743119266055046,0.0,0.4036697247706422,0.01834862385321101,0.28440366972477066,0.11926605504587157,0.6605504587155964,0.22935779816513763,0.10091743119266056,0.009174311926605505,0.22935779816513763,0.5321100917431193,0.24770642201834864,1.2773722627737225,1226
8,Liga ACB,51,2025-2026,59090,Emanuel Ion Cate,1334,CB UCAM Murcia,31,9,5,4,0,2,0,0,0,2,1,4,6,0,3,4,5,2,0,0,0,1,6,4,2,0,0,3,6,1,4,3,3,2,0.4444444444444444,0.0,0.2222222222222222,0.0,0.0,0.0,0.2222222222222222,0.1111111111111111,0.4444444444444444,0.6666666666666666,0.0,0.3333333333333333,0.4444444444444444,0.5555555555555556,0.2222222222222222,0.0,0.0,0.0,0.1111111111111111,0.6666666666666666,0.4444444444444444,0.2222222222222222,0.0,0.0,0.3333333333333333,0.6666666666666666,0.1111111111111111,1.3888888888888888,1122
8,Liga ACB,51,2025-2026,59091,Sander Raieste,1334,CB UCAM Murcia,26,35,32,10,0,6,1,0,1,7,0,20,10,7,18,26,9,2,4,1,0,25,3,18,6,4,2,3,20,16,12,18,6,5,0.2857142857142857,0.0,0.17142857142857143,0.02857142857142857,0.0,0.02857142857142857,0.2,0.0,0.5714285714285714,0.2857142857142857,0.2,0.5142857142857142,0.7428571428571429,0.2571428571428571,0.05714285714285714,0.11428571428571428,0.02857142857142857,0.0,0.7142857142857143,0.08571428571428572,0.5142857142857142,0.17142857142857143,0.11428571428571428,0.05714285714285714,0.08571428571428572,0.5714285714285714,0.45714285714285713,0.8236434108527132,999
8,Liga ACB,51,2025-2026,59092,Toni Nakic,1334,CB UCAM Murcia,30,29,24,3,0,6,2,0,4,5,1,11,2,9,18,23,6,2,0,3,0,23,1,13,3,3,1,4,12,12,6,11,8,7,0.10344827586206896,0.0,0.20689655172413793,0.06896551724137931,0.0,0.13793103448275862,0.1724137931034483,0.034482758620689655,0.3793103448275862,0.06896551724137931,0.3103448275862069,0.6206896551724138,0.7931034482758621,0.20689655172413793,0.06896551724137931,0.0,0.10344827586206896,0.0,0.7931034482758621,0.034482758620689655,0.4482758620689655,0.10344827586206896,0.10344827586206896,0.034482758620689655,0.13793103448275862,0.41379310344827586,0.41379310344827586,0.8953168044077136,1148
8,Liga ACB,51,2025-2026,59093,Wilhelm Falk,1334,CB UCAM Murcia,29,2,2,1,0,1,0,0,0,0,0,1,2,0,0,1,1,0,0,0,0,0,2,2,1,0,0,0,1,1,2,1,0,0,0.5,0.0,0.5,0.0,0.0,0.0,0.0,0.0,0.5,1.0,0.0,0.0,0.5,0.5,0.0,0.0,0.0,0.0,0.0,1.0,1.0,0.5,0.0,0.0,0.0,0.5,0.5,2.0,653
8,Liga ACB,51,2025-2026,59095,Dylan Ennis,1334,CB UCAM Murcia,24,159,120,32,4,48,4,0,14,16,5,72,20,4,92,92,67,36,7,59,13,28,16,72,25,8,8,16,65,62,50,79,18,15,0.20125786163522014,0.025157232704402517,0.3018867924528302,0.025157232704402517,0.0,0.0880503144654088,0.10062893081761007,0.031446540880503145,0.4528301886792453,0.12578616352201258,0.025157232704402517,0.5786163522012578,0.5786163522012578,0.42138364779874216,0.22641509433962265,0.0440251572327044,0.3710691823899371,0.08176100628930817,0.1761006289308176,0.10062893081761007,0.4528301886792453,0.15723270440251572,0.050314465408805034,0.050314465408805034,0.10062893081761007,0.4088050314465409,0.389937106918239,0.747814081914404,1144
8,Liga ACB,51,2025-2026,59096,Ante Tomic,1336,Club Joventut Badalona,23,2,1,0,0,0,0,0,0,0,1,1,1,0,1,1,1,0,0,1,0,0,1,0,0,0,0,1,1,1,0,1,0,0,0.0,0.0,0.0,0.0,0.0,0.0,0.0,0.5,0.5,0.5,0.0,0.5,0.5,0.5,0.0,0.0,0.5,0.0,0.0,0.5,0.0,0.0,0.0,0.0,0.5,0.5,0.5,0.0,888
8,Liga ACB,51,2025-2026,59097,Adam Hanga,1336,Club Joventut Badalona,31,84,66,22,2,28,2,1,11,11,2,29,14,3,44,42,42,4,1,40,9,21,9,59,21,7,0,5,43,22,42,38,6,3,0.2619047619047619,0.023809523809523808,0.3333333333333333,0.023809523809523808,0.011904761904761904,0.13095238095238096,0.13095238095238096,0.023809523809523808,0.34523809523809523,0.16666666666666666,0.03571428571428571,0.5238095238095238,0.5,0.5,0.047619047619047616,0.011904761904761904,0.47619047619047616,0.10714285714285714,0.25,0.10714285714285714,0.7023809523809523,0.25,0.08333333333333333,0.0,0.05952380952380952,0.5119047619047619,0.2619047619047619,1.1072834645669292,1260
8,Liga ACB,51,2025-2026,59098,Guillem Vives,1336,Club Joventut Badalona,27,25,20,8,0,11,0,0,3,4,1,6,0,1,15,15,10,1,0,17,4,2,1,18,5,5,2,1,13,6,10,9,0,0,0.32,0.0,0.44,0.0,0.0,0.12,0.16,0.04,0.24,0.0,0.04,0.6,0.6,0.4,0.04,0.0,0.68,0.16,0.08,0.04,0.72,0.2,0.2,0.08,0.04,0.52,0.24,1.1111111111111112,681
8,Liga ACB,51,2025-2026,59099,Ludvig Hakanson,1336,Club Joventut Badalona,31,100,76,30,1,27,2,1,18,24,2,26,8,0,65,46,54,7,2,56,4,21,10,57,17,10,0,6,50,29,34,41,10,9,0.3,0.01,0.27,0.02,0.01,0.18,0.24,0.02,0.26,0.08,0.0,0.65,0.46,0.54,0.07,0.02,0.56,0.04,0.21,0.1,0.57,0.17,0.1,0.0,0.06,0.5,0.29,0.947136563876652,1125
8,Liga ACB,51,2025-2026,59100,Yannick Kraag,1336,Club Joventut Badalona,32,22,18,2,0,4,0,1,4,3,0,10,4,4,13,11,11,1,1,2,0,11,7,14,6,1,0,2,11,9,12,14,2,2,0.09090909090909091,0.0,0.18181818181818182,0.0,0.045454545454545456,0.18181818181818182,0.13636363636363635,0.0,0.45454545454545453,0.18181818181818182,0.18181818181818182,0.5909090909090909,0.5,0.5,0.045454545454545456,0.045454545454545456,0.09090909090909091,0.0,0.5,0.3181818181818182,0.6363636363636364,0.2727272727272727,0.045454545454545456,0.0,0.09090909090909091,0.5,0.4090909090909091,0.9408602150537634,1344
8,Liga ACB,51,2025-2026,59101,Miguel Allen Montesdeoca,1336,Club Joventut Badalona,21,5,4,0,0,0,1,0,1,0,0,3,2,0,3,2,3,0,0,0,0,1,4,2,1,0,0,4,4,0,2,1,7,3,0.0,0.0,0.0,0.2,0.0,0.2,0.0,0.0,0.6,0.4,0.0,0.6,0.4,0.6,0.0,0.0,0.0,0.0,0.2,0.8,0.4,0.2,0.0,0.0,0.8,0.8,0.0,1.2254901960784315,332
8,Liga ACB,51,2025-2026,59102,Michael Ruzic,1336,Club Joventut Badalona,27,5,4,3,0,0,0,0,0,1,0,4,2,0,3,3,2,1,0,2,0,1,1,4,2,0,0,2,4,0,4,2,2,1,0.6,0.0,0.0,0.0,0.0,0.0,0.2,0.0,0.8,0.4,0.0,0.6,0.6,0.4,0.2,0.0,0.4,0.0,0.2,0.2,0.8,0.4,0.0,0.0,0.4,0.8,0.0,1.7361111111111112,880
8,Liga ACB,51,2025-2026,59103,Dragan Apic,1322,Leche Rio Breogan,33,15,9,6,0,2,0,1,0,1,2,9,6,0,8,10,5,4,0,1,1,0,9,6,3,0,0,1,8,8,6,8,2,0,0.4,0.0,0.13333333333333333,0.0,0.06666666666666667,0.0,0.06666666666666667,0.13333333333333333,0.6,0.4,0.0,0.5333333333333333,0.6666666666666666,0.3333333333333333,0.26666666666666666,0.0,0.06666666666666667,0.06666666666666667,0.0,0.6,0.4,0.2,0.0,0.0,0.06666666666666667,0.5333333333333333,0.5333333333333333,0.6756756756756757,697
8,Liga ACB,51,2025-2026,59104,Dominik Mavra,1322,Leche Rio Breogan,34,285,187,61,13,99,11,7,44,32,19,73,14,1,155,109,176,26,0,219,8,7,25,161,50,26,9,24,125,78,100,98,25,20,0.21403508771929824,0.0456140350877193,0.3473684210526316,0.03859649122807018,0.02456140350877193,0.1543859649122807,0.11228070175438597,0.06666666666666667,0.256140350877193,0.04912280701754386,0.0035087719298245615,0.543859649122807,0.3824561403508772,0.6175438596491228,0.0912280701754386,0.0,0.7684210526315789,0.028070175438596492,0.02456140350877193,0.08771929824561403,0.5649122807017544,0.17543859649122806,0.0912280701754386,0.031578947368421054,0.08421052631578947,0.43859649122807015,0.2736842105263158,1.1009174311926606,1296
8,Liga ACB,51,2025-2026,59105,Arturs Kurucs,1322,Leche Rio Breogan,34,77,53,15,2,36,2,0,5,9,3,22,9,1,54,52,25,2,8,35,4,16,12,47,10,9,4,7,38,18,20,24,8,3,0.19480519480519481,0.025974025974025976,0.4675324675324675,0.025974025974025976,0.0,0.06493506493506493,0.11688311688311688,0.03896103896103896,0.2857142857142857,0.11688311688311688,0.012987012987012988,0.7012987012987013,0.6753246753246753,0.3246753246753247,0.025974025974025976,0.1038961038961039,0.45454545454545453,0.05194805194805195,0.2077922077922078,0.15584415584415584,0.6103896103896104,0.12987012987012986,0.11688311688311688,0.05194805194805195,0.09090909090909091,0.4935064935064935,0.23376623376623376,0.8357558139534884,1338
8,Liga ACB,51,2025-2026,59106,Jordan Sakho,1322,Leche Rio Breogan,29,1,1,1,0,0,0,0,0,0,0,1,0,0,1,1,0,0,0,0,0,0,1,0,0,0,0,0,1,1,0,1,0,0,1.0,0.0,0.0,0.0,0.0,0.0,0.0,0.0,1.0,0.0,0.0,1.0,1.0,0.0,0.0,0.0,0.0,0.0,0.0,1.0,0.0,0.0,0.0,0.0,0.0,1.0,1.0,0.0,867
8,Liga ACB,51,2025-2026,59107,Aleksandar Aranitovic,1322,Leche Rio Breogan,34,38,34,2,0,6,2,1,17,2,1,9,9,3,24,22,16,3,5,4,0,23,3,30,10,4,0,5,21,15,20,22,10,9,0.05263157894736842,0.0,0.15789473684210525,0.05263157894736842,0.02631578947368421,0.4473684210526316,0.05263157894736842,0.02631578947368421,0.23684210526315788,0.23684210526315788,0.07894736842105263,0.631578947368421,0.5789473684210527,0.42105263157894735,0.07894736842105263,0.13157894736842105,0.10526315789473684,0.0,0.6052631578947368,0.07894736842105263,0.7894736842105263,0.2631578947368421,0.10526315789473684,0.0,0.13157894736842105,0.5526315789473685,0.39473684210526316,1.0984848484848486,1414
8,Liga ACB,51,2025-2026,59108,Bakary Dibba,1322,Leche Rio Breogan,31,49,39,9,0,17,0,0,2,6,1,23,25,4,19,20,29,2,1,0,0,36,10,20,6,2,3,12,22,13,12,16,22,15,0.1836734693877551,0.0,0.3469387755102041,0.0,0.0,0.04081632653061224,0.12244897959183673,0.02040816326530612,0.46938775510204084,0.5102040816326531,0.08163265306122448,0.3877551020408163,0.40816326530612246,0.5918367346938775,0.04081632653061224,0.02040816326530612,0.0,0.0,0.7346938775510204,0.20408163265306123,0.40816326530612246,0.12244897959183673,0.04081632653061224,0.061224489795918366,0.24489795918367346,0.4489795918367347,0.2653061224489796,1.0514018691588785,1077
8,Liga ACB,51,2025-2026,59109,Erik Quintela,1322,Leche Rio Breogan,18,23,19,3,1,6,0,0,5,5,2,5,1,1,8,7,16,3,0,14,1,2,3,22,6,5,2,4,15,4,12,9,3,0,0.13043478260869565,0.043478260869565216,0.2608695652173913,0.0,0.0,0.21739130434782608,0.21739130434782608,0.08695652173913043,0.21739130434782608,0.043478260869565216,0.043478260869565216,0.34782608695652173,0.30434782608695654,0.6956521739130435,0.13043478260869565,0.0,0.6086956521739131,0.043478260869565216,0.08695652173913043,0.13043478260869565,0.9565217391304348,0.2608695652173913,0.21739130434782608,0.08695652173913043,0.17391304347826086,0.6521739130434783,0.17391304347826086,1.1627906976744187,170
8,Liga ACB,51,2025-2026,59110,Danko Brankovic,1322,Leche Rio Breogan,34,1,1,1,0,0,0,0,0,0,1,0,1,0,0,0,1,1,0,0,0,0,0,0,0,0,0,1,1,0,0,0,2,1,1.0,0.0,0.0,0.0,0.0,0.0,0.0,1.0,0.0,1.0,0.0,0.0,0.0,1.0,1.0,0.0,0.0,0.0,0.0,0.0,0.0,0.0,0.0,0.0,1.0,1.0,0.0,1.1363636363636365,1154
8,Liga ACB,51,2025-2026,59112,Joan Sastre,1333,Lenovo Tenerife,22,23,19,6,0,7,1,0,2,5,1,7,5,4,14,8,15,2,0,3,0,18,0,10,2,4,4,3,13,6,4,7,4,3,0.2608695652173913,0.0,0.30434782608695654,0.043478260869565216,0.0,0.08695652173913043,0.21739130434782608,0.043478260869565216,0.30434782608695654,0.21739130434782608,0.17391304347826086,0.6086956521739131,0.34782608695652173,0.6521739130434783,0.08695652173913043,0.0,0.13043478260869565,0.0,0.782608695652174,0.0,0.43478260869565216,0.08695652173913043,0.17391304347826086,0.17391304347826086,0.13043478260869565,0.5652173913043478,0.2608695652173913,0.7990867579908676,568
8,Liga ACB,51,2025-2026,59113,Aaron Doornekamp,1333,Lenovo Tenerife,29,18,16,6,0,8,0,1,3,3,1,2,4,3,11,9,9,0,1,4,1,7,5,6,1,2,2,1,9,5,2,4,2,1,0.3333333333333333,0.0,0.4444444444444444,0.0,0.05555555555555555,0.16666666666666666,0.16666666666666666,0.05555555555555555,0.1111111111111111,0.2222222222222222,0.16666666666666666,0.6111111111111112,0.5,0.5,0.0,0.05555555555555555,0.2222222222222222,0.05555555555555555,0.3888888888888889,0.2777777777777778,0.3333333333333333,0.05555555555555555,0.1111111111111111,0.1111111111111111,0.05555555555555555,0.5,0.2777777777777778,0.6147540983606558,1174
8,Liga ACB,51,2025-2026,59114,Tim Abromaitis,1333,Lenovo Tenerife,32,27,21,5,1,8,0,1,5,1,2,10,13,3,11,16,11,5,0,0,0,20,2,12,6,0,0,5,11,8,12,13,6,5,0.18518518518518517,0.037037037037037035,0.2962962962962963,0.0,0.037037037037037035,0.18518518518518517,0.037037037037037035,0.07407407407407407,0.37037037037037035,0.48148148148148145,0.1111111111111111,0.4074074074074074,0.5925925925925926,0.4074074074074074,0.18518518518518517,0.0,0.0,0.0,0.7407407407407407,0.07407407407407407,0.4444444444444444,0.2222222222222222,0.0,0.0,0.18518518518518517,0.4074074074074074,0.2962962962962963,1.0869565217391304,1066
8,Liga ACB,51,2025-2026,59115,Thomas Scrubb,1333,Lenovo Tenerife,32,54,43,9,0,12,2,1,7,4,3,25,12,12,28,28,26,4,2,9,0,36,3,46,17,4,0,5,29,17,34,31,5,4,0.16666666666666666,0.0,0.2222222222222222,0.037037037037037035,0.018518518518518517,0.12962962962962962,0.07407407407407407,0.05555555555555555,0.46296296296296297,0.2222222222222222,0.2222222222222222,0.5185185185185185,0.5185185185185185,0.48148148148148145,0.07407407407407407,0.037037037037037035,0.16666666666666666,0.0,0.6666666666666666,0.05555555555555555,0.8518518518518519,0.3148148148148148,0.07407407407407407,0.0,0.09259259259259259,0.5370370370370371,0.3148148148148148,1.1445783132530118,1048
8,Liga ACB,51,2025-2026,59116,Jaime Fernandez Bernabe,1333,Lenovo Tenerife,31,215,167,44,4,66,5,4,21,21,6,92,11,0,137,75,140,32,3,136,11,7,26,160,50,23,9,22,118,60,100,100,31,20,0.20465116279069767,0.018604651162790697,0.30697674418604654,0.023255813953488372,0.018604651162790697,0.09767441860465116,0.09767441860465116,0.027906976744186046,0.42790697674418604,0.05116279069767442,0.0,0.6372093023255814,0.3488372093023256,0.6511627906976745,0.14883720930232558,0.013953488372093023,0.6325581395348837,0.05116279069767442,0.03255813953488372,0.12093023255813953,0.7441860465116279,0.23255813953488372,0.10697674418604651,0.04186046511627907,0.10232558139534884,0.5488372093023256,0.27906976744186046,1.0559662090813093,1045
8,Liga ACB,51,2025-2026,59117,Rokas Giedraitis,1333,Lenovo Tenerife,28,38,32,9,1,10,2,3,3,1,1,18,17,3,17,21,17,2,7,8,0,18,3,14,6,0,1,5,18,17,12,19,9,9,0.23684210526315788,0.02631578947368421,0.2631578947368421,0.05263157894736842,0.07894736842105263,0.07894736842105263,0.02631578947368421,0.02631578947368421,0.47368421052631576,0.4473684210526316,0.07894736842105263,0.4473684210526316,0.5526315789473685,0.4473684210526316,0.05263157894736842,0.18421052631578946,0.21052631578947367,0.0,0.47368421052631576,0.07894736842105263,0.3684210526315789,0.15789473684210525,0.0,0.02631578947368421,0.13157894736842105,0.47368421052631576,0.4473684210526316,0.9146341463414633,928
8,Liga ACB,51,2025-2026,59118,Giorgi Shermadini,1333,Lenovo Tenerife,28,11,3,5,0,2,0,5,1,0,2,1,1,0,9,6,5,0,0,5,2,0,4,4,2,0,0,1,6,7,4,2,1,1,0.45454545454545453,0.0,0.18181818181818182,0.0,0.45454545454545453,0.09090909090909091,0.0,0.18181818181818182,0.09090909090909091,0.09090909090909091,0.0,0.8181818181818182,0.5454545454545454,0.45454545454545453,0.0,0.0,0.45454545454545453,0.18181818181818182,0.0,0.36363636363636365,0.36363636363636365,0.18181818181818182,0.0,0.0,0.09090909090909091,0.5454545454545454,0.6363636363636364,2.0491803278688523,1089
8,Liga ACB,51,2025-2026,59119,Francisco Guerra,1333,Lenovo Tenerife,32,18,11,6,0,4,0,3,2,2,0,7,5,0,11,5,13,6,0,2,2,1,7,9,3,1,0,0,8,9,6,9,0,0,0.3333333333333333,0.0,0.2222222222222222,0.0,0.16666666666666666,0.1111111111111111,0.1111111111111111,0.0,0.3888888888888889,0.2777777777777778,0.0,0.6111111111111112,0.2777777777777778,0.7222222222222222,0.3333333333333333,0.0,0.1111111111111111,0.1111111111111111,0.05555555555555555,0.3888888888888889,0.5,0.16666666666666666,0.05555555555555555,0.0,0.0,0.4444444444444444,0.5,0.6666666666666666,970
8,Liga ACB,51,2025-2026,59120,Bruno Fitipaldo,1333,Lenovo Tenerife,31,85,65,24,2,43,4,1,7,8,1,21,5,1,62,42,43,16,0,56,2,4,7,45,9,7,4,5,40,21,18,23,9,9,0.2823529411764706,0.023529411764705882,0.5058823529411764,0.047058823529411764,0.011764705882352941,0.08235294117647059,0.09411764705882353,0.011764705882352941,0.24705882352941178,0.058823529411764705,0.011764705882352941,0.7294117647058823,0.49411764705882355,0.5058823529411764,0.18823529411764706,0.0,0.6588235294117647,0.023529411764705882,0.047058823529411764,0.08235294117647059,0.5294117647058824,0.10588235294117647,0.08235294117647059,0.047058823529411764,0.058823529411764705,0.47058823529411764,0.24705882352941178,1.0014836795252224,1218
8,Liga ACB,51,2025-2026,59121,Hector Alderete Diaz,1333,Lenovo Tenerife,15,1,1,0,0,0,0,0,1,0,0,0,0,1,0,1,0,0,0,0,0,1,0,2,1,0,0,0,1,0,2,1,0,0,0.0,0.0,0.0,0.0,0.0,1.0,0.0,0.0,0.0,0.0,1.0,0.0,1.0,0.0,0.0,0.0,0.0,0.0,1.0,0.0,2.0,1.0,0.0,0.0,0.0,1.0,0.0,2.0,192
8,Liga ACB,51,2025-2026,59122,Marcelinho Huertas,1333,Lenovo Tenerife,27,238,187,93,4,40,8,4,87,23,10,66,29,1,154,116,122,18,4,175,10,18,13,207,78,20,4,26,156,67,156,129,33,31,0.3907563025210084,0.01680672268907563,0.16806722689075632,0.03361344537815126,0.01680672268907563,0.36554621848739494,0.09663865546218488,0.04201680672268908,0.2773109243697479,0.12184873949579832,0.004201680672268907,0.6470588235294118,0.48739495798319327,0.5126050420168067,0.07563025210084033,0.01680672268907563,0.7352941176470589,0.04201680672268908,0.07563025210084033,0.0546218487394958,0.8697478991596639,0.3277310924369748,0.08403361344537816,0.01680672268907563,0.1092436974789916,0.6554621848739496,0.2815126050420168,1.3029542920847268,1199
8,Liga ACB,51,2025-2026,59123,Alberto Diaz,1339,Malaga,30,45,31,8,0,18,2,0,4,10,3,8,4,1,31,20,25,5,0,25,4,8,3,21,4,7,2,7,25,7,8,9,8,6,0.17777777777777778,0.0,0.4,0.044444444444444446,0.0,0.08888888888888889,0.2222222222222222,0.06666666666666667,0.17777777777777778,0.08888888888888889,0.022222222222222223,0.6888888888888889,0.4444444444444444,0.5555555555555556,0.1111111111111111,0.0,0.5555555555555556,0.08888888888888889,0.17777777777777778,0.06666666666666667,0.4666666666666667,0.08888888888888889,0.15555555555555556,0.044444444444444446,0.15555555555555556,0.5555555555555556,0.15555555555555556,1.1182108626198084,1086
8,Liga ACB,51,2025-2026,59124,Augustine Rubit,1339,Malaga,20,10,7,3,0,2,1,2,1,0,1,3,9,0,1,6,4,1,0,0,0,2,7,2,1,0,0,3,6,4,2,4,2,1,0.3,0.0,0.2,0.1,0.2,0.1,0.0,0.1,0.3,0.9,0.0,0.1,0.6,0.4,0.1,0.0,0.0,0.0,0.2,0.7,0.2,0.1,0.0,0.0,0.3,0.6,0.4,0.6147540983606558,503
8,Liga ACB,51,2025-2026,59125,Jonathan Barreiro,1339,Malaga,32,20,15,5,0,9,0,2,2,3,1,3,3,5,12,12,8,0,0,1,1,16,2,6,0,2,2,2,9,8,0,4,4,4,0.25,0.0,0.45,0.0,0.1,0.1,0.15,0.05,0.15,0.15,0.25,0.6,0.6,0.4,0.0,0.0,0.05,0.05,0.8,0.1,0.3,0.0,0.1,0.1,0.1,0.45,0.4,0.6944444444444444,959
8,Liga ACB,51,2025-2026,59126,Emir Sulejmanovic,1339,Malaga,28,13,11,4,0,2,0,1,0,1,1,8,3,1,9,3,10,2,0,1,0,5,5,10,4,1,0,1,7,5,8,7,2,1,0.3076923076923077,0.0,0.15384615384615385,0.0,0.07692307692307693,0.0,0.07692307692307693,0.07692307692307693,0.6153846153846154,0.23076923076923078,0.07692307692307693,0.6923076923076923,0.23076923076923078,0.7692307692307693,0.15384615384615385,0.0,0.07692307692307693,0.0,0.38461538461538464,0.38461538461538464,0.7692307692307693,0.3076923076923077,0.07692307692307693,0.0,0.07692307692307693,0.5384615384615384,0.38461538461538464,1.1421319796954315,782
8,Liga ACB,51,2025-2026,59127,Aleksander Balcerowski,1339,Malaga,33,35,28,7,0,4,1,0,2,3,2,23,11,0,22,26,9,13,0,1,0,9,12,25,10,2,0,7,20,12,20,20,13,8,0.2,0.0,0.11428571428571428,0.02857142857142857,0.0,0.05714285714285714,0.08571428571428572,0.05714285714285714,0.6571428571428571,0.3142857142857143,0.0,0.6285714285714286,0.7428571428571429,0.2571428571428571,0.37142857142857144,0.0,0.02857142857142857,0.0,0.2571428571428571,0.34285714285714286,0.7142857142857143,0.2857142857142857,0.05714285714285714,0.0,0.2,0.5714285714285714,0.34285714285714286,1.088646967340591,1250
8,Liga ACB,51,2025-2026,59129,Nihad Djedovic,1339,Malaga,15,38,35,8,0,10,1,0,2,3,1,21,7,1,29,13,25,4,2,14,6,11,1,28,10,4,1,4,22,12,20,19,8,7,0.21052631578947367,0.0,0.2631578947368421,0.02631578947368421,0.0,0.05263157894736842,0.07894736842105263,0.02631578947368421,0.5526315789473685,0.18421052631578946,0.02631578947368421,0.7631578947368421,0.34210526315789475,0.6578947368421053,0.10526315789473684,0.05263157894736842,0.3684210526315789,0.15789473684210525,0.2894736842105263,0.02631578947368421,0.7368421052631579,0.2631578947368421,0.10526315789473684,0.02631578947368421,0.10526315789473684,0.5789473684210527,0.3157894736842105,1.1989342806394316,501
8,Liga ACB,51,2025-2026,59130,Dani Diez,1316,San Pablo Burgos,21,7,4,1,0,3,0,0,1,1,0,2,3,0,4,4,3,0,0,0,0,6,1,0,0,0,0,0,1,3,0,2,0,0,0.14285714285714285,0.0,0.42857142857142855,0.0,0.0,0.14285714285714285,0.14285714285714285,0.0,0.2857142857142857,0.42857142857142855,0.0,0.5714285714285714,0.5714285714285714,0.42857142857142855,0.0,0.0,0.0,0.0,0.8571428571428571,0.14285714285714285,0.0,0.0,0.0,0.0,0.0,0.14285714285714285,0.42857142857142855,0.0,835
8,Liga ACB,51,2025-2026,59131,Pablo Almazan Sierra,1316,San Pablo Burgos,27,10,8,1,0,3,1,0,2,0,0,4,2,3,4,4,6,1,0,0,1,7,1,4,2,0,0,0,3,5,4,6,0,0,0.1,0.0,0.3,0.1,0.0,0.2,0.0,0.0,0.4,0.2,0.3,0.4,0.4,0.6,0.1,0.0,0.0,0.1,0.7,0.1,0.4,0.2,0.0,0.0,0.0,0.3,0.5,0.6666666666666666,547
8,Liga ACB,51,2025-2026,59132,Luke Fischer,1316,San Pablo Burgos,29,6,5,0,0,1,1,0,0,0,1,3,4,0,2,2,4,1,0,0,0,0,5,3,0,1,0,1,2,4,0,2,2,2,0.0,0.0,0.16666666666666666,0.16666666666666666,0.0,0.0,0.0,0.16666666666666666,0.5,0.6666666666666666,0.0,0.3333333333333333,0.3333333333333333,0.6666666666666666,0.16666666666666666,0.0,0.0,0.0,0.0,0.8333333333333334,0.5,0.0,0.16666666666666666,0.0,0.16666666666666666,0.3333333333333333,0.6666666666666666,0.6944444444444444,921
8,Liga ACB,51,2025-2026,59133,Leonardo Simoes Meindl,1316,San Pablo Burgos,32,147,114,26,1,43,3,2,14,19,4,62,20,4,96,75,72,18,10,54,10,24,31,75,24,12,9,17,66,48,48,64,22,16,0.17687074829931973,0.006802721088435374,0.2925170068027211,0.02040816326530612,0.013605442176870748,0.09523809523809523,0.1292517006802721,0.027210884353741496,0.4217687074829932,0.1360544217687075,0.027210884353741496,0.6530612244897959,0.5102040816326531,0.4897959183673469,0.12244897959183673,0.06802721088435375,0.3673469387755102,0.06802721088435375,0.16326530612244897,0.2108843537414966,0.5102040816326531,0.16326530612244897,0.08163265306122448,0.061224489795918366,0.11564625850340136,0.4489795918367347,0.32653061224489793,0.8686210640608034,1572
8,Liga ACB,51,2025-2026,59134,Gonzalo Corbalan,1316,San Pablo Burgos,32,196,151,38,2,36,5,6,23,21,17,88,16,2,100,109,87,43,3,109,15,10,16,125,49,12,6,37,105,60,98,91,52,42,0.19387755102040816,0.01020408163265306,0.1836734693877551,0.025510204081632654,0.030612244897959183,0.11734693877551021,0.10714285714285714,0.08673469387755102,0.4489795918367347,0.08163265306122448,0.01020408163265306,0.5102040816326531,0.5561224489795918,0.44387755102040816,0.2193877551020408,0.015306122448979591,0.5561224489795918,0.07653061224489796,0.05102040816326531,0.08163265306122448,0.6377551020408163,0.25,0.061224489795918366,0.030612244897959183,0.18877551020408162,0.5357142857142857,0.30612244897959184,1.2293642430628733,1683
8,Liga ACB,51,2025-2026,59135,Matteo Spagnolo,1326,Bitci Baskonia,31,165,126,33,1,47,6,5,23,16,6,62,23,0,98,83,82,23,3,86,12,31,10,84,31,9,10,17,74,51,62,70,26,19,0.2,0.006060606060606061,0.28484848484848485,0.03636363636363636,0.030303030303030304,0.1393939393939394,0.09696969696969697,0.03636363636363636,0.37575757575757573,0.1393939393939394,0.0,0.593939393939394,0.503030303030303,0.49696969696969695,0.1393939393939394,0.01818181818181818,0.5212121212121212,0.07272727272727272,0.18787878787878787,0.06060606060606061,0.509090909090909,0.18787878787878787,0.05454545454545454,0.06060606060606061,0.10303030303030303,0.4484848484848485,0.3090909090909091,0.9945972495088409,1224
8,Liga ACB,51,2025-2026,59136,Gytis Radzevicius,1326,Bitci Baskonia,23,41,29,9,1,15,1,1,7,2,4,11,14,2,22,22,19,1,3,5,1,22,9,29,9,4,1,6,25,10,18,16,5,2,0.21951219512195122,0.024390243902439025,0.36585365853658536,0.024390243902439025,0.024390243902439025,0.17073170731707318,0.04878048780487805,0.0975609756097561,0.2682926829268293,0.34146341463414637,0.04878048780487805,0.5365853658536586,0.5365853658536586,0.4634146341463415,0.024390243902439025,0.07317073170731707,0.12195121951219512,0.024390243902439025,0.5365853658536586,0.21951219512195122,0.7073170731707317,0.21951219512195122,0.0975609756097561,0.024390243902439025,0.14634146341463414,0.6097560975609756,0.24390243902439024,1.098901098901099,864
8,Liga ACB,51,2025-2026,59137,Clement Frisch,1326,Bitci Baskonia,31,32,23,6,0,10,0,0,7,2,0,13,5,4,23,21,11,0,0,2,0,27,3,10,5,0,1,1,11,15,10,20,1,0,0.1875,0.0,0.3125,0.0,0.0,0.21875,0.0625,0.0,0.40625,0.15625,0.125,0.71875,0.65625,0.34375,0.0,0.0,0.0625,0.0,0.84375,0.09375,0.3125,0.15625,0.0,0.03125,0.03125,0.34375,0.46875,0.4892367906066536,815
8,Liga ACB,51,2025-2026,59138,Khalifa Diop,1326,Bitci Baskonia,19,2,2,0,0,1,0,0,0,0,0,1,0,0,2,1,1,0,0,0,0,0,2,5,1,1,0,0,2,0,2,1,0,0,0.0,0.0,0.5,0.0,0.0,0.0,0.0,0.0,0.5,0.0,0.0,1.0,0.5,0.5,0.0,0.0,0.0,0.0,0.0,1.0,2.5,0.5,0.5,0.0,0.0,1.0,0.0,2.0,601
8,Liga ACB,51,2025-2026,59139,Rafael Villar Cornago,1326,Bitci Baskonia,32,67,40,13,3,27,3,0,4,9,6,18,11,7,41,29,38,4,2,22,7,22,10,22,7,5,1,12,34,14,14,16,13,8,0.19402985074626866,0.04477611940298507,0.40298507462686567,0.04477611940298507,0.0,0.05970149253731343,0.13432835820895522,0.08955223880597014,0.26865671641791045,0.16417910447761194,0.1044776119402985,0.6119402985074627,0.43283582089552236,0.5671641791044776,0.05970149253731343,0.029850746268656716,0.3283582089552239,0.1044776119402985,0.3283582089552239,0.14925373134328357,0.3283582089552239,0.1044776119402985,0.07462686567164178,0.014925373134328358,0.1791044776119403,0.5074626865671642,0.208955223880597,1.0128913443830572,797
8,Liga ACB,51,2025-2026,59140,Josep Puerto,1325,Valencia BC,24,30,23,6,0,8,2,0,4,3,1,12,5,3,20,14,16,3,3,4,3,13,4,13,5,1,1,4,14,11,10,12,8,4,0.2,0.0,0.26666666666666666,0.06666666666666667,0.0,0.13333333333333333,0.1,0.03333333333333333,0.4,0.16666666666666666,0.1,0.6666666666666666,0.4666666666666667,0.5333333333333333,0.1,0.1,0.13333333333333333,0.1,0.43333333333333335,0.13333333333333333,0.43333333333333335,0.16666666666666666,0.03333333333333333,0.03333333333333333,0.13333333333333333,0.4666666666666667,0.36666666666666664,0.9020618556701031,831
8,Liga ACB,51,2025-2026,59141,Jaime Pradilla,1325,Valencia BC,29,43,30,7,1,15,1,1,0,3,4,19,17,0,25,17,26,5,0,7,4,11,16,21,8,1,1,8,21,13,16,17,6,5,0.16279069767441862,0.023255813953488372,0.3488372093023256,0.023255813953488372,0.023255813953488372,0.0,0.06976744186046512,0.09302325581395349,0.4418604651162791,0.3953488372093023,0.0,0.5813953488372093,0.3953488372093023,0.6046511627906976,0.11627906976744186,0.0,0.16279069767441862,0.09302325581395349,0.2558139534883721,0.37209302325581395,0.4883720930232558,0.18604651162790697,0.023255813953488372,0.023255813953488372,0.18604651162790697,0.4883720930232558,0.3023255813953488,1.0692464358452138,1193
8,Liga ACB,51,2025-2026,59142,Brancou Badio,1325,Valencia BC,29,113,77,13,2,38,6,4,17,14,4,30,15,3,76,58,55,17,1,56,7,11,21,62,20,8,4,6,44,39,40,44,6,6,0.11504424778761062,0.017699115044247787,0.336283185840708,0.05309734513274336,0.035398230088495575,0.1504424778761062,0.12389380530973451,0.035398230088495575,0.26548672566371684,0.13274336283185842,0.02654867256637168,0.672566371681416,0.5132743362831859,0.48672566371681414,0.1504424778761062,0.008849557522123894,0.49557522123893805,0.061946902654867256,0.09734513274336283,0.18584070796460178,0.5486725663716814,0.17699115044247787,0.07079646017699115,0.035398230088495575,0.05309734513274336,0.3893805309734513,0.34513274336283184,0.9862778730703259,1077
8,Liga ACB,51,2025-2026,59143,Neal Sako,1325,Valencia BC,24,2,1,0,0,0,0,2,0,0,0,0,0,0,2,2,0,0,0,1,0,0,1,0,0,0,0,0,0,2,0,0,0,0,0.0,0.0,0.0,0.0,1.0,0.0,0.0,0.0,0.0,0.0,0.0,1.0,1.0,0.0,0.0,0.0,0.5,0.0,0.0,0.5,0.0,0.0,0.0,0.0,0.0,0.0,1.0,,702
8,Liga ACB,51,2025-2026,59144,Jean Claudio Montero,1325,Valencia BC,24,160,112,52,4,49,3,3,19,17,9,60,5,0,82,82,78,21,0,104,10,4,21,91,28,15,4,19,89,52,56,69,20,18,0.325,0.025,0.30625,0.01875,0.01875,0.11875,0.10625,0.05625,0.375,0.03125,0.0,0.5125,0.5125,0.4875,0.13125,0.0,0.65,0.0625,0.025,0.13125,0.56875,0.175,0.09375,0.025,0.11875,0.55625,0.325,0.9511568123393317,954
8,Liga ACB,51,2025-2026,59145,Sergio De Larrea,1325,Valencia BC,25,127,95,20,2,34,7,0,13,15,10,48,11,3,88,73,54,9,1,77,11,18,11,62,18,12,1,28,69,35,36,45,39,32,0.15748031496062992,0.015748031496062992,0.2677165354330709,0.05511811023622047,0.0,0.10236220472440945,0.11811023622047244,0.07874015748031496,0.3779527559055118,0.08661417322834646,0.023622047244094488,0.6929133858267716,0.5748031496062992,0.4251968503937008,0.07086614173228346,0.007874015748031496,0.6062992125984252,0.08661417322834646,0.14173228346456693,0.08661417322834646,0.4881889763779528,0.14173228346456693,0.09448818897637795,0.007874015748031496,0.2204724409448819,0.5433070866141733,0.2755905511811024,1.093951093951094,900
8,Liga ACB,51,2025-2026,59146,Margiris Normantas,1335,Bilbao Basket,33,112,88,27,2,28,7,1,20,12,6,38,14,2,76,58,54,11,4,45,10,35,7,61,25,5,3,13,57,39,50,51,19,16,0.24107142857142858,0.017857142857142856,0.25,0.0625,0.008928571428571428,0.17857142857142858,0.10714285714285714,0.05357142857142857,0.3392857142857143,0.125,0.017857142857142856,0.6785714285714286,0.5178571428571429,0.48214285714285715,0.09821428571428571,0.03571428571428571,0.4017857142857143,0.08928571428571429,0.3125,0.0625,0.5446428571428571,0.22321428571428573,0.044642857142857144,0.026785714285714284,0.11607142857142858,0.5089285714285714,0.3482142857142857,1.1118598382749327,1245
8,Liga ACB,51,2025-2026,59147,Tryggvi Hlinason,1335,Bilbao Basket,33,12,9,5,0,2,0,0,0,1,1,8,4,0,8,5,7,5,0,0,2,0,5,6,2,1,0,2,7,5,4,6,4,1,0.4166666666666667,0.0,0.16666666666666666,0.0,0.0,0.0,0.08333333333333333,0.08333333333333333,0.6666666666666666,0.3333333333333333,0.0,0.6666666666666666,0.4166666666666667,0.5833333333333334,0.4166666666666667,0.0,0.0,0.16666666666666666,0.0,0.4166666666666667,0.5,0.16666666666666666,0.08333333333333333,0.0,0.16666666666666666,0.5833333333333334,0.4166666666666667,0.6443298969072165,1450
8,Liga ACB,51,2025-2026,59148,Stefan Lazarevic,1335,Bilbao Basket,24,24,20,3,1,2,3,1,2,1,2,13,9,0,14,11,13,4,3,3,1,9,4,17,7,1,0,2,11,12,14,13,4,4,0.125,0.041666666666666664,0.08333333333333333,0.125,0.041666666666666664,0.08333333333333333,0.041666666666666664,0.08333333333333333,0.5416666666666666,0.375,0.0,0.5833333333333334,0.4583333333333333,0.5416666666666666,0.16666666666666666,0.125,0.125,0.041666666666666664,0.375,0.16666666666666666,0.7083333333333334,0.2916666666666667,0.041666666666666664,0.0,0.08333333333333333,0.4583333333333333,0.5,1.2195121951219512,683
8,Liga ACB,51,2025-2026,59149,Aleix Font,1335,Bilbao Basket,28,21,16,4,0,8,1,0,1,3,0,8,4,1,15,14,7,2,2,2,2,12,1,13,4,2,1,0,8,7,8,9,0,0,0.19047619047619047,0.0,0.38095238095238093,0.047619047619047616,0.0,0.047619047619047616,0.14285714285714285,0.0,0.38095238095238093,0.19047619047619047,0.047619047619047616,0.7142857142857143,0.6666666666666666,0.3333333333333333,0.09523809523809523,0.09523809523809523,0.09523809523809523,0.09523809523809523,0.5714285714285714,0.047619047619047616,0.6190476190476191,0.19047619047619047,0.09523809523809523,0.047619047619047616,0.0,0.38095238095238093,0.3333333333333333,0.8888888888888888,481
8,Liga ACB,51,2025-2026,59151,Melwin Jan Pantzar,1335,Bilbao Basket,32,371,265,78,9,123,19,6,34,45,20,124,14,6,173,176,195,41,2,249,27,27,25,174,51,29,8,53,173,98,102,119,83,68,0.21024258760107817,0.02425876010781671,0.33153638814016173,0.05121293800539083,0.016172506738544475,0.09164420485175202,0.12129380053908356,0.05390835579514825,0.33423180592991913,0.03773584905660377,0.016172506738544475,0.46630727762803237,0.4743935309973046,0.5256064690026954,0.1105121293800539,0.005390835579514825,0.6711590296495957,0.07277628032345014,0.07277628032345014,0.0673854447439353,0.46900269541778977,0.13746630727762804,0.07816711590296496,0.0215633423180593,0.14285714285714285,0.46630727762803237,0.2641509433962264,1.0931069958847737,1464
8,Liga ACB,51,2025-2026,59152,Bassala Bagayoko,1335,Bilbao Basket,29,3,3,0,0,1,0,0,0,0,0,2,1,0,1,0,3,0,0,0,0,1,2,0,0,0,0,0,0,2,0,2,0,0,0.0,0.0,0.3333333333333333,0.0,0.0,0.0,0.0,0.0,0.6666666666666666,0.3333333333333333,0.0,0.3333333333333333,0.0,1.0,0.0,0.0,0.0,0.0,0.3333333333333333,0.6666666666666666,0.0,0.0,0.0,0.0,0.0,0.0,0.6666666666666666,0.0,693
8,Liga ACB,51,2025-2026,59153,Louis Labeyrie,1328,Dreamland Gran Canaria,20,3,1,1,0,3,0,0,0,0,0,0,2,0,1,3,0,0,0,0,0,2,1,0,0,0,0,0,1,0,0,0,0,0,0.3333333333333333,0.0,1.0,0.0,0.0,0.0,0.0,0.0,0.0,0.6666666666666666,0.0,0.3333333333333333,1.0,0.0,0.0,0.0,0.0,0.0,0.6666666666666666,0.3333333333333333,0.0,0.0,0.0,0.0,0.0,0.3333333333333333,0.0,,616
8,Liga ACB,51,2025-2026,59154,Andrew Albicy,1328,Dreamland Gran Canaria,30,104,56,21,5,63,1,2,10,9,6,13,7,1,46,65,39,11,1,72,3,9,8,31,0,12,7,11,37,22,0,14,14,9,0.20192307692307693,0.04807692307692308,0.6057692307692307,0.009615384615384616,0.019230769230769232,0.09615384615384616,0.08653846153846154,0.057692307692307696,0.125,0.0673076923076923,0.009615384615384616,0.4423076923076923,0.625,0.375,0.10576923076923077,0.009615384615384616,0.6923076923076923,0.028846153846153848,0.08653846153846154,0.07692307692307693,0.2980769230769231,0.0,0.11538461538461539,0.0673076923076923,0.10576923076923077,0.3557692307692308,0.21153846153846154,0.44642857142857145,1306
8,Liga ACB,51,2025-2026,59155,Miquel Salvo,1328,Dreamland Gran Canaria,19,14,11,2,0,3,0,1,0,1,1,8,6,2,5,5,9,2,0,2,0,6,4,13,4,2,1,2,8,4,8,7,0,0,0.14285714285714285,0.0,0.21428571428571427,0.0,0.07142857142857142,0.0,0.07142857142857142,0.07142857142857142,0.5714285714285714,0.42857142857142855,0.14285714285714285,0.35714285714285715,0.35714285714285715,0.6428571428571429,0.14285714285714285,0.0,0.14285714285714285,0.0,0.42857142857142855,0.2857142857142857,0.9285714285714286,0.2857142857142857,0.14285714285714285,0.07142857142857142,0.14285714285714285,0.5714285714285714,0.2857142857142857,1.1428571428571428,450
8,Liga ACB,51,2025-2026,59156,Pierre Pelos,1328,Dreamland Gran Canaria,32,33,27,2,1,6,1,2,7,4,0,13,4,1,24,16,17,7,0,1,0,19,6,30,13,2,3,0,17,9,26,20,0,0,0.06060606060606061,0.030303030303030304,0.18181818181818182,0.030303030303030304,0.06060606060606061,0.21212121212121213,0.12121212121212122,0.0,0.3939393939393939,0.12121212121212122,0.030303030303030304,0.7272727272727273,0.48484848484848486,0.5151515151515151,0.21212121212121213,0.0,0.030303030303030304,0.0,0.5757575757575758,0.18181818181818182,0.9090909090909091,0.3939393939393939,0.06060606060606061,0.09090909090909091,0.0,0.5151515151515151,0.2727272727272727,1.3,1256
8,Liga ACB,51,2025-2026,59157,Mike Tobey,1328,Dreamland Gran Canaria,30,16,11,2,0,5,3,0,2,1,1,4,3,0,12,3,13,2,1,2,0,8,3,12,3,2,0,3,9,4,6,4,4,3,0.125,0.0,0.3125,0.1875,0.0,0.125,0.0625,0.0625,0.25,0.1875,0.0,0.75,0.1875,0.8125,0.125,0.0625,0.125,0.0,0.5,0.1875,0.75,0.1875,0.125,0.0,0.1875,0.5625,0.25,1.5625,1188
8,Liga ACB,51,2025-2026,59158,Ziga Samar,1328,Dreamland Gran Canaria,32,117,87,23,3,39,5,1,9,11,4,48,15,2,88,59,58,13,0,64,5,19,16,72,24,9,3,9,54,33,48,51,16,11,0.19658119658119658,0.02564102564102564,0.3333333333333333,0.042735042735042736,0.008547008547008548,0.07692307692307693,0.09401709401709402,0.03418803418803419,0.41025641025641024,0.1282051282051282,0.017094017094017096,0.7521367521367521,0.5042735042735043,0.49572649572649574,0.1111111111111111,0.0,0.5470085470085471,0.042735042735042736,0.1623931623931624,0.13675213675213677,0.6153846153846154,0.20512820512820512,0.07692307692307693,0.02564102564102564,0.07692307692307693,0.46153846153846156,0.28205128205128205,1.016540317022743,731
8,Liga ACB,51,2025-2026,59159,Loucas Nzambi Maniema,1328,Dreamland Gran Canaria,19,4,4,1,0,1,0,0,1,0,0,2,1,0,3,2,2,0,0,2,0,2,0,0,0,0,0,3,4,0,0,0,6,4,0.25,0.0,0.25,0.0,0.0,0.25,0.0,0.0,0.5,0.25,0.0,0.75,0.5,0.5,0.0,0.0,0.5,0.0,0.5,0.0,0.0,0.0,0.0,0.0,0.75,1.0,0.0,1.5151515151515151,120
8,Liga ACB,51,2025-2026,59160,Tornike Shengelia,1340,BC Barcelona,29,91,69,10,0,20,6,0,1,8,10,46,28,1,59,47,44,34,2,2,0,23,30,63,22,8,1,17,51,29,44,40,15,13,0.10989010989010989,0.0,0.21978021978021978,0.06593406593406594,0.0,0.01098901098901099,0.08791208791208792,0.10989010989010989,0.5054945054945055,0.3076923076923077,0.01098901098901099,0.6483516483516484,0.5164835164835165,0.4835164835164835,0.37362637362637363,0.02197802197802198,0.02197802197802198,0.0,0.25274725274725274,0.32967032967032966,0.6923076923076923,0.24175824175824176,0.08791208791208792,0.01098901098901099,0.18681318681318682,0.5604395604395604,0.31868131868131866,1.2231759656652361,1125
8,Liga ACB,51,2025-2026,59161,Juan Ignacio Marcos,1340,BC Barcelona,31,96,61,30,3,39,4,2,7,15,4,25,7,0,49,57,39,23,1,53,4,4,11,48,13,11,4,6,45,28,26,29,9,6,0.3125,0.03125,0.40625,0.041666666666666664,0.020833333333333332,0.07291666666666667,0.15625,0.041666666666666664,0.2604166666666667,0.07291666666666667,0.0,0.5104166666666666,0.59375,0.40625,0.23958333333333334,0.010416666666666666,0.5520833333333334,0.041666666666666664,0.041666666666666664,0.11458333333333333,0.5,0.13541666666666666,0.11458333333333333,0.041666666666666664,0.0625,0.46875,0.2916666666666667,0.970873786407767,836
8,Liga ACB,51,2025-2026,59162,Dario Brizuela,1340,BC Barcelona,31,98,76,28,1,18,4,4,19,14,3,36,10,3,57,53,45,7,11,45,5,16,14,76,31,7,3,6,57,29,62,51,10,6,0.2857142857142857,0.01020408163265306,0.1836734693877551,0.04081632653061224,0.04081632653061224,0.19387755102040816,0.14285714285714285,0.030612244897959183,0.3673469387755102,0.10204081632653061,0.030612244897959183,0.5816326530612245,0.5408163265306123,0.45918367346938777,0.07142857142857142,0.11224489795918367,0.45918367346938777,0.05102040816326531,0.16326530612244897,0.14285714285714285,0.7755102040816326,0.3163265306122449,0.07142857142857142,0.030612244897959183,0.061224489795918366,0.5816326530612245,0.29591836734693877,1.2274368231046933,937
8,Liga ACB,51,2025-2026,59163,Kevin Punter,1340,BC Barcelona,31,151,127,31,0,37,7,0,52,10,4,41,17,2,91,77,74,27,13,73,5,24,9,109,44,11,4,15,85,47,88,82,23,19,0.2052980132450331,0.0,0.24503311258278146,0.046357615894039736,0.0,0.3443708609271523,0.06622516556291391,0.026490066225165563,0.271523178807947,0.11258278145695365,0.013245033112582781,0.6026490066225165,0.5099337748344371,0.4900662251655629,0.17880794701986755,0.08609271523178808,0.48344370860927155,0.033112582781456956,0.15894039735099338,0.059602649006622516,0.7218543046357616,0.2913907284768212,0.0728476821192053,0.026490066225165563,0.09933774834437085,0.5629139072847682,0.31125827814569534,1.1615284411636995,1333
8,Liga ACB,51,2025-2026,59164,Joel Parra Lopez,1340,BC Barcelona,32,49,42,12,0,9,1,1,4,5,1,28,24,3,19,27,22,7,2,2,0,31,7,53,19,6,1,6,33,14,38,29,10,9,0.24489795918367346,0.0,0.1836734693877551,0.02040816326530612,0.02040816326530612,0.08163265306122448,0.10204081632653061,0.02040816326530612,0.5714285714285714,0.4897959183673469,0.061224489795918366,0.3877551020408163,0.5510204081632653,0.4489795918367347,0.14285714285714285,0.04081632653061224,0.04081632653061224,0.0,0.6326530612244898,0.14285714285714285,1.0816326530612246,0.3877551020408163,0.12244897959183673,0.02040816326530612,0.12244897959183673,0.673469387755102,0.2857142857142857,1.407185628742515,1327
8,Liga ACB,51,2025-2026,59166,Nikola Kusturica,1340,BC Barcelona,8,4,4,0,0,0,0,0,1,0,0,3,2,0,2,2,2,2,0,0,1,0,1,4,2,0,0,2,3,1,4,3,3,1,0.0,0.0,0.0,0.0,0.0,0.25,0.0,0.0,0.75,0.5,0.0,0.5,0.5,0.5,0.5,0.0,0.0,0.25,0.0,0.25,1.0,0.5,0.0,0.0,0.5,0.75,0.25,1.1574074074074074,109
8,Liga ACB,51,2025-2026,59167,Jose Francisco Ortega Soriano,1332,BC MoraBanc Andorra,29,29,24,7,0,5,3,2,4,1,1,13,11,7,10,13,16,5,1,2,2,14,5,11,3,2,0,4,14,16,6,14,8,6,0.2413793103448276,0.0,0.1724137931034483,0.10344827586206896,0.06896551724137931,0.13793103448275862,0.034482758620689655,0.034482758620689655,0.4482758620689655,0.3793103448275862,0.2413793103448276,0.3448275862068966,0.4482758620689655,0.5517241379310345,0.1724137931034483,0.034482758620689655,0.06896551724137931,0.06896551724137931,0.4827586206896552,0.1724137931034483,0.3793103448275862,0.10344827586206896,0.06896551724137931,0.0,0.13793103448275862,0.4827586206896552,0.5517241379310345,0.684931506849315,715
8,Liga ACB,51,2025-2026,59168,Ferran Bassas,,total,30,126,101,36,2,42,4,1,15,15,5,44,6,1,84,70,56,16,1,75,12,11,11,72,21,11,5,7,63,41,42,54,11,7,0.2857142857142857,0.015873015873015872,0.3333333333333333,0.031746031746031744,0.007936507936507936,0.11904761904761904,0.11904761904761904,0.03968253968253968,0.3492063492063492,0.047619047619047616,0.007936507936507936,0.6666666666666666,0.5555555555555556,0.4444444444444444,0.12698412698412698,0.007936507936507936,0.5952380952380952,0.09523809523809523,0.0873015873015873,0.0873015873015873,0.5714285714285714,0.16666666666666666,0.0873015873015873,0.03968253968253968,0.05555555555555555,0.5,0.3253968253968254,0.8327668252889191,1134
8,Liga ACB,51,2025-2026,59168,Ferran Bassas,1330,BAXI Manresa,23,111,90,29,1,32,4,1,14,14,5,41,4,1,76,63,48,15,1,62,11,11,11,63,19,9,3,7,56,37,38,50,11,7,0.26126126126126126,0.009009009009009009,0.2882882882882883,0.036036036036036036,0.009009009009009009,0.12612612612612611,0.12612612612612611,0.04504504504504504,0.36936936936936937,0.036036036036036036,0.009009009009009009,0.6846846846846847,0.5675675675675675,0.43243243243243246,0.13513513513513514,0.009009009009009009,0.5585585585585585,0.0990990990990991,0.0990990990990991,0.0990990990990991,0.5675675675675675,0.17117117117117117,0.08108108108108109,0.02702702702702703,0.06306306306306306,0.5045045045045045,0.3333333333333333,0.8205689277899343,1038
8,Liga ACB,51,2025-2026,59168,Ferran Bassas,1332,BC MoraBanc Andorra,7,15,11,7,1,10,0,0,1,1,0,3,2,0,8,7,8,1,0,13,1,0,0,9,2,2,2,0,7,4,4,4,0,0,0.4666666666666667,0.06666666666666667,0.6666666666666666,0.0,0.0,0.06666666666666667,0.06666666666666667,0.0,0.2,0.13333333333333333,0.0,0.5333333333333333,0.4666666666666667,0.5333333333333333,0.06666666666666667,0.0,0.8666666666666667,0.06666666666666667,0.0,0.0,0.6,0.13333333333333333,0.13333333333333333,0.13333333333333333,0.0,0.4666666666666667,0.26666666666666666,1.0,96
8,Liga ACB,51,2025-2026,59169,Rafa Freire Luz,1332,BC MoraBanc Andorra,25,74,52,17,2,23,2,1,3,8,7,30,4,1,45,30,43,7,0,41,4,12,10,59,19,8,2,12,47,11,38,27,16,10,0.22972972972972974,0.02702702702702703,0.3108108108108108,0.02702702702702703,0.013513513513513514,0.04054054054054054,0.10810810810810811,0.0945945945945946,0.40540540540540543,0.05405405405405406,0.013513513513513514,0.6081081081081081,0.40540540540540543,0.581081081081081,0.0945945945945946,0.0,0.5540540540540541,0.05405405405405406,0.16216216216216217,0.13513513513513514,0.7972972972972973,0.25675675675675674,0.10810810810810811,0.02702702702702703,0.16216216216216217,0.6351351351351351,0.14864864864864866,1.410105757931845,734
8,Liga ACB,51,2025-2026,59170,Artem Pustovyi,1332,BC MoraBanc Andorra,31,7,5,2,0,1,0,1,0,1,0,4,2,0,3,4,3,0,0,0,1,0,6,5,1,1,0,2,5,2,2,2,6,5,0.2857142857142857,0.0,0.14285714285714285,0.0,0.14285714285714285,0.0,0.14285714285714285,0.0,0.5714285714285714,0.2857142857142857,0.0,0.42857142857142855,0.5714285714285714,0.42857142857142855,0.0,0.0,0.0,0.14285714285714285,0.0,0.8571428571428571,0.7142857142857143,0.14285714285714285,0.14285714285714285,0.0,0.2857142857142857,0.7142857142857143,0.2857142857142857,1.5086206896551726,1114
8,Liga ACB,51,2025-2026,59173,Dylan Bordon,1333,Lenovo Tenerife,6,4,4,1,0,0,1,0,1,0,0,2,1,0,3,2,2,1,0,3,0,0,0,0,0,0,0,0,1,4,0,3,0,0,0.25,0.0,0.0,0.25,0.0,0.25,0.0,0.0,0.5,0.25,0.0,0.75,0.5,0.5,0.25,0.0,0.75,0.0,0.0,0.0,0.0,0.0,0.0,0.0,0.0,0.25,1.0,0.0,35
8,Liga ACB,51,2025-2026,59174,Sergio Llull,1338,Real Madrid,33,106,85,22,0,27,4,0,13,17,1,44,13,1,74,35,71,10,13,63,6,9,5,66,20,8,6,8,51,34,40,50,14,14,0.20754716981132076,0.0,0.25471698113207547,0.03773584905660377,0.0,0.12264150943396226,0.16037735849056603,0.009433962264150943,0.41509433962264153,0.12264150943396226,0.009433962264150943,0.6981132075471698,0.330188679245283,0.6698113207547169,0.09433962264150944,0.12264150943396226,0.5943396226415094,0.05660377358490566,0.08490566037735849,0.04716981132075472,0.6226415094339622,0.18867924528301888,0.07547169811320754,0.05660377358490566,0.07547169811320754,0.4811320754716981,0.32075471698113206,0.9615384615384616,1129
8,Liga ACB,51,2025-2026,59175,Gabriele Procida,1338,Real Madrid,29,23,18,6,0,5,1,0,2,2,1,12,3,2,15,11,12,2,0,3,2,11,5,20,6,3,0,8,17,5,12,9,12,8,0.2608695652173913,0.0,0.21739130434782608,0.043478260869565216,0.0,0.08695652173913043,0.08695652173913043,0.043478260869565216,0.5217391304347826,0.13043478260869565,0.08695652173913043,0.6521739130434783,0.4782608695652174,0.5217391304347826,0.08695652173913043,0.0,0.13043478260869565,0.08695652173913043,0.4782608695652174,0.21739130434782608,0.8695652173913043,0.2608695652173913,0.13043478260869565,0.0,0.34782608695652173,0.7391304347826086,0.21739130434782608,1.400560224089636,842
8,Liga ACB,51,2025-2026,59177,Simon Birgander,1336,Club Joventut Badalona,27,4,2,1,0,1,0,1,1,0,0,1,0,0,3,0,4,2,0,0,1,0,1,4,2,0,0,0,3,1,4,2,0,0,0.25,0.0,0.25,0.0,0.25,0.25,0.0,0.0,0.25,0.0,0.0,0.75,0.0,1.0,0.5,0.0,0.0,0.25,0.0,0.25,1.0,0.5,0.0,0.0,0.0,0.75,0.25,2.0,913
8,Liga ACB,51,2025-2026,59178,Pierre Oriola,1330,BAXI Manresa,26,14,11,5,0,3,1,1,0,0,2,7,3,1,10,8,6,2,0,0,0,5,7,4,2,0,0,6,11,3,4,3,12,10,0.35714285714285715,0.0,0.21428571428571427,0.07142857142857142,0.07142857142857142,0.0,0.0,0.14285714285714285,0.5,0.21428571428571427,0.07142857142857142,0.7142857142857143,0.5714285714285714,0.42857142857142855,0.14285714285714285,0.0,0.0,0.0,0.35714285714285715,0.5,0.2857142857142857,0.14285714285714285,0.0,0.0,0.42857142857142855,0.7857142857142857,0.21428571428571427,1.6908212560386475,1077
8,Liga ACB,51,2025-2026,59179,Louis Olinde,1330,BAXI Manresa,22,44,34,12,1,12,7,0,2,1,2,20,7,6,30,14,30,6,0,4,3,20,11,19,8,1,0,7,22,17,16,18,9,8,0.2727272727272727,0.022727272727272728,0.2727272727272727,0.1590909090909091,0.0,0.045454545454545456,0.022727272727272728,0.045454545454545456,0.45454545454545453,0.1590909090909091,0.13636363636363635,0.6818181818181818,0.3181818181818182,0.6818181818181818,0.13636363636363635,0.0,0.09090909090909091,0.06818181818181818,0.45454545454545453,0.25,0.4318181818181818,0.18181818181818182,0.022727272727272728,0.0,0.1590909090909091,0.5,0.38636363636363635,1.0928961748633879,968
8,Liga ACB,51,2025-2026,59180,Alex Reyes,1330,BAXI Manresa,19,25,20,12,1,5,2,0,4,3,0,11,7,2,15,7,18,0,5,3,1,12,4,14,6,1,1,2,17,10,12,13,4,3,0.48,0.04,0.2,0.08,0.0,0.16,0.12,0.0,0.44,0.28,0.08,0.6,0.28,0.72,0.0,0.2,0.12,0.04,0.48,0.16,0.56,0.24,0.04,0.04,0.08,0.68,0.4,1.016260162601626,925
8,Liga ACB,51,2025-2026,59181,Marcis Steinbergs,1330,BAXI Manresa,33,17,7,2,0,4,0,3,1,2,2,5,5,1,11,6,11,3,0,3,0,8,3,2,0,1,0,4,6,7,0,4,4,3,0.11764705882352941,0.0,0.23529411764705882,0.0,0.17647058823529413,0.058823529411764705,0.11764705882352941,0.11764705882352941,0.29411764705882354,0.29411764705882354,0.058823529411764705,0.6470588235294118,0.35294117647058826,0.6470588235294118,0.17647058823529413,0.0,0.17647058823529413,0.0,0.47058823529411764,0.17647058823529413,0.11764705882352941,0.0,0.058823529411764705,0.0,0.23529411764705882,0.35294117647058826,0.4117647058823529,0.5208333333333334,1350
8,Liga ACB,51,2025-2026,59182,Gustav Knudsen,1330,BAXI Manresa,26,35,25,4,0,7,2,0,0,6,2,18,14,7,14,13,22,0,3,1,0,24,7,19,8,1,0,1,13,14,16,18,2,1,0.11428571428571428,0.0,0.2,0.05714285714285714,0.0,0.0,0.17142857142857143,0.05714285714285714,0.5142857142857142,0.4,0.2,0.4,0.37142857142857144,0.6285714285714286,0.0,0.08571428571428572,0.02857142857142857,0.0,0.6857142857142857,0.2,0.5428571428571428,0.22857142857142856,0.02857142857142857,0.0,0.02857142857142857,0.37142857142857144,0.4,0.9004237288135594,724
8,Liga ACB,51,2025-2026,59183,Hugo Benitez,1330,BAXI Manresa,13,146,116,25,1,42,4,0,25,19,3,53,10,0,114,58,88,10,3,102,16,6,9,83,30,13,6,10,65,48,60,71,11,8,0.17123287671232876,0.00684931506849315,0.2876712328767123,0.0273972602739726,0.0,0.17123287671232876,0.13013698630136986,0.02054794520547945,0.363013698630137,0.0684931506849315,0.0,0.7808219178082192,0.3972602739726027,0.6027397260273972,0.0684931506849315,0.02054794520547945,0.6986301369863014,0.1095890410958904,0.0410958904109589,0.06164383561643835,0.5684931506849316,0.2054794520547945,0.08904109589041095,0.0410958904109589,0.0684931506849315,0.4452054794520548,0.3287671232876712,0.8966244725738396,593
8,Liga ACB,51,2025-2026,59184,Agustin Ubal,1330,BAXI Manresa,30,141,110,34,1,34,7,3,14,9,6,68,20,7,93,82,59,13,17,58,9,18,26,70,29,3,1,23,73,55,58,69,33,30,0.24113475177304963,0.0070921985815602835,0.24113475177304963,0.04964539007092199,0.02127659574468085,0.09929078014184398,0.06382978723404255,0.0425531914893617,0.48226950354609927,0.14184397163120568,0.04964539007092199,0.6595744680851063,0.5815602836879432,0.41843971631205673,0.09219858156028368,0.12056737588652482,0.41134751773049644,0.06382978723404255,0.1276595744680851,0.18439716312056736,0.49645390070921985,0.20567375886524822,0.02127659574468085,0.0070921985815602835,0.16312056737588654,0.5177304964539007,0.3900709219858156,1.053639846743295,1175
8,Liga ACB,51,2025-2026,59185,Gerard Fernandez,1330,BAXI Manresa,12,9,8,0,0,0,0,0,2,2,0,5,1,0,8,2,7,1,2,0,3,2,1,6,3,1,1,1,5,3,6,6,2,0,0.0,0.0,0.0,0.0,0.0,0.2222222222222222,0.2222222222222222,0.0,0.5555555555555556,0.1111111111111111,0.0,0.8888888888888888,0.2222222222222222,0.7777777777777778,0.1111111111111111,0.2222222222222222,0.0,0.3333333333333333,0.2222222222222222,0.1111111111111111,0.6666666666666666,0.3333333333333333,0.1111111111111111,0.1111111111111111,0.1111111111111111,0.5555555555555556,0.3333333333333333,0.872093023255814,178
8,Liga ACB,51,2025-2026,59186,Max Gaspa,1330,BAXI Manresa,11,20,13,5,0,11,0,0,3,3,1,2,3,1,12,11,9,0,0,12,2,1,5,12,3,3,2,3,11,3,6,4,4,3,0.25,0.0,0.55,0.0,0.0,0.15,0.15,0.05,0.1,0.15,0.05,0.6,0.55,0.45,0.0,0.0,0.6,0.1,0.05,0.25,0.6,0.15,0.15,0.1,0.15,0.55,0.15,1.5625,205
8,Liga ACB,51,2025-2026,59187,Jose Ignacio Vildoza,1315,Basquet Girona,31,107,82,24,0,41,1,0,16,13,2,34,7,2,65,61,46,13,0,73,4,10,7,51,13,11,2,5,44,36,26,44,7,6,0.22429906542056074,0.0,0.38317757009345793,0.009345794392523364,0.0,0.14953271028037382,0.12149532710280374,0.018691588785046728,0.3177570093457944,0.06542056074766354,0.018691588785046728,0.6074766355140186,0.5700934579439252,0.42990654205607476,0.12149532710280374,0.0,0.6822429906542056,0.037383177570093455,0.09345794392523364,0.06542056074766354,0.4766355140186916,0.12149532710280374,0.102803738317757,0.018691588785046728,0.04672897196261682,0.411214953271028,0.3364485981308411,0.6796941376380629,880
8,Liga ACB,51,2025-2026,59188,Sergi Martinez Costa,1315,Basquet Girona,31,68,52,14,0,18,1,0,2,4,5,38,11,9,47,33,35,6,0,4,2,46,10,57,18,8,0,11,42,16,36,31,16,13,0.20588235294117646,0.0,0.2647058823529412,0.014705882352941176,0.0,0.029411764705882353,0.058823529411764705,0.07352941176470588,0.5588235294117647,0.16176470588235295,0.1323529411764706,0.6911764705882353,0.4852941176470588,0.5147058823529411,0.08823529411764706,0.0,0.058823529411764705,0.029411764705882353,0.6764705882352942,0.14705882352941177,0.8382352941176471,0.2647058823529412,0.11764705882352941,0.0,0.16176470588235295,0.6176470588235294,0.23529411764705882,1.288117770767613,1455
8,Liga ACB,51,2025-2026,59189,Josep Busquets,1315,Basquet Girona,34,100,79,30,1,33,10,0,11,8,1,37,15,3,67,38,62,12,6,39,7,17,19,44,17,5,2,15,51,35,34,39,22,12,0.3,0.01,0.33,0.1,0.0,0.11,0.08,0.01,0.37,0.15,0.03,0.67,0.38,0.62,0.12,0.06,0.39,0.07,0.17,0.19,0.44,0.17,0.05,0.02,0.15,0.51,0.35,0.9449465899753492,1499
8,Liga ACB,51,2025-2026,59190,Mindaugas Susinskas,1315,Basquet Girona,33,53,41,6,0,17,3,0,11,10,1,11,12,2,36,21,32,4,3,6,0,25,15,28,9,6,5,1,19,17,18,21,2,2,0.11320754716981132,0.0,0.32075471698113206,0.05660377358490566,0.0,0.20754716981132076,0.18867924528301888,0.018867924528301886,0.20754716981132076,0.22641509433962265,0.03773584905660377,0.6792452830188679,0.39622641509433965,0.6037735849056604,0.07547169811320754,0.05660377358490566,0.11320754716981132,0.0,0.4716981132075472,0.2830188679245283,0.5283018867924528,0.16981132075471697,0.11320754716981132,0.09433962264150944,0.018867924528301886,0.3584905660377358,0.32075471698113206,0.9140767824497258,1107
8,Liga ACB,51,2025-2026,59191,Guillem Ferrando Porro,1315,Basquet Girona,24,41,28,14,1,17,2,1,3,12,0,6,3,0,19,18,23,3,0,32,2,1,3,20,3,7,3,1,19,9,6,8,1,0,0.34146341463414637,0.024390243902439025,0.4146341463414634,0.04878048780487805,0.024390243902439025,0.07317073170731707,0.2926829268292683,0.0,0.14634146341463414,0.07317073170731707,0.0,0.4634146341463415,0.43902439024390244,0.5609756097560976,0.07317073170731707,0.0,0.7804878048780488,0.04878048780487805,0.024390243902439025,0.07317073170731707,0.4878048780487805,0.07317073170731707,0.17073170731707318,0.07317073170731707,0.024390243902439025,0.4634146341463415,0.21951219512195122,0.7109004739336493,352
8,Liga ACB,51,2025-2026,59192,Juan Fernandez,1315,Basquet Girona,20,23,17,6,0,5,1,1,2,1,2,11,8,1,12,9,14,6,0,4,0,6,7,11,4,1,0,7,14,4,8,7,12,10,0.2608695652173913,0.0,0.21739130434782608,0.043478260869565216,0.043478260869565216,0.08695652173913043,0.043478260869565216,0.08695652173913043,0.4782608695652174,0.34782608695652173,0.043478260869565216,0.5217391304347826,0.391304347826087,0.6086956521739131,0.2608695652173913,0.0,0.17391304347826086,0.0,0.2608695652173913,0.30434782608695654,0.4782608695652174,0.17391304347826086,0.043478260869565216,0.0,0.30434782608695654,0.6086956521739131,0.17391304347826086,1.4657980456026058,745
8,Liga ACB,51,2025-2026,59193,Oriol Pauli,1323,ICG Forca Lleida,33,180,137,45,3,54,6,2,11,20,10,77,14,4,125,92,88,13,6,122,10,19,10,100,32,16,6,26,103,56,64,74,37,25,0.25,0.016666666666666666,0.3,0.03333333333333333,0.011111111111111112,0.06111111111111111,0.1111111111111111,0.05555555555555555,0.42777777777777776,0.07777777777777778,0.022222222222222223,0.6944444444444444,0.5111111111111111,0.4888888888888889,0.07222222222222222,0.03333333333333333,0.6777777777777778,0.05555555555555555,0.10555555555555556,0.05555555555555555,0.5555555555555556,0.17777777777777778,0.08888888888888889,0.03333333333333333,0.14444444444444443,0.5722222222222222,0.3111111111111111,0.9858218874612317,1457
8,Liga ACB,51,2025-2026,59194,Melvin Ejim,1323,ICG Forca Lleida,32,92,76,9,0,16,5,2,9,6,3,51,26,6,58,50,42,8,3,6,1,50,24,47,22,1,2,13,40,38,44,52,20,17,0.09782608695652174,0.0,0.17391304347826086,0.05434782608695652,0.021739130434782608,0.09782608695652174,0.06521739130434782,0.03260869565217391,0.5543478260869565,0.2826086956521739,0.06521739130434782,0.6304347826086957,0.5434782608695652,0.45652173913043476,0.08695652173913043,0.03260869565217391,0.06521739130434782,0.010869565217391304,0.5434782608695652,0.2608695652173913,0.5108695652173914,0.2391304347826087,0.010869565217391304,0.021739130434782608,0.14130434782608695,0.43478260869565216,0.41304347826086957,1.0032894736842106,1562
8,Liga ACB,51,2025-2026,59195,John Shurna,1323,ICG Forca Lleida,28,21,14,8,2,2,0,3,6,1,2,7,8,3,10,8,13,2,0,0,0,14,5,10,5,0,1,1,11,12,10,13,0,0,0.38095238095238093,0.09523809523809523,0.09523809523809523,0.0,0.14285714285714285,0.2857142857142857,0.047619047619047616,0.09523809523809523,0.3333333333333333,0.38095238095238093,0.14285714285714285,0.47619047619047616,0.38095238095238093,0.6190476190476191,0.09523809523809523,0.0,0.0,0.0,0.6666666666666666,0.23809523809523808,0.47619047619047616,0.23809523809523808,0.0,0.047619047619047616,0.047619047619047616,0.5238095238095238,0.5714285714285714,0.7692307692307693,980
8,Liga ACB,51,2025-2026,59196,Atouman Diagne,1323,ICG Forca Lleida,32,1,1,0,0,0,0,0,0,0,0,1,1,0,0,0,1,1,0,0,0,0,0,0,0,0,0,0,0,1,0,1,0,0,0.0,0.0,0.0,0.0,0.0,0.0,0.0,0.0,1.0,1.0,0.0,0.0,0.0,1.0,1.0,0.0,0.0,0.0,0.0,0.0,0.0,0.0,0.0,0.0,0.0,0.0,1.0,0.0,823
8,Liga ACB,51,2025-2026,59197,Caleb Agada,1323,ICG Forca Lleida,33,217,167,46,1,60,8,2,30,21,10,86,19,3,143,141,76,36,5,96,15,31,34,138,41,21,4,21,109,73,82,99,29,20,0.2119815668202765,0.004608294930875576,0.2764976958525346,0.03686635944700461,0.009216589861751152,0.1382488479262673,0.0967741935483871,0.04608294930875576,0.39631336405529954,0.08755760368663594,0.013824884792626729,0.6589861751152074,0.6497695852534562,0.35023041474654376,0.16589861751152074,0.02304147465437788,0.4423963133640553,0.06912442396313365,0.14285714285714285,0.15668202764976957,0.6359447004608295,0.1889400921658986,0.0967741935483871,0.018433179723502304,0.0967741935483871,0.5023041474654378,0.33640552995391704,0.9126700071581961,1069
8,Liga ACB,51,2025-2026,59198,Mikel Sanz,1323,ICG Forca Lleida,32,19,12,2,1,7,0,0,0,3,2,7,5,3,11,15,4,1,1,3,0,12,2,10,4,1,0,0,6,5,8,7,0,0,0.10526315789473684,0.05263157894736842,0.3684210526315789,0.0,0.0,0.0,0.15789473684210525,0.10526315789473684,0.3684210526315789,0.2631578947368421,0.15789473684210525,0.5789473684210527,0.7894736842105263,0.21052631578947367,0.05263157894736842,0.05263157894736842,0.15789473684210525,0.0,0.631578947368421,0.10526315789473684,0.5263157894736842,0.21052631578947367,0.05263157894736842,0.0,0.0,0.3157894736842105,0.2631578947368421,1.1428571428571428,918
8,Liga ACB,51,2025-2026,59199,Millan Jimenez Garrido,1323,ICG Forca Lleida,27,33,29,8,1,8,2,0,5,3,1,14,3,3,25,13,20,2,4,8,2,11,6,21,7,4,1,5,20,12,14,16,5,4,0.24242424242424243,0.030303030303030304,0.24242424242424243,0.06060606060606061,0.0,0.15151515151515152,0.09090909090909091,0.030303030303030304,0.42424242424242425,0.09090909090909091,0.09090909090909091,0.7575757575757576,0.3939393939393939,0.6060606060606061,0.06060606060606061,0.12121212121212122,0.24242424242424243,0.06060606060606061,0.3333333333333333,0.18181818181818182,0.6363636363636364,0.21212121212121213,0.12121212121212122,0.030303030303030304,0.15151515151515152,0.6060606060606061,0.36363636363636365,0.989010989010989,745
8,Liga ACB,51,2025-2026,59200,Tyson Perez,1339,Malaga,20,23,19,4,1,3,4,0,1,1,3,11,6,1,16,10,13,6,0,0,1,9,7,4,2,0,0,9,13,8,4,6,16,11,0.17391304347826086,0.043478260869565216,0.13043478260869565,0.17391304347826086,0.0,0.043478260869565216,0.043478260869565216,0.13043478260869565,0.4782608695652174,0.2608695652173913,0.043478260869565216,0.6956521739130435,0.43478260869565216,0.5652173913043478,0.2608695652173913,0.0,0.0,0.043478260869565216,0.391304347826087,0.30434782608695654,0.17391304347826086,0.08695652173913043,0.0,0.0,0.391304347826087,0.5652173913043478,0.34782608695652173,1.1503067484662577,679
8,Liga ACB,51,2025-2026,59201,Juan Rubio,1316,San Pablo Burgos,26,16,12,4,0,4,2,1,0,1,0,8,2,2,11,11,5,1,0,1,0,12,2,9,3,1,1,1,8,7,6,7,0,0,0.25,0.0,0.25,0.125,0.0625,0.0,0.0625,0.0,0.5,0.125,0.125,0.6875,0.6875,0.3125,0.0625,0.0,0.0625,0.0,0.75,0.125,0.5625,0.1875,0.0625,0.0625,0.0625,0.5,0.4375,0.8571428571428571,505
8,Liga ACB,51,2025-2026,59202,Yannick Nzosa,1316,San Pablo Burgos,27,4,4,1,0,1,0,0,0,0,0,3,0,0,4,2,2,0,0,1,0,0,3,6,3,0,0,0,4,0,6,3,0,0,0.25,0.0,0.25,0.0,0.0,0.0,0.0,0.0,0.75,0.0,0.0,1.0,0.5,0.5,0.0,0.0,0.25,0.0,0.0,0.75,1.5,0.75,0.0,0.0,0.0,1.0,0.0,2.0,434
8,Liga ACB,51,2025-2026,59203,Nicolas Laprovittola,1340,BC Barcelona,14,86,64,21,0,23,3,1,4,25,1,29,5,1,52,22,64,12,2,59,2,4,7,57,18,10,6,8,42,16,36,29,8,7,0.2441860465116279,0.0,0.26744186046511625,0.03488372093023256,0.011627906976744186,0.046511627906976744,0.29069767441860467,0.011627906976744186,0.3372093023255814,0.05813953488372093,0.011627906976744186,0.6046511627906976,0.2558139534883721,0.7441860465116279,0.13953488372093023,0.023255813953488372,0.686046511627907,0.023255813953488372,0.046511627906976744,0.08139534883720931,0.6627906976744186,0.20930232558139536,0.11627906976744186,0.06976744186046512,0.09302325581395349,0.4883720930232558,0.18604651162790697,1.3222632226322262,508
8,Liga ACB,51,2025-2026,59204,Bojan Dubljevic,1331,Casademont Zaragoza,26,9,6,1,0,5,0,0,0,1,1,2,4,0,5,3,6,2,0,0,0,3,4,3,0,1,0,1,2,3,0,2,2,1,0.1111111111111111,0.0,0.5555555555555556,0.0,0.0,0.0,0.1111111111111111,0.1111111111111111,0.2222222222222222,0.4444444444444444,0.0,0.5555555555555556,0.3333333333333333,0.6666666666666666,0.2222222222222222,0.0,0.0,0.0,0.3333333333333333,0.4444444444444444,0.3333333333333333,0.0,0.1111111111111111,0.0,0.1111111111111111,0.2222222222222222,0.3333333333333333,0.3472222222222222,1099
8,Liga ACB,51,2025-2026,59205,Santiago Yusta,1331,Casademont Zaragoza,31,189,149,39,3,33,12,2,14,14,19,95,24,1,141,99,90,29,14,68,20,30,28,108,47,5,2,44,112,58,94,89,67,61,0.20634920634920634,0.015873015873015872,0.1746031746031746,0.06349206349206349,0.010582010582010581,0.07407407407407407,0.07407407407407407,0.10052910052910052,0.5026455026455027,0.12698412698412698,0.005291005291005291,0.746031746031746,0.5238095238095238,0.47619047619047616,0.15343915343915343,0.07407407407407407,0.35978835978835977,0.10582010582010581,0.15873015873015872,0.14814814814814814,0.5714285714285714,0.24867724867724866,0.026455026455026454,0.010582010582010581,0.2328042328042328,0.5925925925925926,0.30687830687830686,1.3082376772451045,1629
8,Liga ACB,51,2025-2026,59206,Miguel Gonzalez,1331,Casademont Zaragoza,31,17,9,1,0,9,0,1,3,2,0,2,4,2,11,9,8,2,0,3,0,10,2,2,1,0,1,0,2,6,2,5,0,0,0.058823529411764705,0.0,0.5294117647058824,0.0,0.058823529411764705,0.17647058823529413,0.11764705882352941,0.0,0.11764705882352941,0.23529411764705882,0.11764705882352941,0.6470588235294118,0.5294117647058824,0.47058823529411764,0.11764705882352941,0.0,0.17647058823529413,0.0,0.5882352941176471,0.11764705882352941,0.11764705882352941,0.058823529411764705,0.0,0.058823529411764705,0.0,0.11764705882352941,0.35294117647058826,0.4,1129
8,Liga ACB,51,2025-2026,59207,Marco Spissu,1331,Casademont Zaragoza,31,117,89,34,3,47,2,2,13,12,4,37,10,3,75,81,36,3,5,72,5,21,11,74,15,16,5,13,61,32,30,42,20,19,0.2905982905982906,0.02564102564102564,0.4017094017094017,0.017094017094017096,0.017094017094017096,0.1111111111111111,0.10256410256410256,0.03418803418803419,0.3162393162393162,0.08547008547008547,0.02564102564102564,0.6410256410256411,0.6923076923076923,0.3076923076923077,0.02564102564102564,0.042735042735042736,0.6153846153846154,0.042735042735042736,0.1794871794871795,0.09401709401709402,0.6324786324786325,0.1282051282051282,0.13675213675213677,0.042735042735042736,0.1111111111111111,0.5213675213675214,0.27350427350427353,0.9645669291338583,1350
8,Liga ACB,51,2025-2026,59208,Joaquin Nazar Rodriguez Olivera,1331,Casademont Zaragoza,31,157,120,22,1,34,8,4,7,18,7,79,11,1,105,78,79,20,1,82,11,26,17,88,36,8,1,20,73,57,72,75,28,24,0.14012738853503184,0.006369426751592357,0.21656050955414013,0.050955414012738856,0.025477707006369428,0.044585987261146494,0.11464968152866242,0.044585987261146494,0.5031847133757962,0.07006369426751592,0.006369426751592357,0.6687898089171974,0.4968152866242038,0.5031847133757962,0.12738853503184713,0.006369426751592357,0.5222929936305732,0.07006369426751592,0.16560509554140126,0.10828025477707007,0.5605095541401274,0.22929936305732485,0.050955414012738856,0.006369426751592357,0.12738853503184713,0.46496815286624205,0.3630573248407643,1.099404489234998,1254
8,Liga ACB,51,2025-2026,59209,Youssouf Traore,1331,Casademont Zaragoza,14,2,0,1,0,2,0,0,0,0,0,0,0,0,1,0,2,0,0,0,0,0,2,0,0,0,0,0,1,0,0,0,0,0,0.5,0.0,1.0,0.0,0.0,0.0,0.0,0.0,0.0,0.0,0.0,0.5,0.0,1.0,0.0,0.0,0.0,0.0,0.0,1.0,0.0,0.0,0.0,0.0,0.0,0.5,0.0,,142
8,Liga ACB,51,2025-2026,59211,Konstantin Iroslavov Kostadinov,,total,24,8,6,2,0,0,0,1,2,0,1,4,3,2,2,5,3,0,0,0,0,6,2,4,2,0,0,2,4,5,4,6,1,0,0.25,0.0,0.0,0.0,0.125,0.25,0.0,0.125,0.5,0.375,0.25,0.25,0.625,0.375,0.0,0.0,0.0,0.0,0.75,0.25,0.5,0.25,0.0,0.0,0.25,0.5,0.625,0.6211180124223602,616
8,Liga ACB,51,2025-2026,59211,Konstantin Iroslavov Kostadinov,1332,BC MoraBanc Andorra,20,8,6,2,0,0,0,1,2,0,1,4,3,2,2,5,3,0,0,0,0,6,2,4,2,0,0,2,4,5,4,6,1,0,0.25,0.0,0.0,0.0,0.125,0.25,0.0,0.125,0.5,0.375,0.25,0.25,0.625,0.375,0.0,0.0,0.0,0.0,0.75,0.25,0.5,0.25,0.0,0.0,0.25,0.5,0.625,0.6211180124223602,584
8,Liga ACB,51,2025-2026,59211,Konstantin Iroslavov Kostadinov,1333,Lenovo Tenerife,4,0,0,0,0,0,0,0,0,0,0,0,0,0,0,0,0,0,0,0,0,0,0,0,0,0,0,0,0,0,0,0,0,0,,,,,,,,,,,,,,,,,,,,,,,,,,,,,32
8,Liga ACB,51,2025-2026,59212,Xabier Lopez-Arostegui,,total,17,33,27,8,1,8,1,0,0,1,3,20,6,0,26,13,20,3,1,10,1,8,10,19,8,1,0,6,19,12,16,18,11,7,0.24242424242424243,0.030303030303030304,0.24242424242424243,0.030303030303030304,0.0,0.0,0.030303030303030304,0.09090909090909091,0.6060606060606061,0.18181818181818182,0.0,0.7878787878787878,0.3939393939393939,0.6060606060606061,0.09090909090909091,0.030303030303030304,0.30303030303030304,0.030303030303030304,0.24242424242424243,0.30303030303030304,0.5757575757575758,0.24242424242424243,0.030303030303030304,0.0,0.18181818181818182,0.5757575757575758,0.36363636363636365,1.0070052539404553,483
8,Liga ACB,51,2025-2026,59212,Xabier Lopez-Arostegui,1325,Valencia BC,16,33,27,8,1,8,1,0,0,1,3,20,6,0,26,13,20,3,1,10,1,8,10,19,8,1,0,6,19,12,16,18,11,7,0.24242424242424243,0.030303030303030304,0.24242424242424243,0.030303030303030304,0.0,0.0,0.030303030303030304,0.09090909090909091,0.6060606060606061,0.18181818181818182,0.0,0.7878787878787878,0.3939393939393939,0.6060606060606061,0.09090909090909091,0.030303030303030304,0.30303030303030304,0.030303030303030304,0.24242424242424243,0.30303030303030304,0.5757575757575758,0.24242424242424243,0.030303030303030304,0.0,0.18181818181818182,0.5757575757575758,0.36363636363636365,1.0070052539404553,481
8,Liga ACB,51,2025-2026,59212,Xabier Lopez-Arostegui,1333,Lenovo Tenerife,1,0,0,0,0,0,0,0,0,0,0,0,0,0,0,0,0,0,0,0,0,0,0,0,0,0,0,0,0,0,0,0,0,0,,,,,,,,,,,,,,,,,,,,,,,,,,,,,2
8,Liga ACB,51,2025-2026,59213,Kendrick Perry,1339,Malaga,33,139,105,50,2,48,2,3,26,12,4,44,6,0,63,64,75,19,0,90,3,8,19,92,26,17,4,11,78,38,52,59,16,12,0.3597122302158273,0.014388489208633094,0.34532374100719426,0.014388489208633094,0.02158273381294964,0.18705035971223022,0.08633093525179857,0.02877697841726619,0.31654676258992803,0.04316546762589928,0.0,0.45323741007194246,0.460431654676259,0.539568345323741,0.1366906474820144,0.0,0.6474820143884892,0.02158273381294964,0.05755395683453238,0.1366906474820144,0.6618705035971223,0.18705035971223022,0.1223021582733813,0.02877697841726619,0.07913669064748201,0.5611510791366906,0.2733812949640288,0.9691096305269533,1401
8,Liga ACB,51,2025-2026,59214,Daniel Perez,1330,BAXI Manresa,18,82,63,20,0,24,3,4,14,9,3,25,3,0,60,53,29,9,2,50,7,3,11,36,11,6,1,2,34,37,22,38,4,2,0.24390243902439024,0.0,0.2926829268292683,0.036585365853658534,0.04878048780487805,0.17073170731707318,0.10975609756097561,0.036585365853658534,0.3048780487804878,0.036585365853658534,0.0,0.7317073170731707,0.6463414634146342,0.35365853658536583,0.10975609756097561,0.024390243902439025,0.6097560975609756,0.08536585365853659,0.036585365853658534,0.13414634146341464,0.43902439024390244,0.13414634146341464,0.07317073170731707,0.012195121951219513,0.024390243902439025,0.4146341463414634,0.45121951219512196,0.6036217303822938,593
8,Liga ACB,51,2025-2026,59215,Alberto Abalde,1338,Real Madrid,29,53,41,11,2,17,2,1,8,5,2,18,10,2,33,28,25,6,3,24,2,13,5,41,14,4,1,4,23,18,28,25,4,2,0.20754716981132076,0.03773584905660377,0.32075471698113206,0.03773584905660377,0.018867924528301886,0.1509433962264151,0.09433962264150944,0.03773584905660377,0.33962264150943394,0.18867924528301888,0.03773584905660377,0.6226415094339622,0.5283018867924528,0.4716981132075472,0.11320754716981132,0.05660377358490566,0.4528301886792453,0.03773584905660377,0.24528301886792453,0.09433962264150944,0.7735849056603774,0.2641509433962264,0.07547169811320754,0.018867924528301886,0.07547169811320754,0.4339622641509434,0.33962264150943394,1.1210762331838564,928
8,Liga ACB,51,2025-2026,59216,Sander Hollanders,1315,Basquet Girona,7,1,1,0,0,0,0,0,0,0,0,1,0,0,1,1,0,1,0,0,0,0,0,0,0,0,0,0,0,1,0,1,0,0,0.0,0.0,0.0,0.0,0.0,0.0,0.0,0.0,1.0,0.0,0.0,1.0,1.0,0.0,1.0,0.0,0.0,0.0,0.0,0.0,0.0,0.0,0.0,0.0,0.0,0.0,1.0,0.0,87
8,Liga ACB,51,2025-2026,59217,Luka Bozic,1319,Coviran Granada,34,148,121,25,1,32,7,2,3,29,6,69,44,4,90,77,71,41,8,17,0,35,47,93,25,18,4,33,88,31,50,47,57,47,0.16891891891891891,0.006756756756756757,0.21621621621621623,0.0472972972972973,0.013513513513513514,0.02027027027027027,0.19594594594594594,0.04054054054054054,0.46621621621621623,0.2972972972972973,0.02702702702702703,0.6081081081081081,0.5202702702702703,0.4797297297297297,0.27702702702702703,0.05405405405405406,0.11486486486486487,0.0,0.23648648648648649,0.31756756756756754,0.6283783783783784,0.16891891891891891,0.12162162162162163,0.02702702702702703,0.22297297297297297,0.5945945945945946,0.20945945945945946,1.3457269700332963,1894
8,Liga ACB,51,2025-2026,59218,Lluis Costa,,total,29,184,128,45,1,70,4,0,32,23,9,46,20,3,109,91,93,27,10,112,11,16,8,89,23,18,3,18,86,54,46,66,25,22,0.24456521739130435,0.005434782608695652,0.3804347826086957,0.021739130434782608,0.0,0.17391304347826086,0.125,0.04891304347826087,0.25,0.10869565217391304,0.016304347826086956,0.592391304347826,0.4945652173913043,0.5054347826086957,0.14673913043478262,0.05434782608695652,0.6086956521739131,0.059782608695652176,0.08695652173913043,0.043478260869565216,0.483695652173913,0.125,0.09782608695652174,0.016304347826086956,0.09782608695652174,0.4673913043478261,0.29347826086956524,0.8831168831168831,1349
8,Liga ACB,51,2025-2026,59218,Lluis Costa,1319,Coviran Granada,28,184,128,45,1,70,4,0,32,23,9,46,20,3,109,91,93,27,10,112,11,16,8,89,23,18,3,18,86,54,46,66,25,22,0.24456521739130435,0.005434782608695652,0.3804347826086957,0.021739130434782608,0.0,0.17391304347826086,0.125,0.04891304347826087,0.25,0.10869565217391304,0.016304347826086956,0.592391304347826,0.4945652173913043,0.5054347826086957,0.14673913043478262,0.05434782608695652,0.6086956521739131,0.059782608695652176,0.08695652173913043,0.043478260869565216,0.483695652173913,0.125,0.09782608695652174,0.016304347826086956,0.09782608695652174,0.4673913043478261,0.29347826086956524,0.8831168831168831,1349
8,Liga ACB,51,2025-2026,59218,Lluis Costa,1333,Lenovo Tenerife,1,0,0,0,0,0,0,0,0,0,0,0,0,0,0,0,0,0,0,0,0,0,0,0,0,0,0,0,0,0,0,0,0,0,,,,,,,,,,,,,,,,,,,,,,,,,,,,,0
8,Liga ACB,51,2025-2026,59219,Beka Burjanadze,1319,Coviran Granada,20,14,10,0,0,0,1,0,4,2,2,5,5,1,7,7,7,1,0,2,0,5,6,4,2,0,0,5,6,6,4,7,5,4,0.0,0.0,0.0,0.07142857142857142,0.0,0.2857142857142857,0.14285714285714285,0.14285714285714285,0.35714285714285715,0.35714285714285715,0.07142857142857142,0.5,0.5,0.5,0.07142857142857142,0.0,0.14285714285714285,0.0,0.35714285714285715,0.42857142857142855,0.2857142857142857,0.14285714285714285,0.0,0.0,0.35714285714285715,0.42857142857142855,0.42857142857142855,0.8695652173913044,462
8,Liga ACB,51,2025-2026,59220,Jonathan Rousselle,1319,Coviran Granada,34,166,124,44,5,59,4,3,9,16,6,69,16,1,96,69,97,10,3,108,9,21,15,82,26,10,6,22,84,46,52,60,33,24,0.26506024096385544,0.030120481927710843,0.35542168674698793,0.024096385542168676,0.018072289156626505,0.05421686746987952,0.0963855421686747,0.03614457831325301,0.41566265060240964,0.0963855421686747,0.006024096385542169,0.5783132530120482,0.41566265060240964,0.5843373493975904,0.060240963855421686,0.018072289156626505,0.6506024096385542,0.05421686746987952,0.12650602409638553,0.09036144578313253,0.4939759036144578,0.1566265060240964,0.060240963855421686,0.03614457831325301,0.13253012048192772,0.5060240963855421,0.27710843373493976,1.0198604401502953,1351
8,Liga ACB,51,2025-2026,59221,Jovan Kljajic,1319,Coviran Granada,13,56,54,10,0,6,4,0,7,8,2,29,4,3,40,31,25,10,4,23,3,15,1,32,12,4,3,11,32,22,24,28,18,14,0.17857142857142858,0.0,0.10714285714285714,0.07142857142857142,0.0,0.125,0.14285714285714285,0.03571428571428571,0.5178571428571429,0.07142857142857142,0.05357142857142857,0.7142857142857143,0.5535714285714286,0.44642857142857145,0.17857142857142858,0.07142857142857142,0.4107142857142857,0.05357142857142857,0.26785714285714285,0.017857142857142856,0.5714285714285714,0.21428571428571427,0.07142857142857142,0.05357142857142857,0.19642857142857142,0.5714285714285714,0.39285714285714285,1.0579064587973273,451
8,Liga ACB,51,2025-2026,59223,Sam Dekker,1336,Club Joventut Badalona,12,6,6,1,0,1,0,0,2,1,0,2,1,0,5,2,4,0,0,0,0,3,3,8,2,2,0,0,4,2,4,4,0,0,0.16666666666666666,0.0,0.16666666666666666,0.0,0.0,0.3333333333333333,0.16666666666666666,0.0,0.3333333333333333,0.16666666666666666,0.0,0.8333333333333334,0.3333333333333333,0.6666666666666666,0.0,0.0,0.0,0.0,0.5,0.5,1.3333333333333333,0.3333333333333333,0.3333333333333333,0.0,0.0,0.6666666666666666,0.3333333333333333,1.0,379
8,Liga ACB,51,2025-2026,59225,Tadas Sedekerskis,1326,Bitci Baskonia,11,10,5,2,0,5,0,0,1,2,0,2,3,1,5,4,6,1,0,2,1,4,2,6,2,1,0,0,4,1,4,3,0,0,0.2,0.0,0.5,0.0,0.0,0.1,0.2,0.0,0.2,0.3,0.1,0.5,0.4,0.6,0.1,0.0,0.2,0.1,0.4,0.2,0.6,0.2,0.1,0.0,0.0,0.4,0.1,1.3333333333333333,331
8,Liga ACB,51,2025-2026,59228,Stefan Joksimovic,1326,Bitci Baskonia,10,13,11,4,1,3,1,0,0,0,1,8,3,0,8,2,11,2,1,2,0,5,3,7,2,1,0,2,7,7,4,6,4,1,0.3076923076923077,0.07692307692307693,0.23076923076923078,0.07692307692307693,0.0,0.0,0.0,0.07692307692307693,0.6153846153846154,0.23076923076923078,0.0,0.6153846153846154,0.15384615384615385,0.8461538461538461,0.15384615384615385,0.07692307692307693,0.15384615384615385,0.0,0.38461538461538464,0.23076923076923078,0.5384615384615384,0.15384615384615385,0.07692307692307693,0.0,0.15384615384615385,0.5384615384615384,0.5384615384615384,0.6443298969072165,173
8,Liga ACB,51,2025-2026,59230,Sergi Garcia,1316,San Pablo Burgos,5,2,2,0,0,1,0,0,0,0,0,1,0,0,2,1,1,0,0,1,0,1,0,3,0,1,0,0,1,1,0,1,0,0,0.0,0.0,0.5,0.0,0.0,0.0,0.0,0.0,0.5,0.0,0.0,1.0,0.5,0.5,0.0,0.0,0.5,0.0,0.5,0.0,1.5,0.0,0.5,0.0,0.0,0.5,0.5,0.0,53
8,Liga ACB,51,2025-2026,59231,Ferran Mauri,1336,Club Joventut Badalona,3,1,0,0,0,1,0,0,0,0,0,0,0,0,1,1,0,0,1,0,0,0,0,0,0,0,0,0,0,0,0,0,0,0,0.0,0.0,1.0,0.0,0.0,0.0,0.0,0.0,0.0,0.0,0.0,1.0,1.0,0.0,0.0,1.0,0.0,0.0,0.0,0.0,0.0,0.0,0.0,0.0,0.0,0.0,0.0,,16
8,Liga ACB,51,2025-2026,59232,Eduardo Duran,1319,Coviran Granada,15,4,2,0,1,2,1,0,1,0,0,0,1,0,3,2,2,0,1,2,0,1,0,2,1,0,0,0,1,1,2,1,0,0,0.0,0.25,0.5,0.25,0.0,0.25,0.0,0.0,0.0,0.25,0.0,0.75,0.5,0.5,0.0,0.25,0.5,0.0,0.25,0.0,0.5,0.25,0.0,0.0,0.0,0.25,0.25,2.0,105
8,Liga ACB,51,2025-2026,59233,Micah Speight,1319,Coviran Granada,3,12,10,5,0,4,0,0,4,1,0,3,0,0,8,3,9,2,0,5,2,1,2,8,2,2,1,1,9,4,4,6,2,2,0.4166666666666667,0.0,0.3333333333333333,0.0,0.0,0.3333333333333333,0.08333333333333333,0.0,0.25,0.0,0.0,0.6666666666666666,0.25,0.75,0.16666666666666666,0.0,0.4166666666666667,0.16666666666666666,0.08333333333333333,0.16666666666666666,0.6666666666666666,0.16666666666666666,0.16666666666666666,0.08333333333333333,0.08333333333333333,0.75,0.3333333333333333,0.872093023255814,105
8,Liga ACB,51,2025-2026,59234,Aaron Ganal,1332,BC MoraBanc Andorra,6,1,1,0,0,0,0,1,0,0,0,0,0,0,1,1,0,0,0,0,0,0,1,0,0,0,0,0,0,1,0,1,0,0,0.0,0.0,0.0,0.0,1.0,0.0,0.0,0.0,0.0,0.0,0.0,1.0,1.0,0.0,0.0,0.0,0.0,0.0,0.0,1.0,0.0,0.0,0.0,0.0,0.0,0.0,1.0,0.0,19
8,Liga ACB,51,2025-2026,59237,Nihad Dedovic,1339,Malaga,8,20,18,1,0,6,0,1,0,2,0,11,3,0,17,7,13,2,1,8,0,7,2,15,4,2,1,2,8,7,8,10,3,2,0.05,0.0,0.3,0.0,0.05,0.0,0.1,0.0,0.55,0.15,0.0,0.85,0.35,0.65,0.1,0.05,0.4,0.0,0.35,0.1,0.75,0.2,0.1,0.05,0.1,0.4,0.35,0.8833922261484098,266
8,Liga ACB,51,2025-2026,59246,Daniel Gonzalez,1340,BC Barcelona,6,2,2,1,0,0,0,0,0,1,0,1,0,0,1,0,2,0,0,2,0,0,0,0,0,0,1,0,1,1,0,1,0,0,0.5,0.0,0.0,0.0,0.0,0.0,0.5,0.0,0.5,0.0,0.0,0.5,0.0,1.0,0.0,0.0,1.0,0.0,0.0,0.0,0.0,0.0,0.0,0.5,0.0,0.5,0.5,0.0,48
8,Liga ACB,51,2025-2026,59260,Daniel Garcia,1323,ICG Forca Lleida,13,74,50,22,2,37,3,1,8,6,3,16,3,0,40,33,41,3,0,54,6,6,5,44,10,11,5,7,39,15,20,18,9,9,0.2972972972972973,0.02702702702702703,0.5,0.04054054054054054,0.013513513513513514,0.10810810810810811,0.08108108108108109,0.04054054054054054,0.21621621621621623,0.04054054054054054,0.0,0.5405405405405406,0.44594594594594594,0.5540540540540541,0.04054054054054054,0.0,0.7297297297297297,0.08108108108108109,0.08108108108108109,0.06756756756756757,0.5945945945945946,0.13513513513513514,0.14864864864864866,0.06756756756756757,0.0945945945945946,0.527027027027027,0.20270270270270271,1.3205828779599271,534
8,Liga ACB,51,2025-2026,59269,Maximo Fjellerup,1315,Basquet Girona,3,10,10,3,0,0,1,0,2,1,1,5,0,0,8,2,8,2,0,2,0,1,5,4,1,1,0,3,7,5,2,5,6,5,0.3,0.0,0.0,0.1,0.0,0.2,0.1,0.1,0.5,0.0,0.0,0.8,0.2,0.8,0.2,0.0,0.2,0.0,0.1,0.5,0.4,0.1,0.1,0.0,0.3,0.7,0.5,0.9162303664921466,80
8,Liga ACB,51,2025-2026,59272,Pere Tomas Noguera,1319,Coviran Granada,14,2,1,0,0,0,0,1,0,0,0,1,1,1,0,0,2,0,0,0,0,2,0,0,0,0,0,0,0,2,0,1,0,0,0.0,0.0,0.0,0.0,0.5,0.0,0.0,0.0,0.5,0.5,0.5,0.0,0.0,1.0,0.0,0.0,0.0,0.0,1.0,0.0,0.0,0.0,0.0,0.0,0.0,0.0,1.0,0.0,175
8,Liga ACB,51,2025-2026,59290,Juan Nunez Garcia,1340,BC Barcelona,8,39,29,9,0,10,2,0,1,9,2,15,4,0,23,24,15,5,0,28,0,4,2,27,6,7,0,4,22,12,12,12,8,6,0.23076923076923078,0.0,0.2564102564102564,0.05128205128205128,0.0,0.02564102564102564,0.23076923076923078,0.05128205128205128,0.38461538461538464,0.10256410256410256,0.0,0.5897435897435898,0.6153846153846154,0.38461538461538464,0.1282051282051282,0.0,0.717948717948718,0.0,0.10256410256410256,0.05128205128205128,0.6923076923076923,0.15384615384615385,0.1794871794871795,0.0,0.10256410256410256,0.5641025641025641,0.3076923076923077,1.1597938144329898,241
8,Liga ACB,51,2025-2026,59295,Carlos Alocen,1328,Dreamland Gran Canaria,16,60,51,12,5,23,3,0,4,11,2,17,7,1,40,39,21,7,0,39,1,8,5,44,8,12,1,5,30,16,16,16,8,6,0.2,0.08333333333333333,0.38333333333333336,0.05,0.0,0.06666666666666667,0.18333333333333332,0.03333333333333333,0.2833333333333333,0.11666666666666667,0.016666666666666666,0.6666666666666666,0.65,0.35,0.11666666666666667,0.0,0.65,0.016666666666666666,0.13333333333333333,0.08333333333333333,0.7333333333333333,0.13333333333333333,0.2,0.016666666666666666,0.08333333333333333,0.5,0.26666666666666666,1.1270491803278688,371
8,Liga ACB,51,2025-2026,59301,Babatunde Olumuyiwa,1319,Coviran Granada,33,9,4,4,0,3,0,2,0,0,1,3,3,0,4,3,6,1,0,2,0,0,6,2,1,0,0,1,5,4,2,2,2,0,0.4444444444444444,0.0,0.3333333333333333,0.0,0.2222222222222222,0.0,0.0,0.1111111111111111,0.3333333333333333,0.3333333333333333,0.0,0.4444444444444444,0.3333333333333333,0.6666666666666666,0.1111111111111111,0.0,0.2222222222222222,0.0,0.0,0.6666666666666666,0.2222222222222222,0.1111111111111111,0.0,0.0,0.1111111111111111,0.5555555555555556,0.4444444444444444,0.6944444444444444,1216
8,Liga ACB,51,2025-2026,59374,Kyle Kuric,1332,BC MoraBanc Andorra,29,84,75,23,1,13,7,0,31,6,4,23,24,1,54,48,36,9,24,19,4,19,9,51,20,5,1,10,46,39,40,50,15,13,0.27380952380952384,0.011904761904761904,0.15476190476190477,0.08333333333333333,0.0,0.36904761904761907,0.07142857142857142,0.047619047619047616,0.27380952380952384,0.2857142857142857,0.011904761904761904,0.6428571428571429,0.5714285714285714,0.42857142857142855,0.10714285714285714,0.2857142857142857,0.2261904761904762,0.047619047619047616,0.2261904761904762,0.10714285714285714,0.6071428571428571,0.23809523809523808,0.05952380952380952,0.011904761904761904,0.11904761904761904,0.5476190476190477,0.4642857142857143,0.9363957597173145,1178
8,Liga ACB,51,2025-2026,59422,Mehdy Ngouama,1319,Coviran Granada,13,72,52,14,1,17,4,2,4,5,4,36,6,2,38,35,37,9,0,46,3,11,3,28,12,2,1,12,32,31,24,35,14,10,0.19444444444444445,0.013888888888888888,0.2361111111111111,0.05555555555555555,0.027777777777777776,0.05555555555555555,0.06944444444444445,0.05555555555555555,0.5,0.08333333333333333,0.027777777777777776,0.5277777777777778,0.4861111111111111,0.5138888888888888,0.125,0.0,0.6388888888888888,0.041666666666666664,0.1527777777777778,0.041666666666666664,0.3888888888888889,0.16666666666666666,0.027777777777777776,0.013888888888888888,0.16666666666666666,0.4444444444444444,0.4305555555555556,0.826044703595724,569
8,Liga ACB,51,2025-2026,59475,Stan Okoye,1332,BC MoraBanc Andorra,25,39,29,11,1,10,5,1,4,3,3,13,15,4,17,22,17,2,2,6,2,21,6,24,8,3,2,4,19,15,16,16,5,5,0.28205128205128205,0.02564102564102564,0.2564102564102564,0.1282051282051282,0.02564102564102564,0.10256410256410256,0.07692307692307693,0.07692307692307693,0.3333333333333333,0.38461538461538464,0.10256410256410256,0.4358974358974359,0.5641025641025641,0.4358974358974359,0.05128205128205128,0.05128205128205128,0.15384615384615385,0.05128205128205128,0.5384615384615384,0.15384615384615385,0.6153846153846154,0.20512820512820512,0.07692307692307693,0.05128205128205128,0.10256410256410256,0.48717948717948717,0.38461538461538464,1.153846153846154,1033
8,Liga ACB,51,2025-2026,59527,Jaime Fernandez Manzanares,1331,Casademont Zaragoza,25,4,4,3,0,0,0,0,0,1,0,3,1,2,1,3,1,0,0,0,0,3,1,8,3,1,0,0,4,0,6,3,0,0,0.75,0.0,0.0,0.0,0.0,0.0,0.25,0.0,0.75,0.25,0.5,0.25,0.75,0.25,0.0,0.0,0.0,0.0,0.75,0.25,2.0,0.75,0.25,0.0,0.0,1.0,0.0,2.0,518
8,Liga ACB,51,2025-2026,61525,Dario Dreznjak,1322,Leche Rio Breogan,1,1,1,1,0,0,0,0,0,1,0,0,1,0,0,1,0,0,0,0,0,1,0,0,0,0,0,0,1,0,0,0,0,0,1.0,0.0,0.0,0.0,0.0,0.0,1.0,0.0,0.0,1.0,0.0,0.0,1.0,0.0,0.0,0.0,0.0,0.0,1.0,0.0,0.0,0.0,0.0,0.0,0.0,1.0,0.0,,33
8,Liga ACB,51,2025-2026,61550,Brandon Jefferson,1328,Dreamland Gran Canaria,3,6,4,0,0,3,2,0,1,0,0,0,1,0,3,3,3,1,0,2,2,1,0,2,1,0,0,0,1,2,2,1,0,0,0.0,0.0,0.5,0.3333333333333333,0.0,0.16666666666666666,0.0,0.0,0.0,0.16666666666666666,0.0,0.5,0.5,0.5,0.16666666666666666,0.0,0.3333333333333333,0.3333333333333333,0.16666666666666666,0.0,0.3333333333333333,0.16666666666666666,0.0,0.0,0.0,0.16666666666666666,0.3333333333333333,2.0,87
8,Liga ACB,51,2025-2026,62834,Kevin Yebo,1333,Lenovo Tenerife,1,2,2,1,0,0,0,0,0,0,0,2,0,0,2,1,1,0,0,0,0,1,1,2,1,0,0,1,2,0,2,1,2,2,0.5,0.0,0.0,0.0,0.0,0.0,0.0,0.0,1.0,0.0,0.0,1.0,0.5,0.5,0.0,0.0,0.0,0.0,0.5,0.5,1.0,0.5,0.0,0.0,0.5,1.0,0.0,2.127659574468085,15
8,Liga ACB,51,2025-2026,63998,Jordan Walker,1322,Leche Rio Breogan,4,7,6,3,0,4,1,0,1,0,0,1,0,0,5,2,5,3,0,1,1,2,0,10,2,2,0,0,5,2,4,2,0,0,0.42857142857142855,0.0,0.5714285714285714,0.14285714285714285,0.0,0.14285714285714285,0.0,0.0,0.14285714285714285,0.0,0.0,0.7142857142857143,0.2857142857142857,0.7142857142857143,0.42857142857142855,0.0,0.14285714285714285,0.14285714285714285,0.2857142857142857,0.0,1.4285714285714286,0.2857142857142857,0.2857142857142857,0.0,0.0,0.7142857142857143,0.2857142857142857,2.0,74
8,Liga ACB,51,2025-2026,64368,Matija Lukic,1331,Casademont Zaragoza,1,1,1,0,0,0,0,0,0,0,0,1,0,0,0,0,1,0,0,1,0,0,0,2,1,0,0,1,1,0,2,1,1,1,0.0,0.0,0.0,0.0,0.0,0.0,0.0,0.0,1.0,0.0,0.0,0.0,0.0,1.0,0.0,0.0,1.0,0.0,0.0,0.0,2.0,1.0,0.0,0.0,1.0,1.0,0.0,2.0833333333333335,4
8,Liga ACB,51,2025-2026,83339,Josep Perez,1319,Coviran Granada,3,18,15,2,0,3,1,0,4,0,2,8,1,3,7,12,6,2,0,11,0,5,0,10,5,0,0,2,7,9,10,13,1,1,0.1111111111111111,0.0,0.16666666666666666,0.05555555555555555,0.0,0.2222222222222222,0.0,0.1111111111111111,0.4444444444444444,0.05555555555555555,0.16666666666666666,0.3888888888888889,0.6666666666666666,0.3333333333333333,0.1111111111111111,0.0,0.6111111111111112,0.0,0.2777777777777778,0.0,0.5555555555555556,0.2777777777777778,0.0,0.0,0.1111111111111111,0.3888888888888889,0.5,0.8184523809523809,137
8,Liga ACB,51,2025-2026,83934,Lucas Sanchez,1330,BAXI Manresa,1,2,2,0,0,0,0,0,0,1,0,1,0,0,2,2,0,0,0,1,0,1,0,2,1,0,0,0,1,0,2,1,0,0,0.0,0.0,0.0,0.0,0.0,0.0,0.5,0.0,0.5,0.0,0.0,1.0,1.0,0.0,0.0,0.0,0.5,0.0,0.5,0.0,1.0,0.5,0.0,0.0,0.0,0.5,0.0,2.0,17
8,Liga ACB,51,2025-2026,84388,Dandre Washington,1331,Casademont Zaragoza,1,14,11,1,1,6,0,0,3,1,0,4,0,0,4,8,6,3,0,10,1,0,0,11,4,1,1,1,7,2,8,6,2,2,0.07142857142857142,0.07142857142857142,0.42857142857142855,0.0,0.0,0.21428571428571427,0.07142857142857142,0.0,0.2857142857142857,0.0,0.0,0.2857142857142857,0.5714285714285714,0.42857142857142855,0.21428571428571427,0.0,0.7142857142857143,0.07142857142857142,0.0,0.0,0.7857142857142857,0.2857142857142857,0.07142857142857142,0.07142857142857142,0.07142857142857142,0.5,0.14285714285714285,1.4534883720930232,47
8,Liga ACB,51,2025-2026,84393,Diego Niebla,1336,Club Joventut Badalona,5,4,4,2,0,0,0,0,2,2,0,0,1,1,1,3,1,0,0,1,0,3,0,4,0,1,0,0,2,2,0,2,0,0,0.5,0.0,0.0,0.0,0.0,0.5,0.5,0.0,0.0,0.25,0.25,0.25,0.75,0.25,0.0,0.0,0.25,0.0,0.75,0.0,1.0,0.0,0.25,0.0,0.0,0.5,0.5,0.0,58
8,Liga ACB,51,2025-2026,84394,Pepe Vildoza,1315,Basquet Girona,1,2,1,0,0,2,0,0,0,0,0,0,0,0,0,2,0,0,0,2,0,0,0,0,0,0,1,0,0,0,0,0,0,0,0.0,0.0,1.0,0.0,0.0,0.0,0.0,0.0,0.0,0.0,0.0,0.0,1.0,0.0,0.0,0.0,1.0,0.0,0.0,0.0,0.0,0.0,0.0,0.5,0.0,0.0,0.0,,19
8,Liga ACB,51,2025-2026,84865,Pablo Sevilla,1334,CB UCAM Murcia,2,1,1,0,0,0,0,0,0,0,0,1,0,0,0,1,0,1,0,0,0,0,0,0,0,0,0,0,0,1,0,1,0,0,0.0,0.0,0.0,0.0,0.0,0.0,0.0,0.0,1.0,0.0,0.0,0.0,1.0,0.0,1.0,0.0,0.0,0.0,0.0,0.0,0.0,0.0,0.0,0.0,0.0,0.0,1.0,0.0,17
8,Liga ACB,51,2025-2026,92796,Joaquin Taboada,1316,San Pablo Burgos,5,5,5,0,0,0,0,0,1,2,0,2,3,0,2,4,1,1,0,0,0,4,0,2,0,1,1,0,1,3,0,3,0,0,0.0,0.0,0.0,0.0,0.0,0.2,0.4,0.0,0.4,0.6,0.0,0.4,0.8,0.2,0.2,0.0,0.0,0.0,0.8,0.0,0.4,0.0,0.2,0.2,0.0,0.2,0.6,0.0,120
8,Liga ACB,51,2025-2026,92815,Alejandro REYES,1330,BAXI Manresa,13,24,19,6,0,6,0,0,5,0,1,12,2,0,20,8,16,5,0,1,1,11,6,17,7,1,0,7,19,4,14,11,14,12,0.25,0.0,0.25,0.0,0.0,0.20833333333333334,0.0,0.041666666666666664,0.5,0.08333333333333333,0.0,0.8333333333333334,0.3333333333333333,0.6666666666666666,0.20833333333333334,0.0,0.041666666666666664,0.041666666666666664,0.4583333333333333,0.25,0.7083333333333334,0.2916666666666667,0.041666666666666664,0.0,0.2916666666666667,0.7916666666666666,0.16666666666666666,1.5151515151515151,675
8,Liga ACB,51,2025-2026,93153,Khory Rosembert,1315,Basquet Girona,7,1,1,0,0,1,0,0,0,0,0,0,0,0,1,1,0,1,0,0,0,0,0,0,0,0,0,0,0,1,0,0,0,0,0.0,0.0,1.0,0.0,0.0,0.0,0.0,0.0,0.0,0.0,0.0,1.0,1.0,0.0,1.0,0.0,0.0,0.0,0.0,0.0,0.0,0.0,0.0,0.0,0.0,0.0,1.0,,91
8,Liga ACB,51,2025-2026,94468,Mate KHATIASHVILI,1326,Bitci Baskonia,1,1,1,0,0,1,0,0,0,0,0,0,0,0,1,1,0,0,0,1,0,0,0,2,0,0,0,0,0,0,0,0,0,0,0.0,0.0,1.0,0.0,0.0,0.0,0.0,0.0,0.0,0.0,0.0,1.0,1.0,0.0,0.0,0.0,1.0,0.0,0.0,0.0,2.0,0.0,0.0,0.0,0.0,0.0,0.0,,5
8,Liga ACB,51,2025-2026,94898,Adria Rodriguez,1323,ICG Forca Lleida,8,42,27,8,1,18,0,1,1,7,2,13,5,0,23,29,13,4,0,26,3,3,6,25,5,5,1,4,19,10,10,12,6,3,0.19047619047619047,0.023809523809523808,0.42857142857142855,0.0,0.023809523809523808,0.023809523809523808,0.16666666666666666,0.047619047619047616,0.30952380952380953,0.11904761904761904,0.0,0.5476190476190477,0.6904761904761905,0.30952380952380953,0.09523809523809523,0.0,0.6190476190476191,0.07142857142857142,0.07142857142857142,0.14285714285714285,0.5952380952380952,0.11904761904761904,0.11904761904761904,0.023809523809523808,0.09523809523809523,0.4523809523809524,0.23809523809523808,0.8879781420765027,194
8,Liga ACB,51,2025-2026,96118,Alvaro Fernandez,1319,Coviran Granada,3,2,2,0,0,0,0,0,0,0,0,2,0,1,1,2,0,0,0,1,0,1,0,4,2,0,0,0,2,0,4,2,0,0,0.0,0.0,0.0,0.0,0.0,0.0,0.0,0.0,1.0,0.0,0.5,0.5,1.0,0.0,0.0,0.0,0.5,0.0,0.5,0.0,2.0,1.0,0.0,0.0,0.0,1.0,0.0,2.0,10
