competition_id,competition_name,season_id,season_name,player_id,player_name,team_id,team_name,games_played,attempts,three_attempts,two_attempts,mades,three_mades,two_mades,fouled_fg_attempts,fouled_fg_mades,total_points,assisted_mades,blocked_on_attempts,avg_attempts_distance,cns_attempts,cns_three_attempts,cns_two_attempts,cns_mades,cns_three_mades,cns_two_mades,cns_total_points,od_attempts,od_three_attempts,od_two_attempts,od_mades,od_three_mades,od_two_mades,od_total_points,contested_attempts,contested_three_attempts,contested_two_attempts,contested_mades,contested_three_mades,contested_two_mades,contested_total_points,uncontested_attempts,uncontested_three_attempts,uncontested_two_attempts,uncontested_mades,uncontested_three_mades,uncontested_two_mades,uncontested_total_points,zone_restricted_area_attempts,zone_restricted_area_mades,zone_restricted_area_misses,zone_restricted_area_total_points,zone_paint_non_ra_attempts,zone_paint_non_ra_mades,zone_paint_non_ra_misses,zone_paint_non_ra_total_points,zone_mid_range_attempts,zone_mid_range_mades,zone_mid_range_misses,zone_mid_range_total_points,zone_corner_3_attempts,zone_corner_3_mades,zone_corner_3_misses,zone_corner_3_total_points,zone_above_break_3_attempts,zone_above_break_3_mades,zone_above_break_3_misses,zone_above_break_3_total_points,zone_backcourt_attempts,zone_backcourt_mades,zone_backcourt_misses,zone_backcourt_total_points,zone_far_attempts,zone_far_mades,zone_far_misses,zone_far_total_points,zone_other_attempts,zone_other_mades,zone_other_misses,zone_other_total_points,cl_average_attempts,cl_average_mades,cl_average_misses,cl_average_total_points,cl_blocked_attempts,cl_blocked_mades,cl_blocked_misses,cl_blocked_total_points,cl_light_attempts,cl_light_mades,cl_light_misses,cl_light_total_points,cl_open_attempts,cl_open_mades,cl_open_misses,cl_open_total_points,cl_plus_attempts,cl_plus_mades,cl_plus_misses,cl_plus_total_points,cst_catch_and_shoot_attempts,cst_catch_and_shoot_mades,cst_catch_and_shoot_misses,cst_catch_and_shoot_total_points,cst_dribble_pull_up_attempts,cst_dribble_pull_up_mades,cst_dribble_pull_up_misses,cst_dribble_pull_up_total_points,cst_dunk_attempts,cst_dunk_mades,cst_dunk_misses,cst_dunk_total_points,cst_floater_attempts,cst_floater_mades,cst_floater_misses,cst_floater_total_points,cst_heave_attempts,cst_heave_mades,cst_heave_misses,cst_heave_total_points,cst_hook_attempts,cst_hook_mades,cst_hook_misses,cst_hook_total_points,cst_layup_attempts,cst_layup_mades,cst_layup_misses,cst_layup_total_points,cst_leaner_attempts,cst_leaner_mades,cst_leaner_misses,cst_leaner_total_points,cst_lob_attempts,cst_lob_mades,cst_lob_misses,cst_lob_total_points,cst_off_move_attempts,cst_off_move_mades,cst_off_move_misses,cst_off_move_total_points,cst_post_fadeaway_attempts,cst_post_fadeaway_mades,cst_post_fadeaway_misses,cst_post_fadeaway_total_points,cst_shake_and_raise_attempts,cst_shake_and_raise_mades,cst_shake_and_raise_misses,cst_shake_and_raise_total_points,cst_stepback_attempts,cst_stepback_mades,cst_stepback_misses,cst_stepback_total_points,cst_tip_attempts,cst_tip_mades,cst_tip_misses,cst_tip_total_points,ft_attempts,ft_mades,cns_ft_attempts,cns_ft_mades,od_ft_attempts,od_ft_mades,contested_ft_attempts,contested_ft_mades,uncontested_ft_attempts,uncontested_ft_mades,fg_percentage,two_pt_percentage,three_pt_percentage,ft_percentage,efg_percentage,fouled_fg_percentage,points_per_shot,three_pa_rate,cns_fg_percentage,cns_two_fg_percentage,cns_three_fg_percentage,cns_efg_percentage,cns_points_per_shot,cns_attempt_rate,od_fg_percentage,od_two_fg_percentage,od_three_fg_percentage,od_efg_percentage,od_points_per_shot,od_attempt_rate,contested_fg_percentage,contested_two_fg_percentage,contested_three_fg_percentage,contested_efg_percentage,contested_points_per_shot,contested_attempt_rate,uncontested_fg_percentage,uncontested_two_fg_percentage,uncontested_three_fg_percentage,uncontested_efg_percentage,uncontested_points_per_shot,uncontested_attempt_rate,cl_average_fg_percentage,cl_average_attempt_rate,cl_average_points_per_shot,cl_blocked_fg_percentage,cl_blocked_attempt_rate,cl_blocked_points_per_shot,cl_light_fg_percentage,cl_light_attempt_rate,cl_light_points_per_shot,cl_open_fg_percentage,cl_open_attempt_rate,cl_open_points_per_shot,cl_plus_fg_percentage,cl_plus_attempt_rate,cl_plus_points_per_shot,cst_catch_and_shoot_fg_percentage,cst_catch_and_shoot_attempt_rate,cst_catch_and_shoot_points_per_shot,cst_dribble_pull_up_fg_percentage,cst_dribble_pull_up_attempt_rate,cst_dribble_pull_up_points_per_shot,cst_dunk_fg_percentage,cst_dunk_attempt_rate,cst_dunk_points_per_shot,cst_floater_fg_percentage,cst_floater_attempt_rate,cst_floater_points_per_shot,cst_heave_fg_percentage,cst_heave_attempt_rate,cst_heave_points_per_shot,cst_hook_fg_percentage,cst_hook_attempt_rate,cst_hook_points_per_shot,cst_layup_fg_percentage,cst_layup_attempt_rate,cst_layup_points_per_shot,cst_leaner_fg_percentage,cst_leaner_attempt_rate,cst_leaner_points_per_shot,cst_lob_fg_percentage,cst_lob_attempt_rate,cst_lob_points_per_shot,cst_off_move_fg_percentage,cst_off_move_attempt_rate,cst_off_move_points_per_shot,cst_post_fadeaway_fg_percentage,cst_post_fadeaway_attempt_rate,cst_post_fadeaway_points_per_shot,cst_shake_and_raise_fg_percentage,cst_shake_and_raise_attempt_rate,cst_shake_and_raise_points_per_shot,cst_stepback_fg_percentage,cst_stepback_attempt_rate,cst_stepback_points_per_shot,cst_tip_fg_percentage,cst_tip_attempt_rate,cst_tip_points_per_shot,rim_attempts,rim_mades,rim_fg_percentage,rim_attempt_rate,short_midrange_paint_attempts,short_midrange_paint_mades,short_midrange_paint_fg_percentage,short_midrange_paint_attempt_rate,long_midrange_attempts,long_midrange_mades,long_midrange_fg_percentage,long_midrange_attempt_rate,zone_three_attempts,zone_three_mades,zone_three_fg_percentage,zone_three_attempt_rate,zone_corner_3_left_attempts,zone_corner_3_left_mades,zone_corner_3_left_misses,zone_corner_3_left_total_points,zone_corner_3_left_fg_percentage,zone_corner_3_left_attempt_rate,zone_corner_3_left_points_per_shot,zone_corner_3_right_attempts,zone_corner_3_right_mades,zone_corner_3_right_misses,zone_corner_3_right_total_points,zone_corner_3_right_fg_percentage,zone_corner_3_right_attempt_rate,zone_corner_3_right_points_per_shot,zone_top_3_attempts,zone_top_3_mades,zone_top_3_misses,zone_top_3_total_points,zone_top_3_fg_percentage,zone_top_3_attempt_rate,zone_top_3_points_per_shot,zone_wing_3_left_attempts,zone_wing_3_left_mades,zone_wing_3_left_misses,zone_wing_3_left_total_points,zone_wing_3_left_fg_percentage,zone_wing_3_left_attempt_rate,zone_wing_3_left_points_per_shot,zone_wing_3_right_attempts,zone_wing_3_right_mades,zone_wing_3_right_misses,zone_wing_3_right_total_points,zone_wing_3_right_fg_percentage,zone_wing_3_right_attempt_rate,zone_wing_3_right_points_per_shot,possessions_played
8,Liga ACB,51,2025-2026,446,Kameron Taylor,1325,Valencia BC,6,68,26,42,34,8,26,1,1,77,15,3,14.01799702259543,30,22,8,12,8,4,32,37,4,33,21,0,21,42,51,19,32,22,6,16,50,17,7,10,12,2,10,26,14,11,3,22,18,11,7,22,10,4,6,8,5,2,3,6,21,6,15,18,0,0,0,0,0,0,0,0,0,0,0,0,18,7,11,17,3,0,3,0,5,1,4,2,12,11,1,24,30,15,15,33,15,6,9,18,12,5,7,10,1,1,0,2,2,0,2,0,0,0,0,0,3,2,1,4,19,14,5,28,0,0,0,0,1,1,0,2,10,3,7,8,3,1,2,2,1,0,1,0,0,0,0,0,1,1,0,2,1,1,0,0,1,1,1,1,0,0,0.5,0.6190476190476191,0.3076923076923077,1.0,0.5588235294117647,1.0,1.125073056691993,0.38235294117647056,0.4,0.5,0.36363636363636365,0.5333333333333333,1.0666666666666667,0.44776119402985076,0.5675675675675675,0.6363636363636364,0.0,0.5675675675675675,1.1485042735042736,0.5522388059701493,0.43137254901960786,0.5,0.3157894736842105,0.49019607843137253,0.9914463452566097,0.75,0.7058823529411765,1.0,0.2857142857142857,0.7647058823529411,1.5294117647058822,0.25,0.3888888888888889,0.2647058823529412,0.9444444444444444,0.0,0.04411764705882353,0.0,0.2,0.07352941176470588,0.4,0.9166666666666666,0.17647058823529413,2.0,0.5,0.4411764705882353,1.1,0.4,0.22058823529411764,1.2,0.4166666666666667,0.17647058823529413,0.8333333333333334,1.0,0.014705882352941176,2.0,0.0,0.029411764705882353,0.0,,0.0,,0.6666666666666666,0.04411764705882353,1.3333333333333333,0.7368421052631579,0.27941176470588236,1.4736842105263157,,0.0,,1.0,0.014705882352941176,2.0,0.3,0.14705882352941177,0.8,0.3333333333333333,0.04411764705882353,0.6666666666666666,0.0,0.014705882352941176,0.0,,0.0,,1.0,0.014705882352941176,2.0,14,11,0.7857142857142857,0.20588235294117646,18,11,0.6111111111111112,0.2647058823529412,10,4,0.4,0.14705882352941177,26,8,0.3076923076923077,0.38235294117647056,2,2,0,6,1.0,0.029411764705882353,3.0,3,0,3,0,0.0,0.04411764705882353,0.0,8,4,4,12,0.5,0.11764705882352941,1.5,7,1,6,3,0.14285714285714285,0.10294117647058823,0.42857142857142855,6,1,5,3,0.16666666666666666,0.08823529411764706,0.5,272
8,Liga ACB,51,2025-2026,7699,Cameron Hildreth,1315,Basquet Girona,10,55,12,43,26,2,24,9,2,77,3,6,8.890511549604433,9,7,2,4,2,2,10,43,4,39,21,0,21,42,45,8,37,20,1,19,41,8,3,5,6,1,5,13,22,18,4,36,16,6,10,12,4,0,4,0,2,0,2,0,9,2,7,6,0,0,0,0,0,0,0,0,2,0,2,0,17,9,8,19,6,0,6,0,2,1,1,2,6,5,1,11,22,11,11,22,5,2,3,6,5,0,5,0,0,0,0,0,4,0,4,0,0,0,0,0,1,1,0,2,32,22,10,44,0,0,0,0,0,0,0,0,2,0,2,0,1,0,1,0,0,0,0,0,1,0,1,0,2,1,1,2,28,23,0,0,16,12,14,11,2,1,0.4727272727272727,0.5581395348837209,0.16666666666666666,0.8214285714285714,0.4909090909090909,0.2222222222222222,1.1437908496732028,0.21818181818181817,0.4444444444444444,1.0,0.2857142857142857,0.5555555555555556,1.1111111111111112,0.17307692307692307,0.4883720930232558,0.5384615384615384,0.0,0.4883720930232558,1.079136690647482,0.8269230769230769,0.4444444444444444,0.5135135135135135,0.125,0.45555555555555555,1.016419077404222,0.8490566037735849,0.75,1.0,0.3333333333333333,0.8125,1.5765765765765765,0.1509433962264151,0.5294117647058824,0.3090909090909091,1.1176470588235294,0.0,0.10909090909090909,0.0,0.5,0.03636363636363636,1.0,0.8333333333333334,0.10909090909090909,1.8333333333333333,0.5,0.4,1.0,0.4,0.09090909090909091,1.2,0.0,0.09090909090909091,0.0,,0.0,,0.0,0.07272727272727272,0.0,,0.0,,1.0,0.01818181818181818,2.0,0.6875,0.5818181818181818,1.375,,0.0,,,0.0,,0.0,0.03636363636363636,0.0,0.0,0.01818181818181818,0.0,,0.0,,0.0,0.01818181818181818,0.0,0.5,0.03636363636363636,1.0,22,18,0.8181818181818182,0.4,16,6,0.375,0.2909090909090909,4,0,0.0,0.07272727272727272,11,2,0.18181818181818182,0.2,1,0,1,0,0.0,0.01818181818181818,0.0,1,0,1,0,0.0,0.01818181818181818,0.0,4,1,3,3,0.25,0.07272727272727272,0.75,2,0,2,0,0.0,0.03636363636363636,0.0,3,1,2,3,0.3333333333333333,0.05454545454545454,1.0,238
8,Liga ACB,51,2025-2026,8673,Zach Hicks,1334,CB UCAM Murcia,14,30,28,2,8,8,0,2,0,27,7,0,22.528092443995344,29,28,1,8,8,0,24,1,0,1,0,0,0,0,22,21,1,7,7,0,21,8,7,1,1,1,0,3,1,0,1,0,1,0,1,0,0,0,0,0,8,4,4,12,20,4,16,12,0,0,0,0,0,0,0,0,0,0,0,0,17,6,11,18,0,0,0,0,2,0,2,0,6,1,5,3,5,1,4,3,18,6,12,18,0,0,0,0,0,0,0,0,0,0,0,0,0,0,0,0,0,0,0,0,2,0,2,0,0,0,0,0,0,0,0,0,10,2,8,6,0,0,0,0,0,0,0,0,0,0,0,0,0,0,0,0,5,3,3,2,2,1,5,3,0,0,0.26666666666666666,0.0,0.2857142857142857,0.6,0.4,0.0,0.8385093167701863,0.9333333333333333,0.27586206896551724,0.0,0.2857142857142857,0.41379310344827586,0.8575197889182058,0.9666666666666667,0.0,0.0,,0.0,0.5319148936170213,0.03333333333333333,0.3181818181818182,0.0,0.3333333333333333,0.4772727272727273,0.9917355371900827,0.7333333333333333,0.125,0.0,0.14285714285714285,0.1875,0.375,0.26666666666666666,0.35294117647058826,0.5666666666666667,1.0588235294117647,,0.0,,0.0,0.06666666666666667,0.0,0.16666666666666666,0.2,0.5,0.2,0.16666666666666666,0.6,0.3333333333333333,0.6,1.0,,0.0,,,0.0,,,0.0,,,0.0,,,0.0,,0.0,0.06666666666666667,0.0,,0.0,,,0.0,,0.2,0.3333333333333333,0.6,,0.0,,,0.0,,,0.0,,,0.0,,1,0,0.0,0.03333333333333333,1,0,0.0,0.03333333333333333,0,0,,0.0,28,8,0.2857142857142857,0.9333333333333333,6,4,2,12,0.6666666666666666,0.2,2.0,2,0,2,0,0.0,0.06666666666666667,0.0,3,0,3,0,0.0,0.1,0.0,10,2,8,6,0.2,0.3333333333333333,0.6,7,2,5,6,0.2857142857142857,0.23333333333333334,0.8571428571428571,235
8,Liga ACB,51,2025-2026,11247,Kameron Milton Allante Taylor,1325,Valencia BC,16,126,44,82,68,21,47,9,1,175,33,7,12.931506264690128,55,36,19,25,16,9,66,67,7,60,40,4,36,84,91,28,63,49,13,36,111,33,14,19,19,8,11,46,28,16,12,32,39,22,17,44,15,9,6,18,13,8,5,24,28,13,15,39,1,0,1,0,0,0,0,0,2,0,2,0,27,16,11,39,7,0,7,0,7,4,3,10,26,15,11,36,57,33,24,72,30,13,17,38,16,9,7,22,2,2,0,4,2,1,1,2,1,0,1,0,14,9,5,18,43,24,19,48,0,0,0,0,0,0,0,0,9,4,5,12,1,0,1,0,1,1,0,3,4,4,0,8,1,1,0,2,25,18,5,2,10,9,14,10,0,0,0.5396825396825397,0.573170731707317,0.4772727272727273,0.72,0.623015873015873,0.1111111111111111,1.2773722627737227,0.3492063492063492,0.45454545454545453,0.47368421052631576,0.4444444444444444,0.6,1.1888111888111887,0.45081967213114754,0.5970149253731343,0.6,0.5714285714285714,0.6268656716417911,1.3025210084033612,0.5491803278688525,0.5384615384615384,0.5714285714285714,0.4642857142857143,0.6098901098901099,1.2453684643886374,0.7338709677419355,0.5757575757575758,0.5789473684210527,0.5714285714285714,0.696969696969697,1.393939393939394,0.2661290322580645,0.5925925925925926,0.21428571428571427,1.4444444444444444,0.0,0.05555555555555555,0.0,0.5714285714285714,0.05555555555555555,1.4285714285714286,0.5769230769230769,0.20634920634920634,1.3846153846153846,0.5789473684210527,0.4523809523809524,1.263157894736842,0.43333333333333335,0.23809523809523808,1.2666666666666666,0.5625,0.12698412698412698,1.375,1.0,0.015873015873015872,2.0,0.5,0.015873015873015872,1.0,0.0,0.007936507936507936,0.0,0.6428571428571429,0.1111111111111111,1.2857142857142858,0.5581395348837209,0.3412698412698413,1.1162790697674418,,0.0,,,0.0,,0.4444444444444444,0.07142857142857142,1.3333333333333333,0.0,0.007936507936507936,0.0,1.0,0.007936507936507936,3.0,1.0,0.031746031746031744,2.0,1.0,0.007936507936507936,2.0,28,16,0.5714285714285714,0.2222222222222222,39,22,0.5641025641025641,0.30952380952380953,15,9,0.6,0.11904761904761904,41,21,0.5121951219512195,0.3253968253968254,7,5,2,15,0.7142857142857143,0.05555555555555555,2.142857142857143,6,3,3,9,0.5,0.047619047619047616,1.5,10,3,7,9,0.3,0.07936507936507936,0.9,10,4,6,12,0.4,0.07936507936507936,1.2,8,6,2,18,0.75,0.06349206349206349,2.25,637
8,Liga ACB,51,2025-2026,11845,Justin McKoy,1332,BC MoraBanc Andorra,29,177,105,72,58,29,29,17,3,185,43,5,17.883962810677396,105,90,15,38,28,10,104,60,7,53,20,1,19,41,121,64,57,35,14,21,84,50,36,14,23,15,8,61,21,10,11,20,26,12,14,24,24,7,17,14,23,7,16,21,76,22,54,66,1,0,1,0,0,0,0,0,6,0,6,0,52,11,41,32,4,0,4,0,13,7,6,18,37,16,21,43,65,24,41,52,58,19,39,57,20,4,16,8,1,1,0,2,8,3,5,6,0,0,0,0,13,6,7,12,25,13,12,26,0,0,0,0,1,1,0,2,35,10,25,29,5,0,5,0,3,1,2,3,1,0,1,0,1,0,1,0,44,40,15,13,18,17,31,28,2,2,0.327683615819209,0.4027777777777778,0.2761904761904762,0.9090909090909091,0.4096045197740113,0.17647058823529413,0.9421470767977184,0.5932203389830508,0.3619047619047619,0.6666666666666666,0.3111111111111111,0.49523809523809526,1.0483870967741935,0.6363636363636364,0.3333333333333333,0.3584905660377358,0.14285714285714285,0.3416666666666667,0.8539458186101295,0.36363636363636365,0.2892561983471074,0.3684210526315789,0.21875,0.34710743801652894,0.8318478906714202,0.7076023391812866,0.46,0.5714285714285714,0.4166666666666667,0.61,1.2382075471698113,0.29239766081871343,0.21153846153846154,0.2937853107344633,0.6153846153846154,0.0,0.022598870056497175,0.0,0.5384615384615384,0.07344632768361582,1.3846153846153846,0.43243243243243246,0.20903954802259886,1.162162162162162,0.36923076923076925,0.3672316384180791,0.8,0.3275862068965517,0.327683615819209,0.9827586206896551,0.2,0.11299435028248588,0.4,1.0,0.005649717514124294,2.0,0.375,0.04519774011299435,0.75,,0.0,,0.46153846153846156,0.07344632768361582,0.9230769230769231,0.52,0.14124293785310735,1.04,,0.0,,1.0,0.005649717514124294,2.0,0.2857142857142857,0.1977401129943503,0.8285714285714286,0.0,0.02824858757062147,0.0,0.3333333333333333,0.01694915254237288,1.0,0.0,0.005649717514124294,0.0,0.0,0.005649717514124294,0.0,21,10,0.47619047619047616,0.11864406779661017,26,12,0.46153846153846156,0.14689265536723164,24,7,0.2916666666666667,0.13559322033898305,99,29,0.29292929292929293,0.559322033898305,13,2,11,6,0.15384615384615385,0.07344632768361582,0.46153846153846156,10,5,5,15,0.5,0.05649717514124294,1.5,12,4,8,12,0.3333333333333333,0.06779661016949153,1.0,31,10,21,30,0.3225806451612903,0.1751412429378531,0.967741935483871,33,8,25,24,0.24242424242424243,0.1864406779661017,0.7272727272727273,978
8,Liga ACB,51,2025-2026,12036,Jesse Edwards,1326,Bitci Baskonia,12,30,0,30,13,0,13,11,1,42,9,7,3.709729266519638,16,0,16,10,0,10,20,12,0,12,2,0,2,4,17,0,17,4,0,4,8,13,0,13,9,0,9,18,19,8,11,16,11,5,6,10,0,0,0,0,0,0,0,0,0,0,0,0,0,0,0,0,0,0,0,0,0,0,0,0,1,1,0,2,7,0,7,0,1,1,0,2,12,8,4,16,9,3,6,6,0,0,0,0,0,0,0,0,3,2,1,4,0,0,0,0,0,0,0,0,1,0,1,0,17,5,12,10,0,0,0,0,6,5,1,10,0,0,0,0,0,0,0,0,0,0,0,0,0,0,0,0,3,1,2,2,29,16,11,4,7,5,22,10,0,0,0.43333333333333335,0.43333333333333335,,0.5517241379310345,0.43333333333333335,0.09090909090909091,0.9822263797942002,0.0,0.625,0.625,,0.625,1.1516314779270633,0.5714285714285714,0.16666666666666666,0.16666666666666666,,0.16666666666666666,0.596816976127321,0.42857142857142855,0.23529411764705882,0.23529411764705882,,0.23529411764705882,0.6746626686656672,0.5666666666666667,0.6923076923076923,0.6923076923076923,,0.6923076923076923,1.3846153846153846,0.43333333333333335,1.0,0.03333333333333333,2.0,0.0,0.23333333333333334,0.0,1.0,0.03333333333333333,2.0,0.6666666666666666,0.4,1.3333333333333333,0.3333333333333333,0.3,0.6666666666666666,,0.0,,,0.0,,0.6666666666666666,0.1,1.3333333333333333,,0.0,,,0.0,,0.0,0.03333333333333333,0.0,0.29411764705882354,0.5666666666666667,0.5882352941176471,,0.0,,0.8333333333333334,0.2,1.6666666666666667,,0.0,,,0.0,,,0.0,,,0.0,,0.3333333333333333,0.1,0.6666666666666666,19,8,0.42105263157894735,0.6333333333333333,11,5,0.45454545454545453,0.36666666666666664,0,0,,0.0,0,0,,0.0,0,0,0,0,,0.0,,0,0,0,0,,0.0,,0,0,0,0,,0.0,,0,0,0,0,,0.0,,0,0,0,0,,0.0,,258
8,Liga ACB,51,2025-2026,15347,Isaiah Wong,1328,Dreamland Gran Canaria,32,319,105,214,148,34,114,58,12,453,34,7,12.86791024975985,58,42,16,20,10,10,50,244,59,185,119,23,96,261,235,64,171,106,19,87,231,72,35,37,36,14,22,86,71,52,19,104,91,36,55,72,46,21,25,42,15,5,10,15,82,28,54,84,0,0,0,0,2,0,2,0,12,6,6,13,75,29,46,67,7,0,7,0,22,8,14,20,50,28,22,66,153,77,76,164,32,8,24,24,104,45,59,109,5,5,0,10,14,5,9,10,1,0,1,0,13,6,7,12,99,62,37,124,6,1,5,2,0,0,0,0,13,2,11,6,5,2,3,4,5,1,4,3,10,5,5,13,0,0,0,0,146,123,8,5,92,79,86,70,14,13,0.46394984326018807,0.5327102803738317,0.3238095238095238,0.8424657534246576,0.5172413793103449,0.20689655172413793,1.182026928295585,0.329153605015674,0.3448275862068966,0.625,0.23809523809523808,0.43103448275862066,0.8940182054616385,0.19205298013245034,0.48770491803278687,0.518918918918919,0.3898305084745763,0.5348360655737705,1.1951631046119235,0.8079470198675497,0.451063829787234,0.5087719298245614,0.296875,0.49148936170212765,1.1032106729218591,0.7654723127035831,0.5,0.5945945945945946,0.4,0.5972222222222222,1.266632548618219,0.23452768729641693,0.38666666666666666,0.23510971786833856,0.8933333333333333,0.0,0.0219435736677116,0.0,0.36363636363636365,0.06896551724137931,0.9090909090909091,0.56,0.15673981191222572,1.32,0.5032679738562091,0.47962382445141066,1.0718954248366013,0.25,0.10031347962382445,0.75,0.4326923076923077,0.32601880877742945,1.0480769230769231,1.0,0.01567398119122257,2.0,0.35714285714285715,0.0438871473354232,0.7142857142857143,0.0,0.003134796238244514,0.0,0.46153846153846156,0.04075235109717868,0.9230769230769231,0.6262626262626263,0.3103448275862069,1.2525252525252526,0.16666666666666666,0.018808777429467086,0.3333333333333333,,0.0,,0.15384615384615385,0.04075235109717868,0.46153846153846156,0.4,0.01567398119122257,0.8,0.2,0.01567398119122257,0.6,0.5,0.03134796238244514,1.3,,0.0,,71,52,0.7323943661971831,0.2225705329153605,91,36,0.3956043956043956,0.2852664576802508,46,21,0.45652173913043476,0.14420062695924765,97,33,0.3402061855670103,0.30407523510971785,10,1,9,3,0.1,0.03134796238244514,0.3,5,4,1,12,0.8,0.01567398119122257,2.4,32,9,23,27,0.28125,0.10031347962382445,0.84375,29,11,18,33,0.3793103448275862,0.09090909090909091,1.1379310344827587,21,8,13,24,0.38095238095238093,0.06583072100313479,1.1428571428571428,1351
8,Liga ACB,51,2025-2026,15362,Michael Forrest,1334,CB UCAM Murcia,31,294,176,118,124,62,62,31,9,377,35,15,17.142299991592825,67,61,6,27,23,4,77,225,115,110,96,39,57,231,220,126,94,86,40,46,212,69,46,23,34,19,15,87,33,22,11,44,61,32,29,64,23,7,16,14,19,8,11,24,153,51,102,153,0,0,0,0,0,0,0,0,5,4,1,11,65,24,41,61,14,0,14,0,15,8,7,19,54,26,28,68,141,62,79,151,27,8,19,24,125,44,81,122,1,0,1,0,14,5,9,10,0,0,0,0,0,0,0,0,70,44,26,88,1,0,1,0,0,0,0,0,31,13,18,39,1,0,1,0,5,2,3,6,13,3,10,8,1,1,0,2,85,67,5,3,54,45,55,44,4,4,0.4217687074829932,0.5254237288135594,0.3522727272727273,0.788235294117647,0.5272108843537415,0.2903225806451613,1.1375980687990346,0.5986394557823129,0.40298507462686567,0.6666666666666666,0.3770491803278688,0.5746268656716418,1.1560693641618496,0.22945205479452055,0.4266666666666667,0.5181818181818182,0.3391304347826087,0.5133333333333333,1.1095031355523397,0.7705479452054794,0.39090909090909093,0.48936170212765956,0.31746031746031744,0.4818181818181818,1.0483210483210483,0.7612456747404844,0.4927536231884058,0.6521739130434783,0.41304347826086957,0.6304347826086957,1.2860373092142452,0.23875432525951557,0.36923076923076925,0.22108843537414966,0.9384615384615385,0.0,0.047619047619047616,0.0,0.5333333333333333,0.05102040816326531,1.2666666666666666,0.48148148148148145,0.1836734693877551,1.2592592592592593,0.4397163120567376,0.47959183673469385,1.070921985815603,0.2962962962962963,0.09183673469387756,0.8888888888888888,0.352,0.42517006802721086,0.976,0.0,0.003401360544217687,0.0,0.35714285714285715,0.047619047619047616,0.7142857142857143,,0.0,,,0.0,,0.6285714285714286,0.23809523809523808,1.2571428571428571,0.0,0.003401360544217687,0.0,,0.0,,0.41935483870967744,0.1054421768707483,1.2580645161290323,0.0,0.003401360544217687,0.0,0.4,0.017006802721088437,1.2,0.23076923076923078,0.04421768707482993,0.6153846153846154,1.0,0.003401360544217687,2.0,33,22,0.6666666666666666,0.11224489795918367,61,32,0.5245901639344263,0.20748299319727892,23,7,0.30434782608695654,0.0782312925170068,172,59,0.3430232558139535,0.5850340136054422,7,5,2,15,0.7142857142857143,0.023809523809523808,2.142857142857143,12,3,9,9,0.25,0.04081632653061224,0.75,61,17,44,51,0.2786885245901639,0.20748299319727892,0.8360655737704918,48,18,30,54,0.375,0.16326530612244897,1.125,44,16,28,48,0.36363636363636365,0.14965986394557823,1.0909090909090908,1044
8,Liga ACB,51,2025-2026,15367,Markquis Nowell,1326,Bitci Baskonia,6,41,26,15,15,5,10,1,0,42,3,2,19.260221701609183,19,17,2,4,2,2,10,19,9,10,8,3,5,19,29,18,11,9,3,6,21,11,7,4,5,1,4,11,7,5,2,10,4,1,3,2,4,4,0,8,2,0,2,0,22,4,18,12,1,0,1,0,0,0,0,0,1,1,0,3,18,7,11,16,2,0,2,0,2,2,0,5,9,3,6,6,9,2,7,5,12,2,10,6,7,3,4,8,1,1,0,2,2,1,1,2,1,0,1,0,0,0,0,0,11,7,4,14,0,0,0,0,0,0,0,0,5,0,5,0,0,0,0,0,0,0,0,0,1,0,1,0,0,0,0,0,11,7,0,0,3,2,3,2,0,0,0.36585365853658536,0.6666666666666666,0.19230769230769232,0.6363636363636364,0.4268292682926829,0.0,0.9162303664921465,0.6341463414634146,0.21052631578947367,1.0,0.11764705882352941,0.2631578947368421,0.5263157894736842,0.5,0.42105263157894735,0.5,0.3333333333333333,0.5,1.0334645669291338,0.5,0.3103448275862069,0.5454545454545454,0.16666666666666666,0.3620689655172414,0.758575197889182,0.725,0.45454545454545453,1.0,0.14285714285714285,0.5,1.0,0.275,0.3888888888888889,0.43902439024390244,0.8888888888888888,0.0,0.04878048780487805,0.0,1.0,0.04878048780487805,2.5,0.3333333333333333,0.21951219512195122,0.6666666666666666,0.2222222222222222,0.21951219512195122,0.5555555555555556,0.16666666666666666,0.2926829268292683,0.5,0.42857142857142855,0.17073170731707318,1.1428571428571428,1.0,0.024390243902439025,2.0,0.5,0.04878048780487805,1.0,0.0,0.024390243902439025,0.0,,0.0,,0.6363636363636364,0.2682926829268293,1.2727272727272727,,0.0,,,0.0,,0.0,0.12195121951219512,0.0,,0.0,,,0.0,,0.0,0.024390243902439025,0.0,,0.0,,7,5,0.7142857142857143,0.17073170731707318,4,1,0.25,0.0975609756097561,4,4,1.0,0.0975609756097561,24,4,0.16666666666666666,0.5853658536585366,2,0,2,0,0.0,0.04878048780487805,0.0,0,0,0,0,,0.0,,12,1,11,3,0.08333333333333333,0.2926829268292683,0.25,4,1,3,3,0.25,0.0975609756097561,0.75,6,2,4,6,0.3333333333333333,0.14634146341463414,1.0,213
8,Liga ACB,51,2025-2026,15369,Sir'Jabari Rice,1332,BC MoraBanc Andorra,11,109,41,68,54,17,37,16,6,151,11,6,14.037993823541866,27,21,6,12,8,4,32,80,20,60,42,9,33,93,79,28,51,30,9,21,69,30,13,17,24,8,16,56,18,13,5,26,37,17,20,34,13,7,6,14,5,1,4,3,34,16,18,48,0,0,0,0,2,0,2,0,0,0,0,0,28,10,18,28,6,0,6,0,8,7,1,15,22,17,5,41,45,20,25,41,9,3,6,9,27,13,14,34,0,0,0,0,11,4,7,8,0,0,0,0,3,1,2,2,39,26,13,52,0,0,0,0,0,0,0,0,13,6,7,17,1,0,1,0,4,1,3,3,2,0,2,0,0,0,0,0,34,26,1,0,23,18,25,19,1,1,0.4954128440366973,0.5441176470588235,0.4146341463414634,0.7647058823529411,0.573394495412844,0.375,1.218134882220071,0.3761467889908257,0.4444444444444444,0.6666666666666666,0.38095238095238093,0.5925925925925926,1.1661807580174925,0.2523364485981308,0.525,0.55,0.45,0.58125,1.2316910785619173,0.7476635514018691,0.379746835443038,0.4117647058823529,0.32142857142857145,0.43670886075949367,0.9777777777777777,0.7247706422018348,0.8,0.9411764705882353,0.6153846153846154,0.9333333333333333,1.8725361366622864,0.27522935779816515,0.35714285714285715,0.25688073394495414,1.0,0.0,0.05504587155963303,0.0,0.875,0.07339449541284404,1.875,0.7727272727272727,0.2018348623853211,1.8636363636363635,0.4444444444444444,0.41284403669724773,0.9111111111111111,0.3333333333333333,0.08256880733944955,1.0,0.48148148148148145,0.24770642201834864,1.2592592592592593,,0.0,,0.36363636363636365,0.10091743119266056,0.7272727272727273,,0.0,,0.3333333333333333,0.027522935779816515,0.6666666666666666,0.6666666666666666,0.3577981651376147,1.3333333333333333,,0.0,,,0.0,,0.46153846153846156,0.11926605504587157,1.3076923076923077,0.0,0.009174311926605505,0.0,0.25,0.03669724770642202,0.75,0.0,0.01834862385321101,0.0,,0.0,,18,13,0.7222222222222222,0.1651376146788991,37,17,0.4594594594594595,0.3394495412844037,13,7,0.5384615384615384,0.11926605504587157,39,17,0.4358974358974359,0.3577981651376147,4,1,3,3,0.25,0.03669724770642202,0.75,1,0,1,0,0.0,0.009174311926605505,0.0,5,3,2,9,0.6,0.045871559633027525,1.8,20,9,11,27,0.45,0.1834862385321101,1.35,9,4,5,12,0.4444444444444444,0.08256880733944955,1.3333333333333333,559
8,Liga ACB,51,2025-2026,15394,David Dejulius,1334,CB UCAM Murcia,31,415,173,242,193,68,125,42,14,546,41,9,15.413252168737944,80,59,21,37,24,13,98,324,110,214,152,44,108,348,290,124,166,125,48,77,298,118,42,76,66,18,48,150,57,36,21,72,115,58,57,116,70,31,39,62,12,3,9,9,152,63,89,189,1,0,1,0,1,0,1,0,7,2,5,6,121,59,62,147,8,0,8,0,30,14,16,33,88,52,36,117,161,66,95,151,34,15,19,45,150,59,91,153,0,0,0,0,52,28,24,56,1,0,1,0,6,2,4,4,102,62,40,124,2,2,0,4,0,0,0,0,27,11,16,30,1,0,1,0,2,1,1,3,31,11,20,29,0,0,0,0,115,92,2,2,54,41,35,25,24,20,0.4650602409638554,0.5165289256198347,0.3930635838150289,0.8,0.5469879518072289,0.3333333333333333,1.172680412371134,0.41686746987951806,0.4625,0.6190476190476191,0.4067796610169492,0.6125,1.2363996043521266,0.19801980198019803,0.4691358024691358,0.5046728971962616,0.4,0.5370370370370371,1.1185875316310099,0.801980198019802,0.43103448275862066,0.463855421686747,0.3870967741935484,0.5137931034482759,1.0576293385723643,0.7107843137254902,0.559322033898305,0.631578947368421,0.42857142857142855,0.635593220338983,1.3223397635345364,0.28921568627450983,0.48760330578512395,0.29156626506024097,1.2148760330578512,0.0,0.01927710843373494,0.0,0.4666666666666667,0.07228915662650602,1.1,0.5909090909090909,0.21204819277108433,1.3295454545454546,0.40993788819875776,0.38795180722891565,0.937888198757764,0.4411764705882353,0.0819277108433735,1.3235294117647058,0.3933333333333333,0.3614457831325301,1.02,,0.0,,0.5384615384615384,0.12530120481927712,1.0769230769230769,0.0,0.0024096385542168677,0.0,0.3333333333333333,0.014457831325301205,0.6666666666666666,0.6078431372549019,0.2457831325301205,1.2156862745098038,1.0,0.004819277108433735,2.0,,0.0,,0.4074074074074074,0.06506024096385542,1.1111111111111112,0.0,0.0024096385542168677,0.0,0.5,0.004819277108433735,1.5,0.3548387096774194,0.0746987951807229,0.9354838709677419,,0.0,,57,36,0.631578947368421,0.13734939759036144,115,58,0.5043478260869565,0.27710843373493976,70,31,0.44285714285714284,0.1686746987951807,164,66,0.4024390243902439,0.39518072289156625,7,1,6,3,0.14285714285714285,0.016867469879518072,0.42857142857142855,5,2,3,6,0.4,0.012048192771084338,1.2,66,25,41,75,0.3787878787878788,0.15903614457831325,1.1363636363636365,30,12,18,36,0.4,0.07228915662650602,1.2,56,26,30,78,0.4642857142857143,0.13493975903614458,1.3928571428571428,1518
8,Liga ACB,51,2025-2026,15452,Chase Audige,1339,Malaga,24,115,60,55,50,21,29,6,3,131,29,10,15.316937431541405,67,55,12,29,20,9,78,46,4,42,21,1,20,43,87,44,43,37,16,21,90,25,13,12,11,3,8,25,25,17,8,34,18,9,9,18,12,3,9,6,29,13,16,39,28,6,22,18,0,0,0,0,0,0,0,0,3,2,1,6,30,11,19,27,9,0,9,0,2,0,2,0,23,11,12,25,48,26,22,63,35,13,22,39,10,3,7,7,2,2,0,4,3,1,2,2,0,0,0,0,1,0,1,0,38,23,15,46,0,0,0,0,0,0,0,0,18,5,13,15,1,0,1,0,1,1,0,2,3,0,3,0,0,0,0,0,18,10,3,3,7,3,8,6,2,0,0.43478260869565216,0.5272727272727272,0.35,0.5555555555555556,0.5260869565217391,0.5,1.065733810608526,0.5217391304347826,0.43283582089552236,0.75,0.36363636363636365,0.582089552238806,1.1855971896955504,0.5929203539823009,0.45652173913043476,0.47619047619047616,0.25,0.4673913043478261,0.9372453137734311,0.40707964601769914,0.42528735632183906,0.4883720930232558,0.36363636363636365,0.5172413793103449,1.0605391073795847,0.7767857142857143,0.44,0.6666666666666666,0.23076923076923078,0.5,0.9659969088098919,0.22321428571428573,0.36666666666666664,0.2608695652173913,0.9,0.0,0.0782608695652174,0.0,0.0,0.017391304347826087,0.0,0.4782608695652174,0.2,1.0869565217391304,0.5416666666666666,0.41739130434782606,1.3125,0.37142857142857144,0.30434782608695654,1.1142857142857143,0.3,0.08695652173913043,0.7,1.0,0.017391304347826087,2.0,0.3333333333333333,0.02608695652173913,0.6666666666666666,,0.0,,0.0,0.008695652173913044,0.0,0.6052631578947368,0.33043478260869563,1.2105263157894737,,0.0,,,0.0,,0.2777777777777778,0.1565217391304348,0.8333333333333334,0.0,0.008695652173913044,0.0,1.0,0.008695652173913044,2.0,0.0,0.02608695652173913,0.0,,0.0,,25,17,0.68,0.21739130434782608,18,9,0.5,0.1565217391304348,12,3,0.25,0.10434782608695652,57,19,0.3333333333333333,0.4956521739130435,20,9,11,27,0.45,0.17391304347826086,1.35,9,4,5,12,0.4444444444444444,0.0782608695652174,1.3333333333333333,7,2,5,6,0.2857142857142857,0.06086956521739131,0.8571428571428571,9,2,7,6,0.2222222222222222,0.0782608695652174,0.6666666666666666,12,2,10,6,0.16666666666666666,0.10434782608695652,0.5,663
8,Liga ACB,51,2025-2026,15487,Omari Moore,1325,Valencia BC,28,187,70,117,90,28,62,24,6,247,32,9,12.409862125875806,63,49,14,26,19,7,71,115,20,95,62,8,54,132,127,47,80,54,18,36,126,57,21,36,34,9,25,77,49,31,18,62,57,28,29,56,10,2,8,4,17,5,12,15,51,22,29,66,0,0,0,0,0,0,0,0,3,2,1,5,49,25,24,63,9,0,9,0,10,3,7,8,47,31,16,69,69,29,40,63,30,12,18,36,24,10,14,25,4,4,0,8,6,2,4,4,0,0,0,0,6,3,3,6,87,47,40,94,0,0,0,0,0,0,0,0,19,7,12,21,0,0,0,0,3,1,2,3,2,2,0,6,3,0,3,0,50,39,2,2,38,31,31,24,11,10,0.48128342245989303,0.5299145299145299,0.4,0.78,0.5561497326203209,0.25,1.1818181818181819,0.37433155080213903,0.4126984126984127,0.5,0.3877551020408163,0.5634920634920635,1.1427676894176582,0.3539325842696629,0.5391304347826087,0.5684210526315789,0.4,0.5739130434782609,1.2374734284846645,0.6460674157303371,0.4251968503937008,0.45,0.3829787234042553,0.49606299212598426,1.066552901023891,0.6902173913043478,0.5964912280701754,0.6944444444444444,0.42857142857142855,0.6754385964912281,1.4068564036222508,0.30978260869565216,0.5102040816326531,0.2620320855614973,1.2857142857142858,0.0,0.0481283422459893,0.0,0.3,0.053475935828877004,0.8,0.6595744680851063,0.25133689839572193,1.4680851063829787,0.42028985507246375,0.3689839572192513,0.9130434782608695,0.4,0.16042780748663102,1.2,0.4166666666666667,0.12834224598930483,1.0416666666666667,1.0,0.0213903743315508,2.0,0.3333333333333333,0.03208556149732621,0.6666666666666666,,0.0,,0.5,0.03208556149732621,1.0,0.5402298850574713,0.46524064171123,1.0804597701149425,,0.0,,,0.0,,0.3684210526315789,0.10160427807486631,1.105263157894737,,0.0,,0.3333333333333333,0.016042780748663103,1.0,1.0,0.0106951871657754,3.0,0.0,0.016042780748663103,0.0,49,31,0.6326530612244898,0.2620320855614973,57,28,0.49122807017543857,0.3048128342245989,10,2,0.2,0.053475935828877004,68,27,0.39705882352941174,0.36363636363636365,10,4,6,12,0.4,0.053475935828877004,1.2,7,1,6,3,0.14285714285714285,0.0374331550802139,0.42857142857142855,13,6,7,18,0.46153846153846156,0.06951871657754011,1.3846153846153846,25,9,16,27,0.36,0.13368983957219252,1.08,13,7,6,21,0.5384615384615384,0.06951871657754011,1.6153846153846154,1055
8,Liga ACB,51,2025-2026,15565,Morris Udeze,1332,BC MoraBanc Andorra,20,65,0,65,42,0,42,31,11,120,27,7,3.5793686828868285,24,0,24,16,0,16,32,37,0,37,23,0,23,46,54,0,54,33,0,33,66,10,0,10,8,0,8,16,41,28,13,56,23,13,10,26,0,0,0,0,0,0,0,0,0,0,0,0,0,0,0,0,0,0,0,0,1,1,0,2,7,6,1,12,7,0,7,0,1,0,1,0,9,8,1,16,40,27,13,54,0,0,0,0,0,0,0,0,7,5,2,10,1,0,1,0,0,0,0,0,4,1,3,2,49,35,14,70,0,0,0,0,0,0,0,0,0,0,0,0,1,0,1,0,0,0,0,0,0,0,0,0,2,0,2,0,59,36,24,16,22,14,49,32,0,0,0.6461538461538462,0.6461538461538462,,0.6101694915254238,0.6461538461538462,0.3548387096774194,1.3192612137203168,0.0,0.6666666666666666,0.6666666666666666,,0.6666666666666666,1.3888888888888888,0.39344262295081966,0.6216216216216216,0.6216216216216216,,0.6216216216216216,1.2853470437017995,0.6065573770491803,0.6111111111111112,0.6111111111111112,,0.6111111111111112,1.2969825304393858,0.84375,0.8,0.8,,0.8,1.6,0.15625,0.8571428571428571,0.1076923076923077,1.7142857142857142,0.0,0.1076923076923077,0.0,0.0,0.015384615384615385,0.0,0.8888888888888888,0.13846153846153847,1.7777777777777777,0.675,0.6153846153846154,1.35,,0.0,,,0.0,,0.7142857142857143,0.1076923076923077,1.4285714285714286,0.0,0.015384615384615385,0.0,,0.0,,0.25,0.06153846153846154,0.5,0.7142857142857143,0.7538461538461538,1.4285714285714286,,0.0,,,0.0,,,0.0,,0.0,0.015384615384615385,0.0,,0.0,,,0.0,,0.0,0.03076923076923077,0.0,41,28,0.6829268292682927,0.6307692307692307,23,13,0.5652173913043478,0.35384615384615387,0,0,,0.0,0,0,,0.0,0,0,0,0,,0.0,,0,0,0,0,,0.0,,0,0,0,0,,0.0,,0,0,0,0,,0.0,,0,0,0,0,,0.0,,531
8,Liga ACB,51,2025-2026,15630,Kaodirichi Akobundu-Ehiogu,1330,BAXI Manresa,33,75,0,75,62,0,62,27,10,163,55,0,4.117154831965061,59,0,59,48,0,48,96,5,0,5,5,0,5,10,29,0,29,24,0,24,48,46,0,46,38,0,38,76,45,38,7,76,28,23,5,46,2,1,1,2,0,0,0,0,0,0,0,0,0,0,0,0,0,0,0,0,0,0,0,0,15,13,2,26,0,0,0,0,4,2,2,4,42,36,6,72,14,11,3,22,0,0,0,0,1,0,1,0,16,16,0,32,0,0,0,0,0,0,0,0,0,0,0,0,14,10,4,20,0,0,0,0,31,26,5,52,1,0,1,0,0,0,0,0,1,1,0,2,0,0,0,0,11,9,2,18,64,39,30,18,3,2,38,23,6,4,0.8266666666666667,0.8266666666666667,,0.609375,0.8266666666666667,0.37037037037037035,1.5800697944939899,0.0,0.8135593220338984,0.8135593220338984,,0.8135593220338984,1.5789473684210527,0.921875,1.0,1.0,,1.0,1.8987341772151898,0.078125,0.8275862068965517,0.8275862068965517,,0.8275862068965517,1.552930883639545,0.38666666666666666,0.8260869565217391,0.8260869565217391,,0.8260869565217391,1.644736842105263,0.6133333333333333,0.8666666666666667,0.2,1.7333333333333334,,0.0,,0.5,0.05333333333333334,1.0,0.8571428571428571,0.56,1.7142857142857142,0.7857142857142857,0.18666666666666668,1.5714285714285714,,0.0,,0.0,0.013333333333333334,0.0,1.0,0.21333333333333335,2.0,,0.0,,,0.0,,,0.0,,0.7142857142857143,0.18666666666666668,1.4285714285714286,,0.0,,0.8387096774193549,0.41333333333333333,1.6774193548387097,0.0,0.013333333333333334,0.0,,0.0,,1.0,0.013333333333333334,2.0,,0.0,,0.8181818181818182,0.14666666666666667,1.6363636363636365,45,38,0.8444444444444444,0.6,28,23,0.8214285714285714,0.37333333333333335,2,1,0.5,0.02666666666666667,0,0,,0.0,0,0,0,0,,0.0,,0,0,0,0,,0.0,,0,0,0,0,,0.0,,0,0,0,0,,0.0,,0,0,0,0,,0.0,,918
8,Liga ACB,51,2025-2026,15661,Xavier Castaneda,,total,13,90,49,41,25,16,9,7,0,94,9,3,19.245841157263875,23,23,0,8,8,0,24,66,25,41,16,7,9,39,70,36,34,20,12,8,52,18,12,6,5,4,1,14,5,2,3,4,13,1,12,2,22,6,16,12,5,1,4,3,43,15,28,45,0,0,0,0,0,0,0,0,2,0,2,0,23,7,16,20,3,0,3,0,6,3,3,9,12,2,10,5,44,13,31,32,8,3,5,9,45,13,32,33,0,0,0,0,1,0,1,0,0,0,0,0,0,0,0,0,12,2,10,4,0,0,0,0,0,0,0,0,15,5,10,15,1,0,1,0,1,0,1,0,5,2,3,5,0,0,0,0,35,28,0,0,14,12,14,12,0,0,0.2777777777777778,0.21951219512195122,0.32653061224489793,0.8,0.36666666666666664,0.0,0.8918406072106262,0.5444444444444444,0.34782608695652173,,0.34782608695652173,0.5217391304347826,1.0434782608695652,0.25842696629213485,0.24242424242424243,0.21951219512195122,0.28,0.29545454545454547,0.7067627494456763,0.7415730337078652,0.2857142857142857,0.23529411764705882,0.3333333333333333,0.37142857142857144,0.8403361344537815,0.7954545454545454,0.2777777777777778,0.16666666666666666,0.3333333333333333,0.3888888888888889,0.7777777777777778,0.20454545454545456,0.30434782608695654,0.25555555555555554,0.8695652173913043,0.0,0.03333333333333333,0.0,0.5,0.06666666666666667,1.5,0.16666666666666666,0.13333333333333333,0.4166666666666667,0.29545454545454547,0.4888888888888889,0.7272727272727273,0.375,0.08888888888888889,1.125,0.28888888888888886,0.5,0.7333333333333333,,0.0,,0.0,0.011111111111111112,0.0,,0.0,,,0.0,,0.16666666666666666,0.13333333333333333,0.3333333333333333,,0.0,,,0.0,,0.3333333333333333,0.16666666666666666,1.0,0.0,0.011111111111111112,0.0,0.0,0.011111111111111112,0.0,0.4,0.05555555555555555,1.0,,0.0,,5,2,0.4,0.05555555555555555,13,1,0.07692307692307693,0.14444444444444443,22,6,0.2727272727272727,0.24444444444444444,48,16,0.3333333333333333,0.5333333333333333,2,0,2,0,0.0,0.022222222222222223,0.0,3,1,2,3,0.3333333333333333,0.03333333333333333,1.0,14,5,9,15,0.35714285714285715,0.15555555555555556,1.0714285714285714,15,2,13,6,0.13333333333333333,0.16666666666666666,0.4,14,8,6,24,0.5714285714285714,0.15555555555555556,1.7142857142857142,390
8,Liga ACB,51,2025-2026,15661,Xavier Castaneda,1332,BC MoraBanc Andorra,8,73,42,31,24,16,8,7,0,89,9,1,19.557554240190314,18,18,0,8,8,0,24,54,23,31,15,7,8,37,57,33,24,19,12,7,50,14,8,6,5,4,1,14,4,2,2,4,9,0,9,0,17,6,11,12,5,1,4,3,36,15,21,45,0,0,0,0,0,0,0,0,2,0,2,0,19,7,12,20,1,0,1,0,5,3,2,9,9,2,7,5,37,12,25,30,8,3,5,9,35,12,23,31,0,0,0,0,1,0,1,0,0,0,0,0,0,0,0,0,10,2,8,4,0,0,0,0,0,0,0,0,10,5,5,15,1,0,1,0,1,0,1,0,5,2,3,5,0,0,0,0,31,25,0,0,14,12,14,12,0,0,0.3287671232876712,0.25806451612903225,0.38095238095238093,0.8064516129032258,0.4383561643835616,0.0,1.0272391505078486,0.5753424657534246,0.4444444444444444,,0.4444444444444444,0.6666666666666666,1.3333333333333333,0.25,0.2777777777777778,0.25806451612903225,0.30434782608695654,0.3425925925925926,0.8144946808510639,0.75,0.3333333333333333,0.2916666666666667,0.36363636363636365,0.43859649122807015,0.9816339455351489,0.8028169014084507,0.35714285714285715,0.16666666666666666,0.5,0.5,1.0,0.19718309859154928,0.3684210526315789,0.2602739726027397,1.0526315789473684,0.0,0.0136986301369863,0.0,0.6,0.0684931506849315,1.8,0.2222222222222222,0.1232876712328767,0.5555555555555556,0.32432432432432434,0.5068493150684932,0.8108108108108109,0.375,0.1095890410958904,1.125,0.34285714285714286,0.4794520547945205,0.8857142857142857,,0.0,,0.0,0.0136986301369863,0.0,,0.0,,,0.0,,0.2,0.136986301369863,0.4,,0.0,,,0.0,,0.5,0.136986301369863,1.5,0.0,0.0136986301369863,0.0,0.0,0.0136986301369863,0.0,0.4,0.0684931506849315,1.0,,0.0,,4,2,0.5,0.0547945205479452,9,0,0.0,0.1232876712328767,17,6,0.35294117647058826,0.2328767123287671,41,16,0.3902439024390244,0.5616438356164384,2,0,2,0,0.0,0.0273972602739726,0.0,3,1,2,3,0.3333333333333333,0.0410958904109589,1.0,12,5,7,15,0.4166666666666667,0.1643835616438356,1.25,11,2,9,6,0.18181818181818182,0.1506849315068493,0.5454545454545454,13,8,5,24,0.6153846153846154,0.1780821917808219,1.8461538461538463,289
8,Liga ACB,51,2025-2026,15661,Xavier Castaneda,1339,Malaga,5,17,7,10,1,0,1,0,0,5,0,2,17.943980634453464,5,5,0,0,0,0,0,12,2,10,1,0,1,2,13,3,10,1,0,1,2,4,4,0,0,0,0,0,1,0,1,0,4,1,3,2,5,0,5,0,0,0,0,0,7,0,7,0,0,0,0,0,0,0,0,0,0,0,0,0,4,0,4,0,2,0,2,0,1,0,1,0,3,0,3,0,7,1,6,2,0,0,0,0,10,1,9,2,0,0,0,0,0,0,0,0,0,0,0,0,0,0,0,0,2,0,2,0,0,0,0,0,0,0,0,0,5,0,5,0,0,0,0,0,0,0,0,0,0,0,0,0,0,0,0,0,4,3,0,0,0,0,0,0,0,0,0.058823529411764705,0.1,0.0,0.75,0.058823529411764705,,0.26652452025586354,0.4117647058823529,0.0,,0.0,0.0,0.0,0.29411764705882354,0.08333333333333333,0.1,0.0,0.08333333333333333,0.16666666666666666,0.7058823529411765,0.07692307692307693,0.1,0.0,0.07692307692307693,0.15384615384615385,0.7647058823529411,0.0,,0.0,0.0,0.0,0.23529411764705882,0.0,0.23529411764705882,0.0,0.0,0.11764705882352941,0.0,0.0,0.058823529411764705,0.0,0.0,0.17647058823529413,0.0,0.14285714285714285,0.4117647058823529,0.2857142857142857,,0.0,,0.1,0.5882352941176471,0.2,,0.0,,,0.0,,,0.0,,,0.0,,0.0,0.11764705882352941,0.0,,0.0,,,0.0,,0.0,0.29411764705882354,0.0,,0.0,,,0.0,,,0.0,,,0.0,,1,0,0.0,0.058823529411764705,4,1,0.25,0.23529411764705882,5,0,0.0,0.29411764705882354,7,0,0.0,0.4117647058823529,0,0,0,0,,0.0,,0,0,0,0,,0.0,,2,0,2,0,0.0,0.11764705882352941,0.0,4,0,4,0,0.0,0.23529411764705882,0.0,1,0,1,0,0.0,0.058823529411764705,0.0,101
8,Liga ACB,51,2025-2026,15680,Miles Norris,1340,BC Barcelona,19,97,60,37,48,23,25,11,1,132,43,3,17.015669077820487,61,47,14,31,18,13,80,32,13,19,14,5,9,33,69,44,25,31,17,14,79,27,16,11,17,6,11,40,15,13,2,26,17,11,6,22,4,1,3,2,15,4,11,12,44,19,25,57,0,0,0,0,1,0,1,0,1,0,1,0,25,13,12,35,3,0,3,0,6,4,2,11,21,13,8,29,41,18,23,44,38,14,24,42,16,6,10,17,9,9,0,18,1,0,1,0,0,0,0,0,3,2,1,4,17,11,6,22,0,0,0,0,1,1,0,2,9,4,5,12,0,0,0,0,0,0,0,0,1,0,1,0,1,1,0,2,22,13,14,7,6,5,18,11,4,2,0.4948453608247423,0.6756756756756757,0.38333333333333336,0.5909090909090909,0.6134020618556701,0.09090909090909091,1.2373453318335208,0.6185567010309279,0.5081967213114754,0.9285714285714286,0.3829787234042553,0.6557377049180327,1.2954139368671829,0.6559139784946236,0.4375,0.47368421052631576,0.38461538461538464,0.515625,1.0969976905311778,0.34408602150537637,0.4492753623188406,0.56,0.38636363636363635,0.572463768115942,1.1700468018720749,0.71875,0.6296296296296297,1.0,0.375,0.7407407407407407,1.4603616133518775,0.28125,0.52,0.25773195876288657,1.4,0.0,0.030927835051546393,0.0,0.6666666666666666,0.061855670103092786,1.8333333333333333,0.6190476190476191,0.21649484536082475,1.380952380952381,0.43902439024390244,0.422680412371134,1.0731707317073171,0.3684210526315789,0.3917525773195876,1.105263157894737,0.375,0.16494845360824742,1.0625,1.0,0.09278350515463918,2.0,0.0,0.010309278350515464,0.0,,0.0,,0.6666666666666666,0.030927835051546393,1.3333333333333333,0.6470588235294118,0.17525773195876287,1.2941176470588236,,0.0,,1.0,0.010309278350515464,2.0,0.4444444444444444,0.09278350515463918,1.3333333333333333,,0.0,,,0.0,,0.0,0.010309278350515464,0.0,1.0,0.010309278350515464,2.0,15,13,0.8666666666666667,0.15463917525773196,17,11,0.6470588235294118,0.17525773195876287,4,1,0.25,0.041237113402061855,59,23,0.3898305084745763,0.6082474226804123,9,3,6,9,0.3333333333333333,0.09278350515463918,1.0,6,1,5,3,0.16666666666666666,0.061855670103092786,0.5,3,0,3,0,0.0,0.030927835051546393,0.0,22,11,11,33,0.5,0.2268041237113402,1.5,19,8,11,24,0.42105263157894735,0.1958762886597938,1.263157894736842,731
8,Liga ACB,51,2025-2026,15780,Erik Stevenson,1331,Casademont Zaragoza,8,42,23,19,16,7,9,3,2,42,11,1,18.443074719313696,22,17,5,9,6,3,24,19,6,13,6,1,5,13,27,16,11,8,4,4,20,14,7,7,7,3,4,17,4,2,2,4,6,4,2,8,8,2,6,4,4,2,2,6,18,5,13,15,1,0,1,0,0,0,0,0,1,1,0,2,9,0,9,0,1,0,1,0,4,1,3,2,10,6,4,15,17,8,9,20,2,1,1,3,11,3,8,7,1,1,0,2,1,0,1,0,1,0,1,0,0,0,0,0,6,4,2,8,0,0,0,0,0,0,0,0,17,6,11,17,0,0,0,0,1,0,1,0,1,0,1,0,0,0,0,0,3,3,0,0,3,3,3,3,0,0,0.38095238095238093,0.47368421052631576,0.30434782608695654,1.0,0.4642857142857143,0.6666666666666666,0.9695290858725761,0.5476190476190477,0.4090909090909091,0.6,0.35294117647058826,0.5454545454545454,1.0909090909090908,0.5365853658536586,0.3157894736842105,0.38461538461538464,0.16666666666666666,0.34210526315789475,0.7874015748031495,0.4634146341463415,0.2962962962962963,0.36363636363636365,0.25,0.37037037037037035,0.8121468926553672,0.6585365853658537,0.5,0.5714285714285714,0.42857142857142855,0.6071428571428571,1.2142857142857142,0.34146341463414637,0.0,0.21428571428571427,0.0,0.0,0.023809523809523808,0.0,0.25,0.09523809523809523,0.5,0.6,0.23809523809523808,1.5,0.47058823529411764,0.40476190476190477,1.1764705882352942,0.5,0.047619047619047616,1.5,0.2727272727272727,0.2619047619047619,0.6363636363636364,1.0,0.023809523809523808,2.0,0.0,0.023809523809523808,0.0,0.0,0.023809523809523808,0.0,,0.0,,0.6666666666666666,0.14285714285714285,1.3333333333333333,,0.0,,,0.0,,0.35294117647058826,0.40476190476190477,1.0,,0.0,,0.0,0.023809523809523808,0.0,0.0,0.023809523809523808,0.0,,0.0,,4,2,0.5,0.09523809523809523,6,4,0.6666666666666666,0.14285714285714285,8,2,0.25,0.19047619047619047,22,7,0.3181818181818182,0.5238095238095238,2,0,2,0,0.0,0.047619047619047616,0.0,2,2,0,6,1.0,0.047619047619047616,3.0,5,1,4,3,0.2,0.11904761904761904,0.6,5,1,4,3,0.2,0.11904761904761904,0.6,8,3,5,9,0.375,0.19047619047619047,1.125,231
8,Liga ACB,51,2025-2026,15805,Javan Johnson,1319,Coviran Granada,6,26,18,8,7,5,2,0,0,19,6,3,19.533860280692956,16,15,1,6,5,1,17,9,2,7,1,0,1,2,19,13,6,4,2,2,10,5,4,1,3,3,0,9,0,0,0,0,4,1,3,2,3,1,2,2,9,3,6,9,8,2,6,6,0,0,0,0,0,0,0,0,2,0,2,0,5,2,3,6,3,0,3,0,1,1,0,3,4,2,2,6,11,2,9,4,14,6,8,17,2,0,2,0,0,0,0,0,0,0,0,0,0,0,0,0,0,0,0,0,4,1,3,2,1,0,1,0,0,0,0,0,2,0,2,0,1,0,1,0,0,0,0,0,0,0,0,0,0,0,0,0,0,0,0,0,0,0,0,0,0,0,0.2692307692307692,0.25,0.2777777777777778,,0.36538461538461536,,0.7307692307692307,0.6923076923076923,0.375,1.0,0.3333333333333333,0.53125,1.0625,0.64,0.1111111111111111,0.14285714285714285,0.0,0.1111111111111111,0.2222222222222222,0.36,0.21052631578947367,0.3333333333333333,0.15384615384615385,0.2631578947368421,0.5263157894736842,0.7916666666666666,0.6,0.0,0.75,0.9,1.8,0.20833333333333334,0.4,0.19230769230769232,1.2,0.0,0.11538461538461539,0.0,1.0,0.038461538461538464,3.0,0.5,0.15384615384615385,1.5,0.18181818181818182,0.4230769230769231,0.36363636363636365,0.42857142857142855,0.5384615384615384,1.2142857142857142,0.0,0.07692307692307693,0.0,,0.0,,,0.0,,,0.0,,,0.0,,0.25,0.15384615384615385,0.5,0.0,0.038461538461538464,0.0,,0.0,,0.0,0.07692307692307693,0.0,0.0,0.038461538461538464,0.0,,0.0,,,0.0,,,0.0,,0,0,,0.0,4,1,0.25,0.15384615384615385,3,1,0.3333333333333333,0.11538461538461539,17,5,0.29411764705882354,0.6538461538461539,5,2,3,6,0.4,0.19230769230769232,1.2,4,1,3,3,0.25,0.15384615384615385,0.75,0,0,0,0,,0.0,,4,1,3,3,0.25,0.15384615384615385,0.75,4,1,3,3,0.25,0.15384615384615385,0.75,174
8,Liga ACB,51,2025-2026,18363,Jermaine Samuels,1316,San Pablo Burgos,33,228,60,168,127,19,108,46,20,330,60,8,10.595993290999974,93,51,42,46,15,31,107,124,7,117,77,3,74,157,166,37,129,87,10,77,184,60,22,38,38,8,30,84,69,50,19,100,81,48,33,96,17,9,8,18,13,3,10,9,46,15,31,45,0,0,0,0,0,0,0,0,2,2,0,5,54,31,23,70,8,0,8,0,14,11,3,23,46,27,19,61,104,56,48,114,35,8,27,24,21,9,12,21,9,9,0,18,15,9,6,18,0,0,0,0,8,5,3,10,111,74,37,148,1,1,0,2,0,0,0,0,19,7,12,21,1,0,1,0,0,0,0,0,1,1,0,2,5,2,3,4,87,57,23,15,48,33,68,47,3,1,0.5570175438596491,0.6428571428571429,0.31666666666666665,0.6551724137931034,0.5986842105263158,0.43478260869565216,1.2392969806219019,0.2631578947368421,0.4946236559139785,0.7380952380952381,0.29411764705882354,0.5752688172043011,1.1830876648564779,0.42857142857142855,0.6209677419354839,0.6324786324786325,0.42857142857142855,0.6330645161290323,1.3092613009922822,0.5714285714285714,0.5240963855421686,0.5968992248062015,0.2702702702702703,0.5542168674698795,1.1790526745610455,0.7345132743362832,0.6333333333333333,0.7894736842105263,0.36363636363636365,0.7,1.386170906718852,0.26548672566371684,0.5740740740740741,0.23684210526315788,1.2962962962962963,0.0,0.03508771929824561,0.0,0.7857142857142857,0.06140350877192982,1.6428571428571428,0.5869565217391305,0.20175438596491227,1.326086956521739,0.5384615384615384,0.45614035087719296,1.0961538461538463,0.22857142857142856,0.15350877192982457,0.6857142857142857,0.42857142857142855,0.09210526315789473,1.0,1.0,0.039473684210526314,2.0,0.6,0.06578947368421052,1.2,,0.0,,0.625,0.03508771929824561,1.25,0.6666666666666666,0.4868421052631579,1.3333333333333333,1.0,0.0043859649122807015,2.0,,0.0,,0.3684210526315789,0.08333333333333333,1.105263157894737,0.0,0.0043859649122807015,0.0,,0.0,,1.0,0.0043859649122807015,2.0,0.4,0.021929824561403508,0.8,69,50,0.7246376811594203,0.3026315789473684,81,48,0.5925925925925926,0.35526315789473684,17,9,0.5294117647058824,0.07456140350877193,59,18,0.3050847457627119,0.25877192982456143,6,2,4,6,0.3333333333333333,0.02631578947368421,1.0,7,1,6,3,0.14285714285714285,0.03070175438596491,0.42857142857142855,20,6,14,18,0.3,0.08771929824561403,0.9,17,6,11,18,0.35294117647058826,0.07456140350877193,1.0588235294117647,9,3,6,9,0.3333333333333333,0.039473684210526314,1.0,1408
8,Liga ACB,51,2025-2026,18503,Grant Golden,1330,BAXI Manresa,15,103,0,103,47,0,47,10,3,107,36,7,7.987703239555863,65,0,65,31,0,31,62,23,0,23,9,0,9,18,76,0,76,29,0,29,58,24,0,24,17,0,17,34,26,18,8,36,58,23,35,46,16,5,11,10,0,0,0,0,0,0,0,0,0,0,0,0,0,0,0,0,3,1,2,2,32,13,19,26,6,0,6,0,6,4,2,8,18,13,5,26,38,16,22,32,10,5,5,10,5,0,5,0,3,0,3,0,27,12,15,24,0,0,0,0,8,4,4,8,38,23,15,46,0,0,0,0,0,0,0,0,4,0,4,0,0,0,0,0,1,0,1,0,0,0,0,0,4,2,2,4,19,13,8,6,9,5,17,11,0,0,0.4563106796116505,0.4563106796116505,,0.6842105263157895,0.4563106796116505,0.3,0.9608477011494253,0.0,0.47692307692307695,0.47692307692307695,,0.47692307692307695,0.9924109748978401,0.7386363636363636,0.391304347826087,0.391304347826087,,0.391304347826087,0.8531157270029673,0.26136363636363635,0.3815789473684211,0.3815789473684211,,0.3815789473684211,0.8265452803066602,0.76,0.7083333333333334,0.7083333333333334,,0.7083333333333334,1.4166666666666667,0.24,0.40625,0.3106796116504854,0.8125,0.0,0.05825242718446602,0.0,0.6666666666666666,0.05825242718446602,1.3333333333333333,0.7222222222222222,0.17475728155339806,1.4444444444444444,0.42105263157894735,0.36893203883495146,0.8421052631578947,0.5,0.0970873786407767,1.0,0.0,0.04854368932038835,0.0,0.0,0.02912621359223301,0.0,0.4444444444444444,0.2621359223300971,0.8888888888888888,,0.0,,0.5,0.07766990291262135,1.0,0.6052631578947368,0.36893203883495146,1.2105263157894737,,0.0,,,0.0,,0.0,0.038834951456310676,0.0,,0.0,,0.0,0.009708737864077669,0.0,,0.0,,0.5,0.038834951456310676,1.0,26,18,0.6923076923076923,0.2524271844660194,58,23,0.39655172413793105,0.5631067961165048,16,5,0.3125,0.1553398058252427,0,0,,0.0,0,0,0,0,,0.0,,0,0,0,0,,0.0,,0,0,0,0,,0.0,,0,0,0,0,,0.0,,0,0,0,0,,0.0,,479
8,Liga ACB,51,2025-2026,18522,Myles Cale,1340,BC Barcelona,27,129,71,58,70,28,42,9,4,183,48,2,15.50625288957258,71,50,21,43,22,21,108,54,19,35,24,5,19,53,69,35,34,34,13,21,81,58,34,24,35,14,21,84,30,26,4,52,18,12,6,24,10,4,6,8,32,17,15,51,36,10,26,30,1,0,1,0,0,0,0,0,2,1,1,3,28,14,14,36,2,0,2,0,8,5,3,13,50,30,20,71,39,20,19,45,38,17,21,51,24,8,16,21,5,5,0,10,1,1,0,2,1,0,1,0,0,0,0,0,37,28,9,56,1,0,1,0,3,3,0,6,12,5,7,15,1,1,0,2,2,0,2,0,1,0,1,0,1,1,0,2,21,15,0,0,9,6,8,4,3,2,0.5426356589147286,0.7241379310344828,0.39436619718309857,0.7142857142857143,0.6511627906976745,0.4444444444444444,1.323784722222222,0.5503875968992248,0.6056338028169014,1.0,0.44,0.7605633802816901,1.5211267605633803,0.568,0.4444444444444444,0.5428571428571428,0.2631578947368421,0.49074074074074076,1.017943409247757,0.432,0.4927536231884058,0.6176470588235294,0.37142857142857144,0.5869565217391305,1.1720904578047435,0.5433070866141733,0.603448275862069,0.875,0.4117647058823529,0.7241379310344828,1.449763991908294,0.4566929133858268,0.5,0.21705426356589147,1.2857142857142858,0.0,0.015503875968992248,0.0,0.625,0.06201550387596899,1.625,0.6,0.3875968992248062,1.42,0.5128205128205128,0.3023255813953488,1.1538461538461537,0.4473684210526316,0.29457364341085274,1.3421052631578947,0.3333333333333333,0.18604651162790697,0.875,1.0,0.03875968992248062,2.0,1.0,0.007751937984496124,2.0,0.0,0.007751937984496124,0.0,,0.0,,0.7567567567567568,0.2868217054263566,1.5135135135135136,0.0,0.007751937984496124,0.0,1.0,0.023255813953488372,2.0,0.4166666666666667,0.09302325581395349,1.25,1.0,0.007751937984496124,2.0,0.0,0.015503875968992248,0.0,0.0,0.007751937984496124,0.0,1.0,0.007751937984496124,2.0,30,26,0.8666666666666667,0.23255813953488372,18,12,0.6666666666666666,0.13953488372093023,10,4,0.4,0.07751937984496124,68,27,0.39705882352941174,0.5271317829457365,19,9,10,27,0.47368421052631576,0.14728682170542637,1.4210526315789473,13,8,5,24,0.6153846153846154,0.10077519379844961,1.8461538461538463,7,3,4,9,0.42857142857142855,0.05426356589147287,1.2857142857142858,16,4,12,12,0.25,0.12403100775193798,0.75,13,3,10,9,0.23076923076923078,0.10077519379844961,0.6923076923076923,993
8,Liga ACB,51,2025-2026,18534,Alfonso Plummer,1330,BAXI Manresa,6,44,32,12,16,13,3,4,1,54,14,1,19.37013031613825,22,22,0,8,8,0,24,22,10,12,8,5,3,21,36,25,11,11,9,2,31,8,7,1,5,4,1,14,6,2,4,4,3,0,3,0,3,1,2,2,6,1,5,3,26,12,14,36,0,0,0,0,0,0,0,0,0,0,0,0,10,4,6,11,1,0,1,0,3,1,2,3,5,4,1,11,25,7,18,20,11,5,6,15,11,6,5,17,0,0,0,0,1,0,1,0,0,0,0,0,0,0,0,0,8,2,6,4,0,0,0,0,0,0,0,0,11,3,8,9,1,0,1,0,0,0,0,0,1,0,1,0,0,0,0,0,9,9,0,0,3,3,3,3,3,3,0.36363636363636365,0.25,0.40625,1.0,0.5113636363636364,0.25,1.1259382819015846,0.7272727272727273,0.36363636363636365,,0.36363636363636365,0.5454545454545454,1.0909090909090908,0.5,0.36363636363636365,0.25,0.5,0.4772727272727273,1.0291595197255574,0.5,0.3055555555555556,0.18181818181818182,0.36,0.4305555555555556,0.9110396570203644,0.8181818181818182,0.625,1.0,0.5714285714285714,0.875,1.8240343347639485,0.18181818181818182,0.4,0.22727272727272727,1.1,0.0,0.022727272727272728,0.0,0.3333333333333333,0.06818181818181818,1.0,0.8,0.11363636363636363,2.2,0.28,0.5681818181818182,0.8,0.45454545454545453,0.25,1.3636363636363635,0.5454545454545454,0.25,1.5454545454545454,,0.0,,0.0,0.022727272727272728,0.0,,0.0,,,0.0,,0.25,0.18181818181818182,0.5,,0.0,,,0.0,,0.2727272727272727,0.25,0.8181818181818182,0.0,0.022727272727272728,0.0,,0.0,,0.0,0.022727272727272728,0.0,,0.0,,6,2,0.3333333333333333,0.13636363636363635,3,0,0.0,0.06818181818181818,3,1,0.3333333333333333,0.06818181818181818,32,13,0.40625,0.7272727272727273,5,1,4,3,0.2,0.11363636363636363,0.6,1,0,1,0,0.0,0.022727272727272728,0.0,3,1,2,3,0.3333333333333333,0.06818181818181818,1.0,12,6,6,18,0.5,0.2727272727272727,1.5,11,5,6,15,0.45454545454545453,0.25,1.3636363636363635,204
8,Liga ACB,51,2025-2026,18544,Jaden Shackelford,1316,San Pablo Burgos,6,29,13,16,7,3,4,6,1,24,3,0,14.395842495146109,11,9,2,3,2,1,8,18,4,14,4,1,3,9,25,10,15,7,3,4,17,3,3,0,0,0,0,0,3,1,2,2,10,2,8,4,2,1,1,2,3,1,2,3,10,2,8,6,0,0,0,0,0,0,0,0,1,0,1,0,6,1,5,3,0,0,0,0,1,0,1,0,2,0,2,0,19,6,13,14,6,1,5,3,3,0,3,0,0,0,0,0,1,1,0,2,0,0,0,0,1,0,1,0,11,3,8,6,1,0,1,0,0,0,0,0,4,1,3,3,0,0,0,0,0,0,0,0,1,1,0,3,0,0,0,0,9,7,2,1,7,6,5,4,4,3,0.2413793103448276,0.25,0.23076923076923078,0.7777777777777778,0.29310344827586204,0.16666666666666666,0.7281553398058253,0.4482758620689655,0.2727272727272727,0.5,0.2222222222222222,0.36363636363636365,0.7575757575757576,0.3793103448275862,0.2222222222222222,0.21428571428571427,0.25,0.25,0.7115749525616699,0.6206896551724138,0.28,0.26666666666666666,0.3,0.34,0.7720588235294118,0.8928571428571429,0.0,,0.0,0.0,0.6302521008403361,0.10714285714285714,0.16666666666666666,0.20689655172413793,0.5,,0.0,,0.0,0.034482758620689655,0.0,0.0,0.06896551724137931,0.0,0.3157894736842105,0.6551724137931034,0.7368421052631579,0.16666666666666666,0.20689655172413793,0.5,0.0,0.10344827586206896,0.0,,0.0,,1.0,0.034482758620689655,2.0,,0.0,,0.0,0.034482758620689655,0.0,0.2727272727272727,0.3793103448275862,0.5454545454545454,0.0,0.034482758620689655,0.0,,0.0,,0.25,0.13793103448275862,0.75,,0.0,,,0.0,,1.0,0.034482758620689655,3.0,,0.0,,3,1,0.3333333333333333,0.10344827586206896,10,2,0.2,0.3448275862068966,2,1,0.5,0.06896551724137931,13,3,0.23076923076923078,0.4482758620689655,2,0,2,0,0.0,0.06896551724137931,0.0,1,1,0,3,1.0,0.034482758620689655,3.0,0,0,0,0,,0.0,,6,1,5,3,0.16666666666666666,0.20689655172413793,0.5,4,1,3,3,0.25,0.13793103448275862,0.75,160
8,Liga ACB,51,2025-2026,18749,Pauly Paulicap,1330,BAXI Manresa,12,13,0,13,7,0,7,5,1,21,3,1,3.8267968891610398,8,0,8,4,0,4,8,5,0,5,3,0,3,6,10,0,10,4,0,4,8,3,0,3,3,0,3,6,8,6,2,12,5,1,4,2,0,0,0,0,0,0,0,0,0,0,0,0,0,0,0,0,0,0,0,0,0,0,0,0,2,2,0,4,1,0,1,0,0,0,0,0,3,3,0,6,7,2,5,4,0,0,0,0,1,0,1,0,0,0,0,0,0,0,0,0,0,0,0,0,2,0,2,0,8,5,3,10,0,0,0,0,1,1,0,2,0,0,0,0,0,0,0,0,0,0,0,0,0,0,0,0,1,1,0,2,13,7,2,1,3,1,7,4,2,1,0.5384615384615384,0.5384615384615384,,0.5384615384615384,0.5384615384615384,0.2,1.1217948717948718,0.0,0.5,0.5,,0.5,1.0135135135135134,0.6153846153846154,0.6,0.6,,0.6,1.1075949367088607,0.38461538461538464,0.4,0.4,,0.4,0.9174311926605504,0.7692307692307693,1.0,1.0,,1.0,1.8041237113402062,0.23076923076923078,1.0,0.15384615384615385,2.0,0.0,0.07692307692307693,0.0,,0.0,,1.0,0.23076923076923078,2.0,0.2857142857142857,0.5384615384615384,0.5714285714285714,,0.0,,0.0,0.07692307692307693,0.0,,0.0,,,0.0,,,0.0,,0.0,0.15384615384615385,0.0,0.625,0.6153846153846154,1.25,,0.0,,1.0,0.07692307692307693,2.0,,0.0,,,0.0,,,0.0,,,0.0,,1.0,0.07692307692307693,2.0,8,6,0.75,0.6153846153846154,5,1,0.2,0.38461538461538464,0,0,,0.0,0,0,,0.0,0,0,0,0,,0.0,,0,0,0,0,,0.0,,0,0,0,0,,0.0,,0,0,0,0,,0.0,,0,0,0,0,,0.0,,154
8,Liga ACB,51,2025-2026,18771,James Karnik,1315,Basquet Girona,6,32,5,27,13,0,13,7,2,37,9,1,7.1876246003544315,21,4,17,8,0,8,16,8,1,7,2,0,2,4,26,4,22,9,0,9,18,6,1,5,4,0,4,8,15,8,7,16,11,5,6,10,1,0,1,0,0,0,0,0,5,0,5,0,0,0,0,0,0,0,0,0,0,0,0,0,9,4,5,8,1,0,1,0,1,1,0,2,5,3,2,6,16,5,11,10,5,0,5,0,1,0,1,0,1,1,0,2,0,0,0,0,0,0,0,0,4,1,3,2,17,8,9,16,0,0,0,0,3,2,1,4,0,0,0,0,0,0,0,0,0,0,0,0,0,0,0,0,1,1,0,2,16,11,3,3,2,2,9,8,0,0,0.40625,0.48148148148148145,0.0,0.6875,0.40625,0.2857142857142857,0.9477459016393442,0.15625,0.38095238095238093,0.47058823529411764,0.0,0.38095238095238093,0.8512544802867383,0.7241379310344828,0.25,0.2857142857142857,0.0,0.25,0.6756756756756757,0.27586206896551724,0.34615384615384615,0.4090909090909091,0.0,0.34615384615384615,0.8678237650200267,0.8125,0.6666666666666666,0.8,0.0,0.6666666666666666,1.3333333333333333,0.1875,0.4444444444444444,0.28125,0.8888888888888888,0.0,0.03125,0.0,1.0,0.03125,2.0,0.6,0.15625,1.2,0.3125,0.5,0.625,0.0,0.15625,0.0,0.0,0.03125,0.0,1.0,0.03125,2.0,,0.0,,,0.0,,0.25,0.125,0.5,0.47058823529411764,0.53125,0.9411764705882353,,0.0,,0.6666666666666666,0.09375,1.3333333333333333,,0.0,,,0.0,,,0.0,,,0.0,,1.0,0.03125,2.0,15,8,0.5333333333333333,0.46875,11,5,0.45454545454545453,0.34375,1,0,0.0,0.03125,5,0,0.0,0.15625,0,0,0,0,,0.0,,0,0,0,0,,0.0,,4,0,4,0,0.0,0.125,0.0,1,0,1,0,0.0,0.03125,0.0,0,0,0,0,,0.0,,160
8,Liga ACB,51,2025-2026,18791,Eli Brooks,1330,BAXI Manresa,17,116,47,69,50,16,34,12,2,151,20,3,13.67730819627404,35,27,8,16,10,6,42,77,18,59,33,6,27,72,80,26,54,29,6,23,64,34,19,15,20,9,11,49,21,13,8,26,41,19,22,38,7,2,5,4,9,3,6,9,34,12,22,36,1,0,1,0,1,0,1,0,2,1,1,3,38,18,20,41,3,0,3,0,8,5,3,12,26,15,11,37,39,11,28,23,17,7,10,21,23,8,15,20,0,0,0,0,13,8,5,16,1,0,1,0,5,1,4,2,39,20,19,40,1,1,0,2,0,0,0,0,11,3,8,9,0,0,0,0,1,0,1,0,3,1,2,3,0,0,0,0,44,35,2,2,17,13,18,14,3,3,0.43103448275862066,0.4927536231884058,0.3404255319148936,0.7954545454545454,0.5,0.16666666666666666,1.1155437352245863,0.4051724137931034,0.45714285714285713,0.75,0.37037037037037035,0.6,1.2263099219620959,0.3125,0.42857142857142855,0.4576271186440678,0.3333333333333333,0.4675324675324675,1.006155303030303,0.6875,0.3625,0.42592592592592593,0.23076923076923078,0.4,0.8871701546860782,0.7017543859649122,0.5882352941176471,0.7333333333333333,0.47368421052631576,0.7205882352941176,1.4722536806342015,0.2982456140350877,0.47368421052631576,0.3275862068965517,1.0789473684210527,0.0,0.02586206896551724,0.0,0.625,0.06896551724137931,1.5,0.5769230769230769,0.22413793103448276,1.4230769230769231,0.28205128205128205,0.33620689655172414,0.5897435897435898,0.4117647058823529,0.14655172413793102,1.2352941176470589,0.34782608695652173,0.19827586206896552,0.8695652173913043,,0.0,,0.6153846153846154,0.11206896551724138,1.2307692307692308,0.0,0.008620689655172414,0.0,0.2,0.04310344827586207,0.4,0.5128205128205128,0.33620689655172414,1.0256410256410255,1.0,0.008620689655172414,2.0,,0.0,,0.2727272727272727,0.09482758620689655,0.8181818181818182,,0.0,,0.0,0.008620689655172414,0.0,0.3333333333333333,0.02586206896551724,1.0,,0.0,,21,13,0.6190476190476191,0.1810344827586207,41,19,0.4634146341463415,0.35344827586206895,7,2,0.2857142857142857,0.0603448275862069,43,15,0.3488372093023256,0.3706896551724138,6,1,5,3,0.16666666666666666,0.05172413793103448,0.5,3,2,1,6,0.6666666666666666,0.02586206896551724,2.0,9,3,6,9,0.3333333333333333,0.07758620689655173,1.0,15,5,10,15,0.3333333333333333,0.12931034482758622,1.0,10,4,6,12,0.4,0.08620689655172414,1.2,696
8,Liga ACB,51,2025-2026,19069,Nikola Maric,1315,Basquet Girona,30,133,0,133,81,0,81,29,8,208,62,10,4.719907665673251,83,0,83,54,0,54,108,44,0,44,23,0,23,46,95,0,95,53,0,53,106,35,0,35,26,0,26,52,76,52,24,104,46,25,21,50,8,2,6,4,0,0,0,0,0,0,0,0,0,0,0,0,0,0,0,0,3,2,1,4,29,20,9,40,10,0,10,0,6,5,1,10,29,21,8,42,56,33,23,66,6,2,4,4,1,1,0,2,8,8,0,16,5,3,2,6,0,0,0,0,15,7,8,14,79,52,27,104,0,0,0,0,2,1,1,2,8,2,6,4,0,0,0,0,0,0,0,0,0,0,0,0,6,3,3,6,77,46,32,21,14,7,48,27,2,2,0.6090225563909775,0.6090225563909775,,0.5974025974025974,0.6090225563909775,0.27586206896551724,1.2464046021093,0.0,0.6506024096385542,0.6506024096385542,,0.6506024096385542,1.3288009888751546,0.6535433070866141,0.5227272727272727,0.5227272727272727,,0.5227272727272727,1.0566188197767146,0.3464566929133858,0.5578947368421052,0.5578947368421052,,0.5578947368421052,1.145366861867034,0.7307692307692307,0.7428571428571429,0.7428571428571429,,0.7428571428571429,1.5050167224080266,0.2692307692307692,0.6896551724137931,0.21804511278195488,1.3793103448275863,0.0,0.07518796992481203,0.0,0.8333333333333334,0.045112781954887216,1.6666666666666667,0.7241379310344828,0.21804511278195488,1.4482758620689655,0.5892857142857143,0.42105263157894735,1.1785714285714286,0.3333333333333333,0.045112781954887216,0.6666666666666666,1.0,0.007518796992481203,2.0,1.0,0.06015037593984962,2.0,0.6,0.03759398496240601,1.2,,0.0,,0.4666666666666667,0.11278195488721804,0.9333333333333333,0.6582278481012658,0.5939849624060151,1.3164556962025316,,0.0,,0.5,0.015037593984962405,1.0,0.25,0.06015037593984962,0.5,,0.0,,,0.0,,,0.0,,0.5,0.045112781954887216,1.0,76,52,0.6842105263157895,0.5714285714285714,46,25,0.5434782608695652,0.3458646616541353,8,2,0.25,0.06015037593984962,0,0,,0.0,0,0,0,0,,0.0,,0,0,0,0,,0.0,,0,0,0,0,,0.0,,0,0,0,0,,0.0,,0,0,0,0,,0.0,,716
8,Liga ACB,51,2025-2026,19426,Kur Kuath,1328,Dreamland Gran Canaria,29,120,1,119,75,0,75,24,8,173,63,6,5.21778784907419,91,1,90,59,0,59,118,12,0,12,6,0,6,12,65,1,64,36,0,36,72,53,0,53,38,0,38,76,58,39,19,78,57,33,24,66,2,2,0,4,0,0,0,0,1,0,1,0,0,0,0,0,0,0,0,0,2,1,1,2,21,11,10,22,5,0,5,0,11,6,5,12,42,32,10,64,39,25,14,50,2,2,0,4,1,0,1,0,18,18,0,36,17,5,12,10,0,0,0,0,2,2,0,4,50,33,17,66,0,0,0,0,8,5,3,10,3,0,3,0,1,0,1,0,0,0,0,0,0,0,0,0,16,9,7,18,52,23,28,13,4,1,30,13,6,3,0.625,0.6302521008403361,0.0,0.4423076923076923,0.625,0.3333333333333333,1.2108062709966405,0.008333333333333333,0.6483516483516484,0.6555555555555556,0.0,0.6483516483516484,1.2679055361982192,0.883495145631068,0.5,0.5,,0.5,0.9447674418604651,0.11650485436893204,0.5538461538461539,0.5625,0.0,0.5538461538461539,1.0869565217391304,0.5508474576271186,0.7169811320754716,0.7169811320754716,,0.7169811320754716,1.419841840402588,0.4491525423728814,0.5238095238095238,0.175,1.0476190476190477,0.0,0.041666666666666664,0.0,0.5454545454545454,0.09166666666666666,1.0909090909090908,0.7619047619047619,0.35,1.5238095238095237,0.6410256410256411,0.325,1.2820512820512822,1.0,0.016666666666666666,2.0,0.0,0.008333333333333333,0.0,1.0,0.15,2.0,0.29411764705882354,0.14166666666666666,0.5882352941176471,,0.0,,1.0,0.016666666666666666,2.0,0.66,0.4166666666666667,1.32,,0.0,,0.625,0.06666666666666667,1.25,0.0,0.025,0.0,0.0,0.008333333333333333,0.0,,0.0,,,0.0,,0.5625,0.13333333333333333,1.125,58,39,0.6724137931034483,0.48333333333333334,57,33,0.5789473684210527,0.475,2,2,1.0,0.016666666666666666,1,0,0.0,0.008333333333333333,0,0,0,0,,0.0,,0,0,0,0,,0.0,,1,0,1,0,0.0,0.008333333333333333,0.0,0,0,0,0,,0.0,,0,0,0,0,,0.0,,770
8,Liga ACB,51,2025-2026,22724,Eugene Omoruyi,1326,Bitci Baskonia,21,123,40,83,68,12,56,25,8,187,35,7,10.562923953823589,56,31,25,25,8,17,58,62,9,53,38,4,34,80,87,30,57,44,11,33,99,34,10,24,22,1,21,45,52,38,14,76,24,15,9,30,5,1,4,2,8,1,7,3,32,11,21,33,0,0,0,0,0,0,0,0,2,2,0,4,37,20,17,47,7,0,7,0,5,1,4,2,29,21,8,43,43,24,19,52,32,9,23,25,8,3,5,9,2,2,0,4,0,0,0,0,0,0,0,0,8,3,5,6,62,44,18,88,0,0,0,0,2,1,1,2,2,1,1,3,0,0,0,0,2,1,1,3,1,0,1,0,2,2,0,4,51,39,1,1,36,27,39,30,2,1,0.5528455284552846,0.6746987951807228,0.3,0.7647058823529411,0.6016260162601627,0.32,1.2857535753575358,0.3252032520325203,0.44642857142857145,0.68,0.25806451612903225,0.5178571428571429,1.0453579021970234,0.4745762711864407,0.6129032258064516,0.6415094339622641,0.4444444444444444,0.6451612903225806,1.3746145940390544,0.5254237288135594,0.5057471264367817,0.5789473684210527,0.36666666666666664,0.5689655172413793,1.2384792626728112,0.71900826446281,0.6470588235294118,0.875,0.1,0.6617647058823529,1.3188073394495412,0.2809917355371901,0.5405405405405406,0.3008130081300813,1.2702702702702702,0.0,0.056910569105691054,0.0,0.2,0.04065040650406504,0.4,0.7241379310344828,0.23577235772357724,1.4827586206896552,0.5581395348837209,0.34959349593495936,1.2093023255813953,0.28125,0.2601626016260163,0.78125,0.375,0.06504065040650407,1.125,1.0,0.016260162601626018,2.0,,0.0,,,0.0,,0.375,0.06504065040650407,0.75,0.7096774193548387,0.5040650406504065,1.4193548387096775,,0.0,,0.5,0.016260162601626018,1.0,0.5,0.016260162601626018,1.5,,0.0,,0.5,0.016260162601626018,1.5,0.0,0.008130081300813009,0.0,1.0,0.016260162601626018,2.0,52,38,0.7307692307692307,0.42276422764227645,24,15,0.625,0.1951219512195122,5,1,0.2,0.04065040650406504,40,12,0.3,0.3252032520325203,3,0,3,0,0.0,0.024390243902439025,0.0,5,1,4,3,0.2,0.04065040650406504,0.6,6,2,4,6,0.3333333333333333,0.04878048780487805,1.0,15,4,11,12,0.26666666666666666,0.12195121951219512,0.8,11,5,6,15,0.45454545454545453,0.08943089430894309,1.3636363636363635,744
8,Liga ACB,51,2025-2026,22729,Chris Duarte,1339,Malaga,27,216,119,97,97,43,54,30,7,309,29,6,17.448684449211623,47,36,11,23,15,8,61,162,78,84,72,27,45,171,160,89,71,70,33,37,173,50,27,23,24,9,15,57,36,22,14,44,35,19,16,38,23,11,12,22,11,5,6,15,100,37,63,111,3,0,3,0,2,0,2,0,6,3,3,7,59,28,31,72,6,0,6,0,17,9,8,22,33,15,18,35,95,42,53,101,18,8,10,24,79,30,49,78,3,3,0,6,3,2,1,4,2,0,2,0,3,0,3,0,50,31,19,62,1,0,1,0,1,1,0,2,19,7,12,21,2,1,1,2,10,3,7,9,18,7,11,20,1,1,0,2,80,72,4,4,44,39,49,44,3,2,0.44907407407407407,0.5567010309278351,0.36134453781512604,0.9,0.5486111111111112,0.23333333333333334,1.230095541401274,0.5509259259259259,0.48936170212765956,0.7272727272727273,0.4166666666666667,0.648936170212766,1.3330598851517639,0.22488038277511962,0.4444444444444444,0.5357142857142857,0.34615384615384615,0.5277777777777778,1.1579179532421702,0.7751196172248804,0.4375,0.5211267605633803,0.3707865168539326,0.540625,1.1951971799955938,0.7619047619047619,0.48,0.6521739130434783,0.3333333333333333,0.57,1.1496492595479346,0.23809523809523808,0.4745762711864407,0.27314814814814814,1.2203389830508475,0.0,0.027777777777777776,0.0,0.5294117647058824,0.0787037037037037,1.2941176470588236,0.45454545454545453,0.1527777777777778,1.0606060606060606,0.4421052631578947,0.4398148148148148,1.063157894736842,0.4444444444444444,0.08333333333333333,1.3333333333333333,0.379746835443038,0.36574074074074076,0.9873417721518988,1.0,0.013888888888888888,2.0,0.6666666666666666,0.013888888888888888,1.3333333333333333,0.0,0.009259259259259259,0.0,0.0,0.013888888888888888,0.0,0.62,0.23148148148148148,1.24,0.0,0.004629629629629629,0.0,1.0,0.004629629629629629,2.0,0.3684210526315789,0.08796296296296297,1.105263157894737,0.5,0.009259259259259259,1.0,0.3,0.046296296296296294,0.9,0.3888888888888889,0.08333333333333333,1.1111111111111112,1.0,0.004629629629629629,2.0,36,22,0.6111111111111112,0.16666666666666666,35,19,0.5428571428571428,0.16203703703703703,23,11,0.4782608695652174,0.10648148148148148,111,42,0.3783783783783784,0.5138888888888888,9,4,5,12,0.4444444444444444,0.041666666666666664,1.3333333333333333,2,1,1,3,0.5,0.009259259259259259,1.5,34,15,19,45,0.4411764705882353,0.1574074074074074,1.3235294117647058,42,11,31,33,0.2619047619047619,0.19444444444444445,0.7857142857142857,24,11,13,33,0.4583333333333333,0.1111111111111111,1.375,919
8,Liga ACB,51,2025-2026,22740,Nathan Reuvers,1325,Valencia BC,31,193,86,107,101,32,69,31,9,284,84,10,13.723889959023989,146,81,65,81,32,49,194,30,3,27,13,0,13,26,130,60,70,61,24,37,146,61,24,37,40,8,32,88,46,30,16,60,52,33,19,66,9,6,3,12,3,2,1,6,81,30,51,90,0,0,0,0,0,0,0,0,2,0,2,0,68,33,35,86,10,0,10,0,11,5,6,12,50,35,15,76,52,28,24,60,77,34,43,100,8,2,6,4,27,25,2,50,4,1,3,2,0,0,0,0,2,1,1,2,42,23,19,46,0,0,0,0,3,2,1,4,12,4,8,8,4,3,1,6,0,0,0,0,1,0,1,0,11,6,5,12,74,50,40,26,4,2,51,34,0,0,0.5233160621761658,0.6448598130841121,0.37209302325581395,0.6756756756756757,0.6062176165803109,0.2903225806451613,1.2590884908671751,0.44559585492227977,0.5547945205479452,0.7538461538461538,0.3950617283950617,0.6643835616438356,1.3447432762836187,0.8295454545454546,0.43333333333333335,0.48148148148148145,0.0,0.43333333333333335,0.8816120906801007,0.17045454545454544,0.46923076923076923,0.5285714285714286,0.4,0.5615384615384615,1.1807924429283654,0.680628272251309,0.6557377049180327,0.8648648648648649,0.3333333333333333,0.7213114754098361,1.4426229508196722,0.3193717277486911,0.4852941176470588,0.35233160621761656,1.2647058823529411,0.0,0.05181347150259067,0.0,0.45454545454545453,0.05699481865284974,1.0909090909090908,0.7,0.25906735751295334,1.52,0.5384615384615384,0.2694300518134715,1.1538461538461537,0.44155844155844154,0.39896373056994816,1.2987012987012987,0.25,0.04145077720207254,0.5,0.9259259259259259,0.13989637305699482,1.8518518518518519,0.25,0.02072538860103627,0.5,,0.0,,0.5,0.010362694300518135,1.0,0.5476190476190477,0.21761658031088082,1.0952380952380953,,0.0,,0.6666666666666666,0.015544041450777202,1.3333333333333333,0.3333333333333333,0.06217616580310881,0.6666666666666666,0.75,0.02072538860103627,1.5,,0.0,,0.0,0.0051813471502590676,0.0,0.5454545454545454,0.05699481865284974,1.0909090909090908,46,30,0.6521739130434783,0.23834196891191708,52,33,0.6346153846153846,0.2694300518134715,9,6,0.6666666666666666,0.046632124352331605,84,32,0.38095238095238093,0.43523316062176165,2,1,1,3,0.5,0.010362694300518135,1.5,1,1,0,3,1.0,0.0051813471502590676,3.0,40,17,23,51,0.425,0.20725388601036268,1.275,15,5,10,15,0.3333333333333333,0.07772020725388601,1.0,26,8,18,24,0.3076923076923077,0.13471502590673576,0.9230769230769231,1040
8,Liga ACB,51,2025-2026,22847,Yves Pons,1332,BC MoraBanc Andorra,27,161,118,43,77,49,28,4,0,214,69,6,19.614609903682208,128,111,17,60,46,14,166,30,6,24,15,3,12,33,113,86,27,49,35,14,133,46,31,15,26,13,13,65,17,12,5,24,13,8,5,16,12,7,5,14,32,10,22,30,85,38,47,114,0,0,0,0,0,0,0,0,2,2,0,5,67,31,36,86,6,0,6,0,10,4,6,11,36,22,14,54,40,18,22,47,83,33,50,96,10,4,6,9,4,4,0,8,1,0,1,0,0,0,0,0,5,4,1,8,12,6,6,12,0,0,0,0,4,3,1,6,33,17,16,49,3,1,2,2,2,2,0,6,1,0,1,0,1,1,0,2,18,11,4,3,2,2,6,5,0,0,0.4782608695652174,0.6511627906976745,0.4152542372881356,0.6111111111111112,0.6304347826086957,0.0,1.2668718920198911,0.7329192546583851,0.46875,0.8235294117647058,0.4144144144144144,0.6484375,1.3024044389642417,0.810126582278481,0.5,0.5,0.5,0.55,1.133419689119171,0.189873417721519,0.4336283185840708,0.5185185185185185,0.4069767441860465,0.588495575221239,1.1933586994119683,0.710691823899371,0.5652173913043478,0.8666666666666667,0.41935483870967744,0.7065217391304348,1.4130434782608696,0.2893081761006289,0.4626865671641791,0.4161490683229814,1.2835820895522387,0.0,0.037267080745341616,0.0,0.4,0.062111801242236024,1.1,0.6111111111111112,0.2236024844720497,1.5,0.45,0.2484472049689441,1.175,0.39759036144578314,0.515527950310559,1.1566265060240963,0.4,0.062111801242236024,0.9,1.0,0.024844720496894408,2.0,0.0,0.006211180124223602,0.0,,0.0,,0.8,0.031055900621118012,1.6,0.5,0.07453416149068323,1.0,,0.0,,0.75,0.024844720496894408,1.5,0.5151515151515151,0.20496894409937888,1.4848484848484849,0.3333333333333333,0.018633540372670808,0.6666666666666666,1.0,0.012422360248447204,3.0,0.0,0.006211180124223602,0.0,1.0,0.006211180124223602,2.0,17,12,0.7058823529411765,0.10559006211180125,13,8,0.6153846153846154,0.08074534161490683,12,7,0.5833333333333334,0.07453416149068323,117,48,0.41025641025641024,0.7267080745341615,13,3,10,9,0.23076923076923078,0.08074534161490683,0.6923076923076923,19,7,12,21,0.3684210526315789,0.11801242236024845,1.105263157894737,16,9,7,27,0.5625,0.09937888198757763,1.6875,35,17,18,51,0.4857142857142857,0.21739130434782608,1.457142857142857,34,12,22,36,0.35294117647058826,0.2111801242236025,1.0588235294117647,1142
8,Liga ACB,51,2025-2026,22895,Jhivvan Jameel Jackson Melendez,1316,San Pablo Burgos,20,221,119,102,92,44,48,25,4,292,48,3,18.22741062992168,83,66,17,36,26,10,98,130,49,81,55,17,38,127,150,83,67,58,29,29,145,66,32,34,33,14,19,80,20,14,6,28,37,19,18,38,44,15,29,30,12,4,8,12,100,39,61,117,2,0,2,0,1,0,1,0,5,1,4,3,62,22,40,55,3,0,3,0,16,7,9,17,50,26,24,63,85,36,49,90,35,16,19,48,74,22,52,57,1,0,1,0,24,12,12,24,3,0,3,0,2,2,0,4,28,19,9,38,1,1,0,2,0,0,0,0,36,13,23,36,2,1,1,2,0,0,0,0,8,4,4,12,2,1,1,2,74,64,2,1,44,41,39,37,7,5,0.416289592760181,0.47058823529411764,0.3697478991596639,0.8648648648648649,0.5158371040723982,0.16,1.1516011989272756,0.5384615384615384,0.43373493975903615,0.5882352941176471,0.3939393939393939,0.5903614457831325,1.1802575107296138,0.38967136150234744,0.4230769230769231,0.4691358024691358,0.3469387755102041,0.48846153846153845,1.1247991430101767,0.6103286384976526,0.38666666666666666,0.43283582089552236,0.3493975903614458,0.48333333333333334,1.0887772194304859,0.6944444444444444,0.5,0.5588235294117647,0.4375,0.6060606060606061,1.2304574406485236,0.3055555555555556,0.3548387096774194,0.28054298642533937,0.8870967741935484,0.0,0.013574660633484163,0.0,0.4375,0.07239819004524888,1.0625,0.52,0.22624434389140272,1.26,0.4235294117647059,0.38461538461538464,1.0588235294117647,0.45714285714285713,0.1583710407239819,1.3714285714285714,0.2972972972972973,0.334841628959276,0.7702702702702703,0.0,0.004524886877828055,0.0,0.5,0.1085972850678733,1.0,0.0,0.013574660633484163,0.0,1.0,0.00904977375565611,2.0,0.6785714285714286,0.12669683257918551,1.3571428571428572,1.0,0.004524886877828055,2.0,,0.0,,0.3611111111111111,0.16289592760180996,1.0,0.5,0.00904977375565611,1.0,,0.0,,0.5,0.03619909502262444,1.5,0.5,0.00904977375565611,1.0,20,14,0.7,0.09049773755656108,37,19,0.5135135135135135,0.167420814479638,44,15,0.3409090909090909,0.19909502262443438,112,43,0.38392857142857145,0.5067873303167421,5,2,3,6,0.4,0.02262443438914027,1.2,7,2,5,6,0.2857142857142857,0.03167420814479638,0.8571428571428571,41,14,27,42,0.34146341463414637,0.18552036199095023,1.024390243902439,21,6,15,18,0.2857142857142857,0.09502262443438914,0.8571428571428571,38,19,19,57,0.5,0.17194570135746606,1.5,1028
8,Liga ACB,51,2025-2026,22915,Isaiah Washington,1331,Casademont Zaragoza,10,55,35,20,23,14,9,1,0,62,9,2,18.455985377443074,21,21,0,9,9,0,27,33,13,20,14,5,9,33,46,30,16,19,13,6,51,9,5,4,4,1,3,9,6,3,3,6,11,6,5,12,3,0,3,0,8,4,4,12,26,10,16,30,0,0,0,0,1,0,1,0,0,0,0,0,17,9,8,25,2,0,2,0,4,1,3,2,5,3,2,7,27,10,17,26,13,5,8,15,17,5,12,13,0,0,0,0,3,2,1,4,0,0,0,0,1,0,1,0,11,5,6,10,0,0,0,0,0,0,0,0,8,4,4,12,0,0,0,0,0,0,0,0,2,2,0,6,0,0,0,0,2,2,0,0,2,2,2,2,0,0,0.41818181818181815,0.45,0.4,1.0,0.5454545454545454,0.0,1.1095204008589834,0.6363636363636364,0.42857142857142855,,0.42857142857142855,0.6428571428571429,1.2857142857142858,0.3888888888888889,0.42424242424242425,0.45,0.38461538461538464,0.5,1.0330578512396693,0.6111111111111112,0.41304347826086957,0.375,0.43333333333333335,0.5543478260869565,1.1305460750853242,0.8363636363636363,0.4444444444444444,0.75,0.2,0.5,1.0,0.16363636363636364,0.5294117647058824,0.3090909090909091,1.4705882352941178,0.0,0.03636363636363636,0.0,0.25,0.07272727272727272,0.5,0.6,0.09090909090909091,1.4,0.37037037037037035,0.4909090909090909,0.9629629629629629,0.38461538461538464,0.23636363636363636,1.1538461538461537,0.29411764705882354,0.3090909090909091,0.7647058823529411,,0.0,,0.6666666666666666,0.05454545454545454,1.3333333333333333,,0.0,,0.0,0.01818181818181818,0.0,0.45454545454545453,0.2,0.9090909090909091,,0.0,,,0.0,,0.5,0.14545454545454545,1.5,,0.0,,,0.0,,1.0,0.03636363636363636,3.0,,0.0,,6,3,0.5,0.10909090909090909,11,6,0.5454545454545454,0.2,3,0,0.0,0.05454545454545454,34,14,0.4117647058823529,0.6181818181818182,5,3,2,9,0.6,0.09090909090909091,1.8,3,1,2,3,0.3333333333333333,0.05454545454545454,1.0,5,0,5,0,0.0,0.09090909090909091,0.0,9,5,4,15,0.5555555555555556,0.16363636363636364,1.6666666666666667,12,5,7,15,0.4166666666666667,0.21818181818181817,1.25,233
8,Liga ACB,51,2025-2026,22932,David Duke Jr.,1330,BAXI Manresa,9,60,26,34,22,4,18,12,3,79,7,3,12.786721820705544,27,20,7,7,3,4,17,29,4,25,14,1,13,29,42,13,29,14,1,13,29,17,12,5,8,3,5,19,16,9,7,18,17,8,9,16,1,1,0,2,13,3,10,9,12,1,11,3,0,0,0,0,0,0,0,0,1,0,1,0,9,3,6,6,3,0,3,0,2,2,0,4,15,6,9,15,30,11,19,23,18,3,15,9,8,3,5,6,3,3,0,6,2,1,1,2,0,0,0,0,0,0,0,0,25,11,14,22,0,0,0,0,0,0,0,0,2,0,2,0,0,0,0,0,1,1,0,3,0,0,0,0,0,0,0,0,43,31,1,0,21,14,17,12,5,2,0.36666666666666664,0.5294117647058824,0.15384615384615385,0.7209302325581395,0.4,0.25,1.0010136847440445,0.43333333333333335,0.25925925925925924,0.5714285714285714,0.15,0.3148148148148148,0.6195335276967929,0.48214285714285715,0.4827586206896552,0.52,0.25,0.5,1.1244769874476988,0.5178571428571429,0.3333333333333333,0.4482758620689655,0.07692307692307693,0.34523809523809523,0.8286176232821343,0.711864406779661,0.47058823529411764,1.0,0.25,0.5588235294117647,1.09375,0.288135593220339,0.3333333333333333,0.15,0.6666666666666666,0.0,0.05,0.0,1.0,0.03333333333333333,2.0,0.4,0.25,1.0,0.36666666666666664,0.5,0.7666666666666667,0.16666666666666666,0.3,0.5,0.375,0.13333333333333333,0.75,1.0,0.05,2.0,0.5,0.03333333333333333,1.0,,0.0,,,0.0,,0.44,0.4166666666666667,0.88,,0.0,,,0.0,,0.0,0.03333333333333333,0.0,,0.0,,1.0,0.016666666666666666,3.0,,0.0,,,0.0,,16,9,0.5625,0.26666666666666666,17,8,0.47058823529411764,0.2833333333333333,1,1,1.0,0.016666666666666666,25,4,0.16,0.4166666666666667,8,1,7,3,0.125,0.13333333333333333,0.375,5,2,3,6,0.4,0.08333333333333333,1.2,9,1,8,3,0.1111111111111111,0.15,0.3333333333333333,0,0,0,0,,0.0,,3,0,3,0,0.0,0.05,0.0,305
8,Liga ACB,51,2025-2026,23002,Cameron Krutwig,1323,ICG Forca Lleida,31,125,0,125,63,0,63,17,5,159,39,6,6.117766926162597,68,0,68,41,0,41,82,45,0,45,16,0,16,32,79,0,79,37,0,37,74,45,0,45,25,0,25,50,54,36,18,72,59,20,39,40,11,6,5,12,0,0,0,0,0,0,0,0,0,0,0,0,0,0,0,0,1,1,0,2,28,13,15,26,6,0,6,0,10,4,6,8,35,21,14,42,45,24,21,48,7,3,4,6,6,2,4,4,0,0,0,0,14,8,6,16,0,0,0,0,19,5,14,10,60,34,26,68,0,0,0,0,2,1,1,2,8,3,5,6,0,0,0,0,0,0,0,0,0,0,0,0,8,6,2,12,47,33,12,9,15,8,24,15,3,2,0.504,0.504,,0.7021276595744681,0.504,0.29411764705882354,1.0914332784184513,0.0,0.6029411764705882,0.6029411764705882,,0.6029411764705882,1.2418122270742358,0.6017699115044248,0.35555555555555557,0.35555555555555557,,0.35555555555555557,0.7751937984496123,0.39823008849557523,0.46835443037974683,0.46835443037974683,,0.46835443037974683,0.9937472085752568,0.6370967741935484,0.5555555555555556,0.5555555555555556,,0.5555555555555556,1.1226252158894645,0.3629032258064516,0.4642857142857143,0.224,0.9285714285714286,0.0,0.048,0.0,0.4,0.08,0.8,0.6,0.28,1.2,0.5333333333333333,0.36,1.0666666666666667,0.42857142857142855,0.056,0.8571428571428571,0.3333333333333333,0.048,0.6666666666666666,,0.0,,0.5714285714285714,0.112,1.1428571428571428,,0.0,,0.2631578947368421,0.152,0.5263157894736842,0.5666666666666667,0.48,1.1333333333333333,,0.0,,0.5,0.016,1.0,0.375,0.064,0.75,,0.0,,,0.0,,,0.0,,0.75,0.064,1.5,54,36,0.6666666666666666,0.432,59,20,0.3389830508474576,0.472,11,6,0.5454545454545454,0.088,0,0,,0.0,0,0,0,0,,0.0,,0,0,0,0,,0.0,,0,0,0,0,,0.0,,0,0,0,0,,0.0,,0,0,0,0,,0.0,,916
8,Liga ACB,51,2025-2026,23056,Justin Jaworski,1335,Bilbao Basket,33,345,202,143,134,76,58,26,6,425,84,17,18.66033490818452,158,135,23,66,53,13,185,175,58,117,64,20,44,148,250,145,105,90,54,36,234,87,50,37,41,20,21,102,30,17,13,34,50,18,32,36,62,22,40,44,34,10,24,30,159,63,96,189,0,0,0,0,2,1,1,3,8,3,5,8,103,45,58,126,17,0,17,0,27,11,16,29,60,30,30,73,130,45,85,108,49,18,31,54,98,34,64,86,0,0,0,0,16,3,13,6,1,0,1,0,1,0,1,0,57,27,30,54,1,1,0,2,0,0,0,0,100,43,57,120,2,1,1,2,3,1,2,3,8,3,5,9,1,0,1,0,91,81,42,40,18,14,55,49,4,3,0.3884057971014493,0.40559440559440557,0.37623762376237624,0.8901098901098901,0.4985507246376812,0.23076923076923078,1.1037814253064615,0.5855072463768116,0.4177215189873418,0.5652173913043478,0.3925925925925926,0.5854430379746836,1.2749320036264733,0.4744744744744745,0.3657142857142857,0.37606837606837606,0.3448275862068966,0.4228571428571429,0.8856330636343758,0.5255255255255256,0.36,0.34285714285714286,0.3724137931034483,0.468,1.0320933625091175,0.7418397626112759,0.47126436781609193,0.5675675675675675,0.4,0.5862068965517241,1.1829652996845426,0.258160237388724,0.4368932038834951,0.2985507246376812,1.2233009708737863,0.0,0.04927536231884058,0.0,0.4074074074074074,0.0782608695652174,1.0740740740740742,0.5,0.17391304347826086,1.2166666666666666,0.34615384615384615,0.37681159420289856,0.8307692307692308,0.3673469387755102,0.14202898550724638,1.1020408163265305,0.3469387755102041,0.28405797101449276,0.8775510204081632,,0.0,,0.1875,0.0463768115942029,0.375,0.0,0.002898550724637681,0.0,0.0,0.002898550724637681,0.0,0.47368421052631576,0.16521739130434782,0.9473684210526315,1.0,0.002898550724637681,2.0,,0.0,,0.43,0.2898550724637681,1.2,0.5,0.005797101449275362,1.0,0.3333333333333333,0.008695652173913044,1.0,0.375,0.02318840579710145,1.125,0.0,0.002898550724637681,0.0,30,17,0.5666666666666667,0.08695652173913043,50,18,0.36,0.14492753623188406,62,22,0.3548387096774194,0.17971014492753623,193,73,0.37823834196891193,0.5594202898550724,22,6,16,18,0.2727272727272727,0.06376811594202898,0.8181818181818182,12,4,8,12,0.3333333333333333,0.034782608695652174,1.0,60,21,39,63,0.35,0.17391304347826086,1.05,47,24,23,72,0.5106382978723404,0.13623188405797101,1.5319148936170213,52,18,34,54,0.34615384615384615,0.15072463768115943,1.0384615384615385,1401
8,Liga ACB,51,2025-2026,23482,Joel Soriano,1331,Casademont Zaragoza,16,80,0,80,44,0,44,19,2,121,35,9,6.710542035627467,49,0,49,34,0,34,68,25,0,25,9,0,9,18,53,0,53,20,0,20,40,27,0,27,24,0,24,48,37,22,15,44,30,17,13,34,13,5,8,10,0,0,0,0,0,0,0,0,0,0,0,0,0,0,0,0,0,0,0,0,17,12,5,24,9,0,9,0,6,5,1,10,21,19,2,38,27,8,19,16,7,3,4,6,3,1,2,2,6,4,2,8,2,2,0,4,0,0,0,0,6,6,0,12,32,15,17,30,0,0,0,0,7,7,0,14,8,3,5,6,0,0,0,0,5,2,3,4,0,0,0,0,4,1,3,2,48,33,22,13,10,9,36,26,0,0,0.55,0.55,,0.6875,0.55,0.10526315789473684,1.1965981012658227,0.0,0.6938775510204082,0.6938775510204082,,0.6938775510204082,1.3803680981595092,0.6621621621621622,0.36,0.36,,0.36,0.9183673469387755,0.33783783783783783,0.37735849056603776,0.37735849056603776,,0.37735849056603776,0.9587449157466589,0.6625,0.8888888888888888,0.8888888888888888,,0.8888888888888888,1.7777777777777777,0.3375,0.7058823529411765,0.2125,1.411764705882353,0.0,0.1125,0.0,0.8333333333333334,0.075,1.6666666666666667,0.9047619047619048,0.2625,1.8095238095238095,0.2962962962962963,0.3375,0.5925925925925926,0.42857142857142855,0.0875,0.8571428571428571,0.3333333333333333,0.0375,0.6666666666666666,0.6666666666666666,0.075,1.3333333333333333,1.0,0.025,2.0,,0.0,,1.0,0.075,2.0,0.46875,0.4,0.9375,,0.0,,1.0,0.0875,2.0,0.375,0.1,0.75,,0.0,,0.4,0.0625,0.8,,0.0,,0.25,0.05,0.5,37,22,0.5945945945945946,0.4625,30,17,0.5666666666666667,0.375,13,5,0.38461538461538464,0.1625,0,0,,0.0,0,0,0,0,,0.0,,0,0,0,0,,0.0,,0,0,0,0,,0.0,,0,0,0,0,,0.0,,0,0,0,0,,0.0,,463
8,Liga ACB,51,2025-2026,24056,Killian Tillie,1339,Malaga,25,136,85,51,53,32,21,5,2,147,40,5,17.822084021262917,95,77,18,38,31,7,107,25,4,21,12,1,11,25,96,63,33,37,24,13,98,32,19,13,13,8,5,34,19,9,10,18,20,8,12,16,7,1,6,2,19,5,14,15,63,27,36,81,0,0,0,0,0,0,0,0,8,3,5,6,49,21,28,58,4,0,4,0,8,2,6,6,24,11,13,28,43,16,27,40,56,18,38,53,8,2,6,5,2,1,1,2,3,1,2,2,0,0,0,0,6,2,4,4,14,8,6,16,0,0,0,0,1,1,0,2,24,15,9,44,4,2,2,4,0,0,0,0,0,0,0,0,10,0,10,0,16,9,7,6,3,1,10,7,0,0,0.3897058823529412,0.4117647058823529,0.3764705882352941,0.5625,0.5073529411764706,0.4,1.0276845637583893,0.625,0.4,0.3888888888888889,0.4025974025974026,0.5631578947368421,1.152120717781403,0.7916666666666666,0.48,0.5238095238095238,0.25,0.5,0.9878419452887538,0.20833333333333334,0.3854166666666667,0.3939393939393939,0.38095238095238093,0.5104166666666666,1.045816733067729,0.75,0.40625,0.38461538461538464,0.42105263157894735,0.53125,1.0625,0.25,0.42857142857142855,0.3602941176470588,1.183673469387755,0.0,0.029411764705882353,0.0,0.25,0.058823529411764705,0.75,0.4583333333333333,0.17647058823529413,1.1666666666666667,0.37209302325581395,0.3161764705882353,0.9302325581395349,0.32142857142857145,0.4117647058823529,0.9464285714285714,0.25,0.058823529411764705,0.625,0.5,0.014705882352941176,1.0,0.3333333333333333,0.022058823529411766,0.6666666666666666,,0.0,,0.3333333333333333,0.04411764705882353,0.6666666666666666,0.5714285714285714,0.10294117647058823,1.1428571428571428,,0.0,,1.0,0.007352941176470588,2.0,0.625,0.17647058823529413,1.8333333333333333,0.5,0.029411764705882353,1.0,,0.0,,,0.0,,0.0,0.07352941176470588,0.0,19,9,0.47368421052631576,0.13970588235294118,20,8,0.4,0.14705882352941177,7,1,0.14285714285714285,0.051470588235294115,82,32,0.3902439024390244,0.6029411764705882,10,3,7,9,0.3,0.07352941176470588,0.9,9,2,7,6,0.2222222222222222,0.0661764705882353,0.6666666666666666,15,9,6,27,0.6,0.11029411764705882,1.8,25,9,16,27,0.36,0.18382352941176472,1.08,23,9,14,27,0.391304347826087,0.16911764705882354,1.173913043478261,655
8,Liga ACB,51,2025-2026,24268,Trent Forrest,1326,Bitci Baskonia,21,171,61,110,82,16,66,49,8,294,18,8,12.735486533545846,39,30,9,16,9,7,41,128,30,98,63,6,57,132,125,43,82,50,8,42,108,45,18,27,31,8,23,70,36,23,13,46,63,38,25,76,10,4,6,8,20,3,17,9,40,13,27,39,1,0,1,0,0,0,0,0,1,1,0,2,44,15,29,35,8,0,8,0,12,8,4,17,33,23,10,53,73,35,38,73,22,5,17,15,29,8,21,21,4,2,2,4,7,4,3,8,1,0,1,0,5,1,4,2,79,53,26,106,1,0,1,0,0,0,0,0,9,5,4,14,2,1,1,2,5,1,4,3,5,1,4,3,1,0,1,0,123,114,4,4,77,73,67,62,14,14,0.47953216374269003,0.6,0.26229508196721313,0.926829268292683,0.5263157894736842,0.16326530612244897,1.3059701492537312,0.3567251461988304,0.41025641025641024,0.7777777777777778,0.3,0.5256410256410257,1.1040235525024535,0.23353293413173654,0.4921875,0.5816326530612245,0.2,0.515625,1.266370150728935,0.7664670658682635,0.4,0.5121951219512195,0.18604651162790697,0.432,1.1004660797514243,0.7352941176470589,0.6888888888888889,0.8518518518518519,0.4444444444444444,0.7777777777777778,1.6419077404222049,0.2647058823529412,0.3409090909090909,0.2573099415204678,0.7954545454545454,0.0,0.04678362573099415,0.0,0.6666666666666666,0.07017543859649122,1.4166666666666667,0.696969696969697,0.19298245614035087,1.606060606060606,0.4794520547945205,0.4269005847953216,1.0,0.22727272727272727,0.1286549707602339,0.6818181818181818,0.27586206896551724,0.1695906432748538,0.7241379310344828,0.5,0.023391812865497075,1.0,0.5714285714285714,0.04093567251461988,1.1428571428571428,0.0,0.005847953216374269,0.0,0.2,0.029239766081871343,0.4,0.6708860759493671,0.4619883040935672,1.3417721518987342,0.0,0.005847953216374269,0.0,,0.0,,0.5555555555555556,0.05263157894736842,1.5555555555555556,0.5,0.011695906432748537,1.0,0.2,0.029239766081871343,0.6,0.2,0.029239766081871343,0.6,0.0,0.005847953216374269,0.0,36,23,0.6388888888888888,0.21052631578947367,63,38,0.6031746031746031,0.3684210526315789,10,4,0.4,0.05847953216374269,60,16,0.26666666666666666,0.3508771929824561,12,1,11,3,0.08333333333333333,0.07017543859649122,0.25,8,2,6,6,0.25,0.04678362573099415,0.75,18,5,13,15,0.2777777777777778,0.10526315789473684,0.8333333333333334,14,4,10,12,0.2857142857142857,0.08187134502923976,0.8571428571428571,8,4,4,12,0.5,0.04678362573099415,1.5,1077
8,Liga ACB,51,2025-2026,24280,Keandre Cook,1322,Leche Rio Breogan,31,219,113,106,101,46,55,32,7,336,53,7,16.428429674473232,72,60,12,38,28,10,104,137,47,90,59,16,43,134,149,78,71,59,30,29,148,65,31,34,40,15,25,95,35,22,13,44,41,19,22,38,29,13,16,26,35,15,20,45,71,30,41,90,3,0,3,0,0,0,0,0,5,2,3,5,58,29,29,77,7,0,7,0,12,8,4,19,53,32,21,76,84,30,54,71,47,24,23,72,65,24,41,61,5,5,0,10,6,3,3,6,2,0,2,0,1,1,0,2,58,32,26,64,0,0,0,0,0,0,0,0,15,4,11,12,1,0,1,0,5,3,2,8,8,2,6,6,1,1,0,2,94,88,9,9,45,44,48,47,8,8,0.4611872146118721,0.5188679245283019,0.40707964601769914,0.9361702127659575,0.5662100456621004,0.21875,1.2905208173298508,0.5159817351598174,0.5277777777777778,0.8333333333333334,0.4666666666666667,0.7222222222222222,1.4876250658241181,0.3444976076555024,0.4306569343065693,0.4777777777777778,0.3404255319148936,0.48905109489051096,1.135204081632653,0.6555023923444976,0.3959731543624161,0.4084507042253521,0.38461538461538464,0.4966442953020134,1.146249706089819,0.6962616822429907,0.6153846153846154,0.7352941176470589,0.4838709677419355,0.7307692307692307,1.5032107413893754,0.3037383177570093,0.5,0.2648401826484018,1.3275862068965518,0.0,0.0319634703196347,0.0,0.6666666666666666,0.0547945205479452,1.5833333333333333,0.6037735849056604,0.2420091324200913,1.4339622641509433,0.35714285714285715,0.3835616438356164,0.8452380952380952,0.5106382978723404,0.2146118721461187,1.5319148936170213,0.36923076923076925,0.2968036529680365,0.9384615384615385,1.0,0.0228310502283105,2.0,0.5,0.0273972602739726,1.0,0.0,0.0091324200913242,0.0,1.0,0.0045662100456621,2.0,0.5517241379310345,0.2648401826484018,1.103448275862069,,0.0,,,0.0,,0.26666666666666666,0.0684931506849315,0.8,0.0,0.0045662100456621,0.0,0.6,0.0228310502283105,1.6,0.25,0.0365296803652968,0.75,1.0,0.0045662100456621,2.0,35,22,0.6285714285714286,0.1598173515981735,41,19,0.4634146341463415,0.1872146118721461,29,13,0.4482758620689655,0.1324200913242009,106,45,0.42452830188679247,0.4840182648401826,20,9,11,27,0.45,0.091324200913242,1.35,15,6,9,18,0.4,0.0684931506849315,1.2,25,10,15,30,0.4,0.1141552511415525,1.2,23,11,12,33,0.4782608695652174,0.1050228310502283,1.434782608695652,23,9,14,27,0.391304347826087,0.1050228310502283,1.173913043478261,1224
8,Liga ACB,51,2025-2026,24504,Jonah Radebaugh,1334,CB UCAM Murcia,28,170,112,58,80,43,37,10,4,227,45,6,18.665054157274387,79,66,13,38,26,12,102,84,42,42,39,15,24,93,127,86,41,55,35,20,145,39,24,15,23,8,15,54,19,13,6,26,25,17,8,34,13,6,7,12,28,14,14,42,82,29,53,87,0,0,0,0,0,0,0,0,3,1,2,2,51,29,22,79,6,0,6,0,7,1,6,2,32,22,10,52,70,26,44,66,47,19,28,57,53,21,32,56,1,1,0,2,1,0,1,0,0,0,0,0,0,0,0,0,35,26,9,52,0,0,0,0,0,0,0,0,19,7,12,21,0,0,0,0,4,1,3,3,5,3,2,8,1,0,1,0,33,24,4,4,13,8,14,9,3,3,0.47058823529411764,0.6379310344827587,0.38392857142857145,0.7272727272727273,0.5970588235294118,0.4,1.2302189464556688,0.6588235294117647,0.4810126582278481,0.9230769230769231,0.3939393939393939,0.6455696202531646,1.3125309559187717,0.48466257668711654,0.4642857142857143,0.5714285714285714,0.35714285714285715,0.5535714285714286,1.125724476148016,0.5153374233128835,0.4330708661417323,0.4878048780487805,0.4069767441860465,0.5708661417322834,1.1565034544908381,0.7650602409638554,0.5897435897435898,1.0,0.3333333333333333,0.6923076923076923,1.4136904761904763,0.23493975903614459,0.5686274509803921,0.3,1.5490196078431373,0.0,0.03529411764705882,0.0,0.14285714285714285,0.041176470588235294,0.2857142857142857,0.6875,0.18823529411764706,1.625,0.37142857142857144,0.4117647058823529,0.9428571428571428,0.40425531914893614,0.27647058823529413,1.2127659574468086,0.39622641509433965,0.31176470588235294,1.0566037735849056,1.0,0.0058823529411764705,2.0,0.0,0.0058823529411764705,0.0,,0.0,,,0.0,,0.7428571428571429,0.20588235294117646,1.4857142857142858,,0.0,,,0.0,,0.3684210526315789,0.11176470588235295,1.105263157894737,,0.0,,0.25,0.023529411764705882,0.75,0.6,0.029411764705882353,1.6,0.0,0.0058823529411764705,0.0,19,13,0.6842105263157895,0.11176470588235295,25,17,0.68,0.14705882352941177,13,6,0.46153846153846156,0.07647058823529412,110,43,0.39090909090909093,0.6470588235294118,14,7,7,21,0.5,0.08235294117647059,1.5,14,7,7,21,0.5,0.08235294117647059,1.5,22,9,13,27,0.4090909090909091,0.12941176470588237,1.2272727272727273,37,12,25,36,0.32432432432432434,0.21764705882352942,0.972972972972973,23,8,15,24,0.34782608695652173,0.13529411764705881,1.0434782608695652,1091
8,Liga ACB,51,2025-2026,24597,Mamadi Diakite,1326,Bitci Baskonia,31,192,69,123,109,27,82,33,13,306,76,6,11.263087217191087,130,63,67,73,25,48,171,57,4,53,35,2,33,72,129,40,89,69,13,56,151,56,24,32,38,12,26,88,61,44,17,88,52,35,17,70,8,3,5,6,30,9,21,27,33,16,17,48,1,0,1,0,0,0,0,0,7,2,5,6,63,36,27,82,6,0,6,0,8,4,4,9,48,34,14,79,60,33,27,69,47,17,30,51,4,3,1,8,15,14,1,28,4,3,1,6,1,0,1,0,8,5,3,10,73,46,27,92,0,0,0,0,9,7,2,14,14,7,7,20,3,0,3,0,0,0,0,0,1,0,1,0,6,5,1,10,79,61,28,23,24,21,44,37,8,7,0.5677083333333334,0.6666666666666666,0.391304347826087,0.7721518987341772,0.6380208333333334,0.3939393939393939,1.3494443464455812,0.359375,0.5615384615384615,0.7164179104477612,0.3968253968253968,0.6576923076923077,1.363125351320967,0.6951871657754011,0.6140350877192983,0.6226415094339622,0.5,0.631578947368421,1.3765541740674956,0.3048128342245989,0.5348837209302325,0.6292134831460674,0.325,0.5852713178294574,1.26718792127258,0.6972972972972973,0.6785714285714286,0.8125,0.5,0.7857142857142857,1.5961021505376343,0.3027027027027027,0.5714285714285714,0.328125,1.3015873015873016,0.0,0.03125,0.0,0.5,0.041666666666666664,1.125,0.7083333333333334,0.25,1.6458333333333333,0.55,0.3125,1.15,0.3617021276595745,0.24479166666666666,1.0851063829787233,0.75,0.020833333333333332,2.0,0.9333333333333333,0.078125,1.8666666666666667,0.75,0.020833333333333332,1.5,0.0,0.005208333333333333,0.0,0.625,0.041666666666666664,1.25,0.6301369863013698,0.3802083333333333,1.2602739726027397,,0.0,,0.7777777777777778,0.046875,1.5555555555555556,0.5,0.07291666666666667,1.4285714285714286,0.0,0.015625,0.0,,0.0,,0.0,0.005208333333333333,0.0,0.8333333333333334,0.03125,1.6666666666666667,61,44,0.7213114754098361,0.3177083333333333,52,35,0.6730769230769231,0.2708333333333333,8,3,0.375,0.041666666666666664,63,25,0.3968253968253968,0.328125,12,5,7,15,0.4166666666666667,0.0625,1.25,18,4,14,12,0.2222222222222222,0.09375,0.6666666666666666,9,3,6,9,0.3333333333333333,0.046875,1.0,10,6,4,18,0.6,0.052083333333333336,1.8,14,7,7,21,0.5,0.07291666666666667,1.5,1290
8,Liga ACB,51,2025-2026,24598,Braxton Key,1325,Valencia BC,20,94,26,68,47,9,38,11,4,118,29,3,9.80928547594981,42,22,20,25,8,17,58,47,3,44,20,1,19,41,65,14,51,26,3,23,55,26,10,16,20,6,14,46,37,24,13,48,25,12,13,24,5,1,4,2,14,3,11,9,10,6,4,18,0,0,0,0,0,0,0,0,3,1,2,2,23,9,14,21,3,0,3,0,1,1,0,2,25,19,6,44,39,17,22,34,20,7,13,21,6,1,5,3,7,6,1,12,1,0,1,0,0,0,0,0,4,2,2,4,43,28,15,56,1,0,1,0,0,0,0,0,2,1,1,3,3,1,2,2,1,0,1,0,1,0,1,0,2,0,2,0,34,15,4,2,10,5,14,7,4,1,0.5,0.5588235294117647,0.34615384615384615,0.4411764705882353,0.5478723404255319,0.36363636363636365,1.0829662261380324,0.2765957446808511,0.5952380952380952,0.85,0.36363636363636365,0.6904761904761905,1.3711151736745888,0.47191011235955055,0.425531914893617,0.4318181818181818,0.3333333333333333,0.43617021276595747,0.8949416342412452,0.5280898876404494,0.4,0.45098039215686275,0.21428571428571427,0.4230769230769231,0.8712759977515458,0.7142857142857143,0.7692307692307693,0.875,0.6,0.8846153846153846,1.6930835734870315,0.2857142857142857,0.391304347826087,0.24468085106382978,0.9130434782608695,0.0,0.031914893617021274,0.0,1.0,0.010638297872340425,2.0,0.76,0.26595744680851063,1.76,0.4358974358974359,0.4148936170212766,0.8717948717948718,0.35,0.2127659574468085,1.05,0.16666666666666666,0.06382978723404255,0.5,0.8571428571428571,0.07446808510638298,1.7142857142857142,0.0,0.010638297872340425,0.0,,0.0,,0.5,0.0425531914893617,1.0,0.6511627906976745,0.4574468085106383,1.302325581395349,0.0,0.010638297872340425,0.0,,0.0,,0.5,0.02127659574468085,1.5,0.3333333333333333,0.031914893617021274,0.6666666666666666,0.0,0.010638297872340425,0.0,0.0,0.010638297872340425,0.0,0.0,0.02127659574468085,0.0,37,24,0.6486486486486487,0.39361702127659576,25,12,0.48,0.26595744680851063,5,1,0.2,0.05319148936170213,24,9,0.375,0.2553191489361702,4,1,3,3,0.25,0.0425531914893617,0.75,10,2,8,6,0.2,0.10638297872340426,0.6,5,3,2,9,0.6,0.05319148936170213,1.8,1,1,0,3,1.0,0.010638297872340425,3.0,4,2,2,6,0.5,0.0425531914893617,1.5,656
8,Liga ACB,51,2025-2026,24684,Jon Axel Gudmundsson,1316,San Pablo Burgos,29,128,68,60,41,18,23,18,4,136,21,5,15.84358912805841,57,54,3,16,15,1,47,62,11,51,21,3,18,45,94,47,47,29,14,15,72,30,19,11,11,4,7,26,30,13,17,26,23,7,16,14,5,2,3,4,12,4,8,12,54,14,40,42,0,0,0,0,0,0,0,0,4,1,3,2,49,18,31,47,5,0,5,0,13,2,11,4,17,9,8,22,40,11,29,25,39,11,28,33,17,6,11,14,0,0,0,0,5,0,5,0,0,0,0,0,2,0,2,0,44,18,26,36,0,0,0,0,0,0,0,0,15,4,11,12,0,0,0,0,1,1,0,3,1,0,1,0,0,0,0,0,47,36,3,3,27,20,25,20,4,2,0.3203125,0.38333333333333336,0.2647058823529412,0.7659574468085106,0.390625,0.2222222222222222,0.9147161689534571,0.53125,0.2807017543859649,0.3333333333333333,0.2777777777777778,0.41228070175438597,0.8573388203017832,0.4789915966386555,0.3387096774193548,0.35294117647058826,0.2727272727272727,0.3629032258064516,0.8798050893340553,0.5210084033613446,0.30851063829787234,0.3191489361702128,0.2978723404255319,0.3829787234042553,0.8761904761904762,0.7580645161290323,0.36666666666666664,0.6363636363636364,0.21052631578947367,0.43333333333333335,0.8816120906801007,0.24193548387096775,0.3673469387755102,0.3828125,0.9591836734693877,0.0,0.0390625,0.0,0.15384615384615385,0.1015625,0.3076923076923077,0.5294117647058824,0.1328125,1.2941176470588236,0.275,0.3125,0.625,0.28205128205128205,0.3046875,0.8461538461538461,0.35294117647058826,0.1328125,0.8235294117647058,,0.0,,0.0,0.0390625,0.0,,0.0,,0.0,0.015625,0.0,0.4090909090909091,0.34375,0.8181818181818182,,0.0,,,0.0,,0.26666666666666666,0.1171875,0.8,,0.0,,1.0,0.0078125,3.0,0.0,0.0078125,0.0,,0.0,,30,13,0.43333333333333335,0.234375,23,7,0.30434782608695654,0.1796875,5,2,0.4,0.0390625,66,18,0.2727272727272727,0.515625,6,0,6,0,0.0,0.046875,0.0,6,4,2,12,0.6666666666666666,0.046875,2.0,16,4,12,12,0.25,0.125,0.75,17,5,12,15,0.29411764705882354,0.1328125,0.8823529411764706,21,5,16,15,0.23809523809523808,0.1640625,0.7142857142857143,1173
8,Liga ACB,51,2025-2026,24905,Harald Frey,1335,Bilbao Basket,30,153,83,70,62,23,39,18,2,211,28,5,17.665345974260745,49,43,6,19,13,6,51,96,36,60,40,9,31,89,103,53,50,39,14,25,92,46,26,20,22,8,14,52,22,15,7,30,29,15,14,30,19,9,10,18,14,5,9,15,59,16,43,48,1,0,1,0,5,1,4,3,4,1,3,3,52,22,30,55,5,0,5,0,7,3,4,6,39,19,20,46,46,17,29,37,30,9,21,27,54,19,35,47,0,0,0,0,8,3,5,6,1,0,1,0,0,0,0,0,40,25,15,50,0,0,0,0,0,0,0,0,14,5,9,14,0,0,0,0,1,0,1,0,0,0,0,0,1,0,1,0,75,64,2,2,27,25,30,28,2,1,0.40522875816993464,0.5571428571428572,0.27710843373493976,0.8533333333333334,0.4803921568627451,0.1111111111111111,1.1344086021505377,0.5424836601307189,0.3877551020408163,1.0,0.3023255813953488,0.5204081632653061,1.062550120288693,0.33793103448275863,0.4166666666666667,0.5166666666666667,0.25,0.4635416666666667,1.0567296996662958,0.6620689655172414,0.3786407766990291,0.5,0.2641509433962264,0.44660194174757284,1.0327022375215147,0.6912751677852349,0.4782608695652174,0.7,0.3076923076923077,0.5652173913043478,1.1305460750853242,0.3087248322147651,0.4230769230769231,0.33986928104575165,1.0576923076923077,0.0,0.032679738562091505,0.0,0.42857142857142855,0.0457516339869281,0.8571428571428571,0.48717948717948717,0.2549019607843137,1.1794871794871795,0.3695652173913043,0.3006535947712418,0.8043478260869565,0.3,0.19607843137254902,0.9,0.35185185185185186,0.35294117647058826,0.8703703703703703,,0.0,,0.375,0.05228758169934641,0.75,0.0,0.006535947712418301,0.0,,0.0,,0.625,0.26143790849673204,1.25,,0.0,,,0.0,,0.35714285714285715,0.0915032679738562,1.0,,0.0,,0.0,0.006535947712418301,0.0,,0.0,,0.0,0.006535947712418301,0.0,22,15,0.6818181818181818,0.1437908496732026,29,15,0.5172413793103449,0.1895424836601307,19,9,0.47368421052631576,0.12418300653594772,73,21,0.2876712328767123,0.477124183006536,9,5,4,15,0.5555555555555556,0.058823529411764705,1.6666666666666667,5,0,5,0,0.0,0.032679738562091505,0.0,26,6,20,18,0.23076923076923078,0.16993464052287582,0.6923076923076923,12,2,10,6,0.16666666666666666,0.0784313725490196,0.5,21,8,13,24,0.38095238095238093,0.13725490196078433,1.1428571428571428,1020
8,Liga ACB,51,2025-2026,24949,Markus Howard,1326,Bitci Baskonia,12,128,89,39,57,33,24,12,5,189,25,3,19.532982598808978,54,51,3,23,21,2,67,66,34,32,31,12,19,74,100,71,29,46,29,17,121,24,14,10,11,4,7,26,8,8,0,16,22,13,9,26,9,3,6,6,14,4,10,12,70,29,41,87,0,0,0,0,1,0,1,0,4,0,4,0,43,19,24,54,3,0,3,0,6,3,3,8,18,8,10,18,54,27,27,67,17,7,10,21,40,14,26,37,0,0,0,0,6,2,4,4,0,0,0,0,1,0,1,0,19,16,3,32,1,0,1,0,0,0,0,0,33,14,19,42,0,0,0,0,1,0,1,0,6,4,2,11,0,0,0,0,46,42,4,4,18,15,22,19,0,0,0.4453125,0.6153846153846154,0.3707865168539326,0.9130434782608695,0.57421875,0.4166666666666667,1.2749595250944414,0.6953125,0.42592592592592593,0.6666666666666666,0.4117647058823529,0.6203703703703703,1.2733142037302727,0.45,0.4696969696969697,0.59375,0.35294117647058826,0.5606060606060606,1.204004329004329,0.55,0.46,0.5862068965517241,0.4084507042253521,0.605,1.2764405543398978,0.8064516129032258,0.4583333333333333,0.7,0.2857142857142857,0.5416666666666666,1.0833333333333333,0.1935483870967742,0.4418604651162791,0.3359375,1.255813953488372,0.0,0.0234375,0.0,0.5,0.046875,1.3333333333333333,0.4444444444444444,0.140625,1.0,0.5,0.421875,1.2407407407407407,0.4117647058823529,0.1328125,1.2352941176470589,0.35,0.3125,0.925,,0.0,,0.3333333333333333,0.046875,0.6666666666666666,,0.0,,0.0,0.0078125,0.0,0.8421052631578947,0.1484375,1.6842105263157894,0.0,0.0078125,0.0,,0.0,,0.42424242424242425,0.2578125,1.2727272727272727,,0.0,,0.0,0.0078125,0.0,0.6666666666666666,0.046875,1.8333333333333333,,0.0,,8,8,1.0,0.0625,22,13,0.5909090909090909,0.171875,9,3,0.3333333333333333,0.0703125,84,33,0.39285714285714285,0.65625,7,1,6,3,0.14285714285714285,0.0546875,0.42857142857142855,7,3,4,9,0.42857142857142855,0.0546875,1.2857142857142858,22,11,11,33,0.5,0.171875,1.5,25,6,19,18,0.24,0.1953125,0.72,23,12,11,36,0.5217391304347826,0.1796875,1.565217391304348,567
8,Liga ACB,51,2025-2026,25179,Max Heidegger,1316,San Pablo Burgos,8,69,49,20,32,20,12,5,1,95,11,2,19.236592351251844,28,28,0,10,10,0,30,41,21,20,22,10,12,54,46,30,16,21,13,8,55,21,17,4,10,6,4,26,10,5,5,10,6,5,1,10,4,2,2,4,5,2,3,6,42,17,25,51,0,0,0,0,0,0,0,0,2,1,1,3,19,6,13,17,2,0,2,0,6,2,4,6,15,8,7,20,25,15,10,38,19,9,10,27,21,11,10,31,0,0,0,0,2,1,1,2,0,0,0,0,0,0,0,0,14,8,6,16,0,0,0,0,0,0,0,0,8,1,7,3,0,0,0,0,1,0,1,0,2,1,1,2,0,0,0,0,13,11,2,2,9,7,8,6,3,3,0.463768115942029,0.6,0.40816326530612246,0.8461538461538461,0.6086956521739131,0.2,1.2714132762312633,0.7101449275362319,0.35714285714285715,,0.35714285714285715,0.5357142857142857,1.10803324099723,0.4057971014492754,0.5365853658536586,0.6,0.47619047619047616,0.6585365853658537,1.3567615658362988,0.5942028985507246,0.45652173913043476,0.5,0.43333333333333335,0.5978260869565217,1.2318255250403876,0.6865671641791045,0.47619047619047616,1.0,0.35294117647058826,0.6190476190476191,1.2992831541218637,0.31343283582089554,0.3157894736842105,0.2753623188405797,0.8947368421052632,0.0,0.028985507246376812,0.0,0.3333333333333333,0.08695652173913043,1.0,0.5333333333333333,0.21739130434782608,1.3333333333333333,0.6,0.36231884057971014,1.52,0.47368421052631576,0.2753623188405797,1.4210526315789473,0.5238095238095238,0.30434782608695654,1.4761904761904763,,0.0,,0.5,0.028985507246376812,1.0,,0.0,,,0.0,,0.5714285714285714,0.2028985507246377,1.1428571428571428,,0.0,,,0.0,,0.125,0.11594202898550725,0.375,,0.0,,0.0,0.014492753623188406,0.0,0.5,0.028985507246376812,1.0,,0.0,,10,5,0.5,0.14492753623188406,6,5,0.8333333333333334,0.08695652173913043,4,2,0.5,0.057971014492753624,47,19,0.40425531914893614,0.6811594202898551,2,1,1,3,0.5,0.028985507246376812,1.5,3,1,2,3,0.3333333333333333,0.043478260869565216,1.0,11,4,7,12,0.36363636363636365,0.15942028985507245,1.0909090909090908,17,7,10,21,0.4117647058823529,0.2463768115942029,1.2352941176470589,14,6,8,18,0.42857142857142855,0.2028985507246377,1.2857142857142858,295
8,Liga ACB,51,2025-2026,25181,Omer Yurtseven,1338,Real Madrid,2,9,0,9,6,0,6,0,0,13,2,0,3.891831768420811,4,0,4,3,0,3,6,5,0,5,3,0,3,6,5,0,5,3,0,3,6,4,0,4,3,0,3,6,6,5,1,10,3,1,2,2,0,0,0,0,0,0,0,0,0,0,0,0,0,0,0,0,0,0,0,0,0,0,0,0,2,1,1,2,0,0,0,0,0,0,0,0,4,3,1,6,3,2,1,4,0,0,0,0,0,0,0,0,0,0,0,0,0,0,0,0,0,0,0,0,4,2,2,4,2,2,0,4,0,0,0,0,2,1,1,2,0,0,0,0,0,0,0,0,0,0,0,0,0,0,0,0,1,1,0,2,2,1,0,0,0,0,0,0,0,0,0.6666666666666666,0.6666666666666666,,0.5,0.6666666666666666,,1.3157894736842104,0.0,0.75,0.75,,0.75,1.5,0.4444444444444444,0.6,0.6,,0.6,1.2,0.5555555555555556,0.6,0.6,,0.6,1.2,0.5555555555555556,0.75,0.75,,0.75,1.5,0.4444444444444444,0.5,0.2222222222222222,1.0,,0.0,,,0.0,,0.75,0.4444444444444444,1.5,0.6666666666666666,0.3333333333333333,1.3333333333333333,,0.0,,,0.0,,,0.0,,,0.0,,,0.0,,0.5,0.4444444444444444,1.0,1.0,0.2222222222222222,2.0,,0.0,,0.5,0.2222222222222222,1.0,,0.0,,,0.0,,,0.0,,,0.0,,1.0,0.1111111111111111,2.0,6,5,0.8333333333333334,0.6666666666666666,3,1,0.3333333333333333,0.3333333333333333,0,0,,0.0,0,0,,0.0,0,0,0,0,,0.0,,0,0,0,0,,0.0,,0,0,0,0,,0.0,,0,0,0,0,,0.0,,0,0,0,0,,0.0,,65
8,Liga ACB,51,2025-2026,25182,Eric Vila,1328,Dreamland Gran Canaria,23,64,39,25,23,12,11,7,0,71,19,2,18.06936235739672,43,35,8,18,11,7,47,20,4,16,4,1,3,9,40,26,14,15,9,6,39,24,13,11,8,3,5,19,12,9,3,18,4,1,3,2,9,1,8,2,8,1,7,3,31,11,20,33,0,0,0,0,0,0,0,0,0,0,0,0,26,10,16,28,2,0,2,0,8,2,6,5,16,6,10,14,12,5,7,11,29,9,20,27,10,3,7,7,1,0,1,0,3,0,3,0,0,0,0,0,1,0,1,0,12,9,3,18,0,0,0,0,0,0,0,0,6,2,4,6,0,0,0,0,1,0,1,0,1,0,1,0,0,0,0,0,20,13,5,3,5,3,10,5,4,3,0.359375,0.44,0.3076923076923077,0.65,0.453125,0.0,0.9752747252747254,0.609375,0.4186046511627907,0.875,0.3142857142857143,0.5465116279069767,1.1061946902654867,0.6825396825396826,0.2,0.1875,0.25,0.225,0.5405405405405406,0.31746031746031744,0.375,0.42857142857142855,0.34615384615384615,0.4875,0.990990990990991,0.625,0.3333333333333333,0.45454545454545453,0.23076923076923078,0.3958333333333333,0.8540372670807453,0.375,0.38461538461538464,0.40625,1.0769230769230769,0.0,0.03125,0.0,0.25,0.125,0.625,0.375,0.25,0.875,0.4166666666666667,0.1875,0.9166666666666666,0.3103448275862069,0.453125,0.9310344827586207,0.3,0.15625,0.7,0.0,0.015625,0.0,0.0,0.046875,0.0,,0.0,,0.0,0.015625,0.0,0.75,0.1875,1.5,,0.0,,,0.0,,0.3333333333333333,0.09375,1.0,,0.0,,0.0,0.015625,0.0,0.0,0.015625,0.0,,0.0,,12,9,0.75,0.1875,4,1,0.25,0.0625,9,1,0.1111111111111111,0.140625,39,12,0.3076923076923077,0.609375,6,1,5,3,0.16666666666666666,0.09375,0.5,2,0,2,0,0.0,0.03125,0.0,3,0,3,0,0.0,0.046875,0.0,19,7,12,21,0.3684210526315789,0.296875,1.105263157894737,9,4,5,12,0.4444444444444444,0.140625,1.3333333333333333,442
8,Liga ACB,51,2025-2026,25271,Elias Valtonen,1319,Coviran Granada,17,133,62,71,55,23,32,19,3,167,32,7,14.759780804103467,61,49,12,28,19,9,75,64,8,56,25,3,22,53,94,42,52,37,17,20,91,34,16,18,17,5,12,39,19,13,6,26,33,16,17,32,18,3,15,6,17,7,10,21,40,15,25,45,0,0,0,0,1,0,1,0,5,1,4,3,36,18,18,48,7,0,7,0,9,3,6,7,25,14,11,32,51,19,32,43,29,14,15,42,23,5,18,12,7,7,0,14,1,0,1,0,0,0,0,0,3,0,3,0,39,21,18,42,1,0,1,0,0,0,0,0,19,5,14,15,2,1,1,2,1,0,1,0,3,1,2,3,0,0,0,0,44,34,8,7,24,17,33,26,0,0,0.41353383458646614,0.4507042253521127,0.3709677419354839,0.7727272727272727,0.5,0.15789473684210525,1.0960882121291677,0.46616541353383456,0.45901639344262296,0.75,0.3877551020408163,0.6147540983606558,1.2709237445753256,0.488,0.390625,0.39285714285714285,0.375,0.4140625,0.9388412017167381,0.512,0.39361702127659576,0.38461538461538464,0.40476190476190477,0.48404255319148937,1.0781422779211205,0.734375,0.5,0.6666666666666666,0.3125,0.5735294117647058,1.1470588235294117,0.265625,0.5,0.2706766917293233,1.3333333333333333,0.0,0.05263157894736842,0.0,0.3333333333333333,0.06766917293233082,0.7777777777777778,0.56,0.18796992481203006,1.28,0.37254901960784315,0.38345864661654133,0.8431372549019608,0.4827586206896552,0.21804511278195488,1.4482758620689655,0.21739130434782608,0.17293233082706766,0.5217391304347826,1.0,0.05263157894736842,2.0,0.0,0.007518796992481203,0.0,,0.0,,0.0,0.022556390977443608,0.0,0.5384615384615384,0.2932330827067669,1.0769230769230769,0.0,0.007518796992481203,0.0,,0.0,,0.2631578947368421,0.14285714285714285,0.7894736842105263,0.5,0.015037593984962405,1.0,0.0,0.007518796992481203,0.0,0.3333333333333333,0.022556390977443608,1.0,,0.0,,19,13,0.6842105263157895,0.14285714285714285,33,16,0.48484848484848486,0.24812030075187969,18,3,0.16666666666666666,0.13533834586466165,57,22,0.38596491228070173,0.42857142857142855,8,3,5,9,0.375,0.06015037593984962,1.125,9,4,5,12,0.4444444444444444,0.06766917293233082,1.3333333333333333,7,2,5,6,0.2857142857142857,0.05263157894736842,0.8571428571428571,14,4,10,12,0.2857142857142857,0.10526315789473684,0.8571428571428571,19,9,10,27,0.47368421052631576,0.14285714285714285,1.4210526315789473,839
8,Liga ACB,51,2025-2026,25326,Ivan Aurrecoechea,1319,Coviran Granada,4,1,0,1,0,0,0,0,0,1,0,0,6.82440457926682,1,0,1,0,0,0,0,0,0,0,0,0,0,0,1,0,1,0,0,0,0,0,0,0,0,0,0,0,0,0,0,0,1,0,1,0,0,0,0,0,0,0,0,0,0,0,0,0,0,0,0,0,0,0,0,0,0,0,0,0,1,0,1,0,0,0,0,0,0,0,0,0,0,0,0,0,0,0,0,0,0,0,0,0,0,0,0,0,0,0,0,0,0,0,0,0,0,0,0,0,0,0,0,0,1,0,1,0,0,0,0,0,0,0,0,0,0,0,0,0,0,0,0,0,0,0,0,0,0,0,0,0,0,0,0,0,2,1,0,0,0,0,0,0,0,0,0.0,0.0,,0.5,0.0,,0.5319148936170213,0.0,0.0,0.0,,0.0,0.0,1.0,,,,,,0.0,0.0,0.0,,0.0,0.0,1.0,,,,,,0.0,0.0,1.0,0.0,,0.0,,,0.0,,,0.0,,,0.0,,,0.0,,,0.0,,,0.0,,,0.0,,,0.0,,,0.0,,0.0,1.0,0.0,,0.0,,,0.0,,,0.0,,,0.0,,,0.0,,,0.0,,,0.0,,0,0,,0.0,1,0,0.0,1.0,0,0,,0.0,0,0,,0.0,0,0,0,0,,0.0,,0,0,0,0,,0.0,,0,0,0,0,,0.0,,0,0,0,0,,0.0,,0,0,0,0,,0.0,,18
8,Liga ACB,51,2025-2026,25431,Andres Feliz Sarita,1338,Real Madrid,28,150,56,94,74,17,57,17,7,203,25,7,11.98435028394667,58,42,16,24,13,11,61,86,13,73,48,4,44,100,117,42,75,54,14,40,122,30,12,18,18,2,16,38,54,34,20,68,35,20,15,40,4,2,2,4,7,1,6,3,45,15,30,45,0,0,0,0,2,0,2,0,3,2,1,5,48,24,24,57,7,0,7,0,10,5,5,10,20,13,7,28,62,30,32,65,34,12,22,36,19,8,11,19,0,0,0,0,11,7,4,14,1,0,1,0,3,0,3,0,69,43,26,86,0,0,0,0,0,0,0,0,8,1,7,3,0,0,0,0,1,0,1,0,0,0,0,0,1,1,0,2,50,38,3,3,24,18,23,17,2,2,0.49333333333333335,0.6063829787234043,0.30357142857142855,0.76,0.55,0.4117647058823529,1.180232558139535,0.37333333333333335,0.41379310344827586,0.6875,0.30952380952380953,0.5258620689655172,1.078894133513149,0.4027777777777778,0.5581395348837209,0.6027397260273972,0.3076923076923077,0.5813953488372093,1.2220381110190555,0.5972222222222222,0.46153846153846156,0.5333333333333333,0.3333333333333333,0.5213675213675214,1.093455003146633,0.7959183673469388,0.6,0.8888888888888888,0.16666666666666666,0.6333333333333333,1.2953367875647668,0.20408163265306123,0.5,0.32,1.1875,0.0,0.04666666666666667,0.0,0.5,0.06666666666666667,1.0,0.65,0.13333333333333333,1.4,0.4838709677419355,0.41333333333333333,1.0483870967741935,0.35294117647058826,0.22666666666666666,1.0588235294117647,0.42105263157894735,0.12666666666666668,1.0,,0.0,,0.6363636363636364,0.07333333333333333,1.2727272727272727,0.0,0.006666666666666667,0.0,0.0,0.02,0.0,0.6231884057971014,0.46,1.2463768115942029,,0.0,,,0.0,,0.125,0.05333333333333334,0.375,,0.0,,0.0,0.006666666666666667,0.0,,0.0,,1.0,0.006666666666666667,2.0,54,34,0.6296296296296297,0.36,35,20,0.5714285714285714,0.23333333333333334,4,2,0.5,0.02666666666666667,52,16,0.3076923076923077,0.3466666666666667,5,1,4,3,0.2,0.03333333333333333,0.6,2,0,2,0,0.0,0.013333333333333334,0.0,16,5,11,15,0.3125,0.10666666666666667,0.9375,17,4,13,12,0.23529411764705882,0.11333333333333333,0.7058823529411765,12,6,6,18,0.5,0.08,1.5,918
8,Liga ACB,51,2025-2026,25529,Silvio De Sousa,1316,San Pablo Burgos,10,33,0,33,21,0,21,17,2,62,13,3,3.2942127088240407,19,0,19,16,0,16,32,12,0,12,5,0,5,10,21,0,21,10,0,10,20,11,0,11,11,0,11,22,23,16,7,32,9,5,4,10,0,0,0,0,0,0,0,0,0,0,0,0,0,0,0,0,0,0,0,0,1,0,1,0,5,4,1,8,3,0,3,0,3,3,0,6,8,8,0,16,13,6,7,12,0,0,0,0,0,0,0,0,2,1,1,2,0,0,0,0,0,0,0,0,2,1,1,2,24,16,8,32,0,0,0,0,3,3,0,6,0,0,0,0,0,0,0,0,0,0,0,0,0,0,0,0,1,0,1,0,34,20,16,10,13,7,25,14,0,0,0.6363636363636364,0.6363636363636364,,0.5882352941176471,0.6363636363636364,0.11764705882352941,1.292743953294412,0.0,0.8421052631578947,0.8421052631578947,,0.8421052631578947,1.6129032258064517,0.6129032258064516,0.4166666666666667,0.4166666666666667,,0.4166666666666667,0.9593679458239278,0.3870967741935484,0.47619047619047616,0.47619047619047616,,0.47619047619047616,1.0625,0.65625,1.0,1.0,,1.0,2.0,0.34375,0.8,0.15151515151515152,1.6,0.0,0.09090909090909091,0.0,1.0,0.09090909090909091,2.0,1.0,0.24242424242424243,2.0,0.46153846153846156,0.3939393939393939,0.9230769230769231,,0.0,,,0.0,,0.5,0.06060606060606061,1.0,,0.0,,,0.0,,0.5,0.06060606060606061,1.0,0.6666666666666666,0.7272727272727273,1.3333333333333333,,0.0,,1.0,0.09090909090909091,2.0,,0.0,,,0.0,,,0.0,,,0.0,,0.0,0.030303030303030304,0.0,23,16,0.6956521739130435,0.696969696969697,9,5,0.5555555555555556,0.2727272727272727,0,0,,0.0,0,0,,0.0,0,0,0,0,,0.0,,0,0,0,0,,0.0,,0,0,0,0,,0.0,,0,0,0,0,,0.0,,0,0,0,0,,0.0,,266
8,Liga ACB,51,2025-2026,27976,Christ Koumadje,1331,Casademont Zaragoza,9,30,0,30,20,0,20,11,2,55,13,2,5.680996032863612,17,0,17,11,0,11,22,7,0,7,3,0,3,6,25,0,25,15,0,15,30,5,0,5,5,0,5,10,10,9,1,18,19,10,9,20,1,1,0,2,0,0,0,0,0,0,0,0,0,0,0,0,0,0,0,0,0,0,0,0,6,5,1,10,2,0,2,0,0,0,0,0,5,5,0,10,17,10,7,20,1,1,0,2,1,0,1,0,4,4,0,8,0,0,0,0,0,0,0,0,9,5,4,10,10,6,4,12,0,0,0,0,0,0,0,0,0,0,0,0,0,0,0,0,0,0,0,0,0,0,0,0,5,4,1,8,28,15,16,9,4,1,20,10,0,0,0.6666666666666666,0.6666666666666666,,0.5357142857142857,0.6666666666666666,0.18181818181818182,1.2996219281663517,0.0,0.6470588235294118,0.6470588235294118,,0.6470588235294118,1.2895174708818635,0.7083333333333334,0.42857142857142855,0.42857142857142855,,0.42857142857142855,0.7990867579908676,0.2916666666666667,0.6,0.6,,0.6,1.183431952662722,0.8333333333333334,1.0,1.0,,1.0,2.0,0.16666666666666666,0.8333333333333334,0.2,1.6666666666666667,0.0,0.06666666666666667,0.0,,0.0,,1.0,0.16666666666666666,2.0,0.5882352941176471,0.5666666666666667,1.1764705882352942,1.0,0.03333333333333333,2.0,0.0,0.03333333333333333,0.0,1.0,0.13333333333333333,2.0,,0.0,,,0.0,,0.5555555555555556,0.3,1.1111111111111112,0.6,0.3333333333333333,1.2,,0.0,,,0.0,,,0.0,,,0.0,,,0.0,,,0.0,,0.8,0.16666666666666666,1.6,10,9,0.9,0.3333333333333333,19,10,0.5263157894736842,0.6333333333333333,1,1,1.0,0.03333333333333333,0,0,,0.0,0,0,0,0,,0.0,,0,0,0,0,,0.0,,0,0,0,0,,0.0,,0,0,0,0,,0.0,,0,0,0,0,,0.0,,238
8,Liga ACB,51,2025-2026,28010,Chuma Okeke,1338,Real Madrid,25,136,89,47,61,34,27,8,4,167,48,1,17.656513927038326,100,77,23,45,31,14,121,29,12,17,13,3,10,29,89,57,32,40,23,17,103,44,29,15,19,9,10,47,27,19,8,38,14,7,7,14,6,1,5,2,39,19,20,57,45,12,33,36,2,1,1,3,0,0,0,0,3,2,1,6,48,23,25,65,1,0,1,0,12,6,6,15,32,13,19,32,40,17,23,38,66,24,42,72,10,1,9,3,7,6,1,12,0,0,0,0,2,1,1,3,0,0,0,0,28,18,10,36,0,0,0,0,1,1,0,2,11,5,6,15,0,0,0,0,2,2,0,5,1,0,1,0,5,1,4,2,14,11,4,2,7,6,10,7,2,2,0.4485294117647059,0.574468085106383,0.38202247191011235,0.7857142857142857,0.5735294117647058,0.5,1.174732695554305,0.6544117647058824,0.45,0.6086956521739131,0.4025974025974026,0.605,1.2087264150943395,0.7751937984496124,0.4482758620689655,0.5882352941176471,0.25,0.5,1.0910224438902745,0.2248062015503876,0.449438202247191,0.53125,0.40350877192982454,0.5786516853932584,1.177730192719486,0.6691729323308271,0.4318181818181818,0.6666666666666666,0.3103448275862069,0.5340909090909091,1.0918003565062389,0.3308270676691729,0.4791666666666667,0.35294117647058826,1.3541666666666667,0.0,0.007352941176470588,0.0,0.5,0.08823529411764706,1.25,0.40625,0.23529411764705882,1.0,0.425,0.29411764705882354,0.95,0.36363636363636365,0.4852941176470588,1.0909090909090908,0.1,0.07352941176470588,0.3,0.8571428571428571,0.051470588235294115,1.7142857142857142,,0.0,,0.5,0.014705882352941176,1.5,,0.0,,0.6428571428571429,0.20588235294117646,1.2857142857142858,,0.0,,1.0,0.007352941176470588,2.0,0.45454545454545453,0.08088235294117647,1.3636363636363635,,0.0,,1.0,0.014705882352941176,2.5,0.0,0.007352941176470588,0.0,0.2,0.03676470588235294,0.4,27,19,0.7037037037037037,0.19852941176470587,14,7,0.5,0.10294117647058823,6,1,0.16666666666666666,0.04411764705882353,84,31,0.36904761904761907,0.6176470588235294,19,8,11,24,0.42105263157894735,0.13970588235294118,1.263157894736842,20,11,9,33,0.55,0.14705882352941177,1.65,5,1,4,3,0.2,0.03676470588235294,0.6,25,6,19,18,0.24,0.18382352941176472,0.72,15,5,10,15,0.3333333333333333,0.11029411764705882,1.0,943
8,Liga ACB,51,2025-2026,28027,Bruno Fernando,1338,Real Madrid,3,11,0,11,5,0,5,1,0,12,4,0,5.21376846713845,5,0,5,3,0,3,6,4,0,4,2,0,2,4,6,0,6,1,0,1,2,5,0,5,4,0,4,8,8,3,5,6,2,2,0,4,1,0,1,0,0,0,0,0,0,0,0,0,0,0,0,0,0,0,0,0,0,0,0,0,4,1,3,2,0,0,0,0,0,0,0,0,5,4,1,8,2,0,2,0,0,0,0,0,1,0,1,0,0,0,0,0,0,0,0,0,0,0,0,0,0,0,0,0,6,4,2,8,0,0,0,0,1,1,0,2,0,0,0,0,0,0,0,0,0,0,0,0,0,0,0,0,3,0,3,0,4,2,2,1,0,0,2,1,0,0,0.45454545454545453,0.45454545454545453,,0.5,0.45454545454545453,0.0,0.9404388714733543,0.0,0.6,0.6,,0.6,1.1904761904761905,0.5555555555555556,0.5,0.5,,0.5,1.0,0.4444444444444444,0.16666666666666666,0.16666666666666666,,0.16666666666666666,0.436046511627907,0.5454545454545454,0.8,0.8,,0.8,1.6,0.45454545454545453,0.25,0.36363636363636365,0.5,,0.0,,,0.0,,0.8,0.45454545454545453,1.6,0.0,0.18181818181818182,0.0,,0.0,,0.0,0.09090909090909091,0.0,,0.0,,,0.0,,,0.0,,,0.0,,0.6666666666666666,0.5454545454545454,1.3333333333333333,,0.0,,1.0,0.09090909090909091,2.0,,0.0,,,0.0,,,0.0,,,0.0,,0.0,0.2727272727272727,0.0,8,3,0.375,0.7272727272727273,2,2,1.0,0.18181818181818182,1,0,0.0,0.09090909090909091,0,0,,0.0,0,0,0,0,,0.0,,0,0,0,0,,0.0,,0,0,0,0,,0.0,,0,0,0,0,,0.0,,0,0,0,0,,0.0,,60
8,Liga ACB,51,2025-2026,28032,Ethan Happ,1316,San Pablo Burgos,24,226,3,223,127,1,126,38,9,314,59,11,5.630323112780313,81,1,80,47,0,47,94,113,2,111,57,1,56,115,161,1,160,76,0,76,152,65,2,63,51,1,50,103,106,73,33,146,98,48,50,96,19,5,14,10,0,0,0,0,3,1,2,3,0,0,0,0,0,0,0,0,0,0,0,0,44,22,22,44,11,0,11,0,19,13,6,26,46,38,8,77,106,54,52,108,8,1,7,2,9,3,6,7,19,16,3,32,10,3,7,6,0,0,0,0,35,13,22,26,121,78,43,156,2,2,0,4,2,1,1,2,2,1,1,2,3,0,3,0,3,2,1,4,0,0,0,0,12,7,5,14,87,59,19,11,27,18,58,37,7,5,0.5619469026548672,0.5650224215246636,0.3333333333333333,0.6781609195402298,0.5641592920353983,0.23684210526315788,1.1881337974875135,0.01327433628318584,0.5802469135802469,0.5875,0.0,0.5802469135802469,1.1750223813786929,0.4175257731958763,0.504424778761062,0.5045045045045045,0.5,0.5088495575221239,1.0650224215246638,0.5824742268041238,0.4720496894409938,0.475,0.0,0.4720496894409938,1.0132961612695688,0.7123893805309734,0.7846153846153846,0.7936507936507936,0.5,0.7923076923076923,1.5863689776733256,0.28761061946902655,0.5,0.19469026548672566,1.0,0.0,0.048672566371681415,0.0,0.6842105263157895,0.084070796460177,1.368421052631579,0.8260869565217391,0.20353982300884957,1.673913043478261,0.5094339622641509,0.4690265486725664,1.0188679245283019,0.125,0.035398230088495575,0.25,0.3333333333333333,0.03982300884955752,0.7777777777777778,0.8421052631578947,0.084070796460177,1.6842105263157894,0.3,0.04424778761061947,0.6,,0.0,,0.37142857142857144,0.15486725663716813,0.7428571428571429,0.6446280991735537,0.5353982300884956,1.2892561983471074,1.0,0.008849557522123894,2.0,0.5,0.008849557522123894,1.0,0.5,0.008849557522123894,1.0,0.0,0.01327433628318584,0.0,0.6666666666666666,0.01327433628318584,1.3333333333333333,,0.0,,0.5833333333333334,0.05309734513274336,1.1666666666666667,106,73,0.6886792452830188,0.4690265486725664,98,48,0.4897959183673469,0.4336283185840708,19,5,0.2631578947368421,0.084070796460177,3,1,0.3333333333333333,0.01327433628318584,0,0,0,0,,0.0,,0,0,0,0,,0.0,,3,1,2,3,0.3333333333333333,0.01327433628318584,1.0,0,0,0,0,,0.0,,0,0,0,0,,0.0,,1174
8,Liga ACB,51,2025-2026,28155,Martin Krampelj,1335,Bilbao Basket,33,170,66,104,93,29,64,29,5,277,68,11,13.313458168067902,102,58,44,60,28,32,148,58,6,52,27,0,27,54,111,46,65,50,18,32,118,57,19,38,41,10,31,92,50,33,17,66,42,25,17,50,11,5,6,10,18,7,11,21,45,20,25,60,2,1,1,3,0,0,0,0,2,2,0,5,46,27,19,68,11,0,11,0,9,6,3,12,48,35,13,80,54,23,31,50,43,22,21,66,15,4,11,8,29,28,1,56,0,0,0,0,2,1,1,3,2,1,1,2,47,21,26,42,1,1,0,2,5,5,0,10,15,5,10,15,2,0,2,0,1,0,1,0,0,0,0,0,6,3,3,6,84,62,14,10,33,25,48,36,2,2,0.5470588235294118,0.6153846153846154,0.4393939393939394,0.7380952380952381,0.6323529411764706,0.1724137931034483,1.3384228836490142,0.38823529411764707,0.5882352941176471,0.7272727272727273,0.4827586206896552,0.7254901960784313,1.4607988165680474,0.6375,0.46551724137931033,0.5192307692307693,0.0,0.46551724137931033,1.0893546607832323,0.3625,0.45045045045045046,0.49230769230769234,0.391304347826087,0.5315315315315315,1.1656070239176506,0.6607142857142857,0.7192982456140351,0.8157894736842105,0.5263157894736842,0.8070175438596491,1.6240497581202487,0.3392857142857143,0.5869565217391305,0.27058823529411763,1.4782608695652173,0.0,0.06470588235294118,0.0,0.6666666666666666,0.052941176470588235,1.3333333333333333,0.7291666666666666,0.2823529411764706,1.6666666666666667,0.42592592592592593,0.3176470588235294,0.9259259259259259,0.5116279069767442,0.2529411764705882,1.5348837209302326,0.26666666666666666,0.08823529411764706,0.5333333333333333,0.9655172413793104,0.17058823529411765,1.9310344827586208,,0.0,,0.5,0.011764705882352941,1.5,0.5,0.011764705882352941,1.0,0.44680851063829785,0.27647058823529413,0.8936170212765957,1.0,0.0058823529411764705,2.0,1.0,0.029411764705882353,2.0,0.3333333333333333,0.08823529411764706,1.0,0.0,0.011764705882352941,0.0,0.0,0.0058823529411764705,0.0,,0.0,,0.5,0.03529411764705882,1.0,50,33,0.66,0.29411764705882354,42,25,0.5952380952380952,0.24705882352941178,11,5,0.45454545454545453,0.06470588235294118,63,27,0.42857142857142855,0.37058823529411766,5,2,3,6,0.4,0.029411764705882353,1.2,13,5,8,15,0.38461538461538464,0.07647058823529412,1.1538461538461537,17,5,12,15,0.29411764705882354,0.1,0.8823529411764706,16,11,5,33,0.6875,0.09411764705882353,2.0625,12,4,8,12,0.3333333333333333,0.07058823529411765,1.0,1144
8,Liga ACB,51,2025-2026,28247,Zach Hankins,1319,Coviran Granada,9,48,0,48,30,0,30,7,2,68,23,2,5.030963539544345,25,0,25,15,0,15,30,18,0,18,12,0,12,24,34,0,34,19,0,19,38,13,0,13,11,0,11,22,25,18,7,36,22,12,10,24,0,0,0,0,0,0,0,0,0,0,0,0,0,0,0,0,0,0,0,0,1,0,1,0,12,8,4,16,2,0,2,0,4,2,2,4,9,9,0,18,20,11,9,22,2,1,1,2,0,0,0,0,3,3,0,6,4,0,4,0,0,0,0,0,6,5,1,10,26,16,10,32,0,0,0,0,1,1,0,2,1,1,0,2,0,0,0,0,0,0,0,0,0,0,0,0,4,3,1,6,18,8,11,5,1,1,12,6,0,0,0.625,0.625,,0.4444444444444444,0.625,0.2857142857142857,1.2160228898426324,0.0,0.6,0.6,,0.6,1.1729222520107239,0.5813953488372093,0.6666666666666666,0.6666666666666666,,0.6666666666666666,1.3557483731019522,0.4186046511627907,0.5588235294117647,0.5588235294117647,,0.5588235294117647,1.120162932790224,0.723404255319149,0.8461538461538461,0.8461538461538461,,0.8461538461538461,1.6923076923076923,0.2765957446808511,0.6666666666666666,0.25,1.3333333333333333,0.0,0.041666666666666664,0.0,0.5,0.08333333333333333,1.0,1.0,0.1875,2.0,0.55,0.4166666666666667,1.1,0.5,0.041666666666666664,1.0,,0.0,,1.0,0.0625,2.0,0.0,0.08333333333333333,0.0,,0.0,,0.8333333333333334,0.125,1.6666666666666667,0.6153846153846154,0.5416666666666666,1.2307692307692308,,0.0,,1.0,0.020833333333333332,2.0,1.0,0.020833333333333332,2.0,,0.0,,,0.0,,,0.0,,0.75,0.08333333333333333,1.5,25,18,0.72,0.5208333333333334,22,12,0.5454545454545454,0.4583333333333333,0,0,,0.0,0,0,,0.0,0,0,0,0,,0.0,,0,0,0,0,,0.0,,0,0,0,0,,0.0,,0,0,0,0,,0.0,,0,0,0,0,,0.0,,349
8,Liga ACB,51,2025-2026,28336,Otis Livingston II,1315,Basquet Girona,34,376,202,174,149,74,75,28,7,443,36,6,18.152485210784697,75,64,11,30,28,2,88,293,132,161,118,45,73,281,285,151,134,106,53,53,265,85,45,40,42,20,22,104,35,24,11,48,54,18,36,36,85,33,52,66,22,11,11,33,171,62,109,186,1,0,1,0,2,0,2,0,6,1,5,3,108,39,69,104,6,0,6,0,20,8,12,21,65,34,31,83,171,67,104,161,27,12,15,36,196,76,120,193,0,0,0,0,10,1,9,2,2,0,2,0,0,0,0,0,63,35,28,70,1,0,1,0,0,0,0,0,39,16,23,48,4,1,3,2,10,3,7,9,15,3,12,7,3,1,2,2,87,71,1,1,44,39,36,32,6,6,0.3962765957446808,0.43103448275862066,0.36633663366336633,0.8160919540229885,0.4946808510638298,0.25,1.0693250941392296,0.5372340425531915,0.4,0.18181818181818182,0.4375,0.5866666666666667,1.179745493107105,0.20380434782608695,0.40273037542662116,0.453416149068323,0.3409090909090909,0.47952218430034127,1.0244589576130105,0.7961956521739131,0.3719298245614035,0.39552238805970147,0.3509933774834437,0.4649122807017544,0.9872357399282011,0.7702702702702703,0.49411764705882355,0.55,0.4444444444444444,0.611764705882353,1.2551346417161113,0.22972972972972974,0.3611111111111111,0.2872340425531915,0.9629629629629629,0.0,0.015957446808510637,0.0,0.4,0.05319148936170213,1.05,0.5230769230769231,0.17287234042553193,1.2769230769230768,0.391812865497076,0.45478723404255317,0.9415204678362573,0.4444444444444444,0.07180851063829788,1.3333333333333333,0.3877551020408163,0.5212765957446809,0.9846938775510204,,0.0,,0.1,0.026595744680851064,0.2,0.0,0.005319148936170213,0.0,,0.0,,0.5555555555555556,0.1675531914893617,1.1111111111111112,0.0,0.0026595744680851063,0.0,,0.0,,0.41025641025641024,0.10372340425531915,1.2307692307692308,0.25,0.010638297872340425,0.5,0.3,0.026595744680851064,0.9,0.2,0.0398936170212766,0.4666666666666667,0.3333333333333333,0.007978723404255319,0.6666666666666666,35,24,0.6857142857142857,0.09308510638297872,54,18,0.3333333333333333,0.14361702127659576,85,33,0.38823529411764707,0.22606382978723405,193,73,0.37823834196891193,0.5132978723404256,13,6,7,18,0.46153846153846156,0.034574468085106384,1.3846153846153846,9,5,4,15,0.5555555555555556,0.023936170212765957,1.6666666666666667,74,20,54,60,0.2702702702702703,0.19680851063829788,0.8108108108108109,61,25,36,75,0.4098360655737705,0.1622340425531915,1.2295081967213115,36,17,19,51,0.4722222222222222,0.09574468085106383,1.4166666666666667,1601
8,Liga ACB,51,2025-2026,28361,Jaylen Hands,1334,CB UCAM Murcia,6,41,20,21,19,10,9,5,0,58,6,3,16.356709422452987,9,9,0,6,6,0,18,31,11,20,13,4,9,30,30,15,15,13,8,5,34,11,5,6,6,2,4,14,2,1,1,2,16,7,9,14,3,1,2,2,3,3,0,9,17,7,10,21,0,0,0,0,0,0,0,0,0,0,0,0,8,5,3,14,3,0,3,0,3,2,1,5,8,4,4,9,19,8,11,20,6,3,3,9,16,7,9,18,0,0,0,0,2,2,0,4,0,0,0,0,1,0,1,0,12,4,8,8,1,0,1,0,0,0,0,0,3,3,0,9,0,0,0,0,0,0,0,0,0,0,0,0,0,0,0,0,11,10,3,3,8,7,9,8,2,2,0.4634146341463415,0.42857142857142855,0.5,0.9090909090909091,0.5853658536585366,0.0,1.2652705061082024,0.4878048780487805,0.6666666666666666,,0.6666666666666666,1.0,2.0348837209302326,0.225,0.41935483870967744,0.45,0.36363636363636365,0.4838709677419355,1.0718424101969872,0.775,0.43333333333333335,0.3333333333333333,0.5333333333333333,0.5666666666666667,1.2367491166077738,0.7317073170731707,0.5454545454545454,0.6666666666666666,0.4,0.6363636363636364,1.3468013468013467,0.2682926829268293,0.625,0.1951219512195122,1.75,0.0,0.07317073170731707,0.0,0.6666666666666666,0.07317073170731707,1.6666666666666667,0.5,0.1951219512195122,1.125,0.42105263157894735,0.4634146341463415,1.0526315789473684,0.5,0.14634146341463414,1.5,0.4375,0.3902439024390244,1.125,,0.0,,1.0,0.04878048780487805,2.0,,0.0,,0.0,0.024390243902439025,0.0,0.3333333333333333,0.2926829268292683,0.6666666666666666,0.0,0.024390243902439025,0.0,,0.0,,1.0,0.07317073170731707,3.0,,0.0,,,0.0,,,0.0,,,0.0,,2,1,0.5,0.04878048780487805,16,7,0.4375,0.3902439024390244,3,1,0.3333333333333333,0.07317073170731707,20,10,0.5,0.4878048780487805,2,2,0,6,1.0,0.04878048780487805,3.0,1,1,0,3,1.0,0.024390243902439025,3.0,9,2,7,6,0.2222222222222222,0.21951219512195122,0.6666666666666666,8,5,3,15,0.625,0.1951219512195122,1.875,0,0,0,0,,0.0,,187
8,Liga ACB,51,2025-2026,28390,Mark Hughes,1315,Basquet Girona,34,221,142,79,93,56,37,19,5,299,64,7,18.34509886337771,125,106,19,53,44,9,150,94,35,59,39,11,28,89,159,106,53,61,40,21,162,58,32,26,31,15,16,77,27,15,12,30,18,8,10,16,34,14,20,28,36,11,25,33,102,44,58,132,0,0,0,0,0,0,0,0,4,1,3,3,78,32,46,87,7,0,7,0,22,14,8,35,36,17,19,42,74,29,45,75,65,23,42,66,50,22,28,55,3,3,0,6,4,0,4,0,0,0,0,0,0,0,0,0,37,18,19,36,0,0,0,0,0,0,0,0,47,24,23,71,0,0,0,0,6,1,5,3,5,1,4,2,0,0,0,0,63,57,8,6,27,25,27,25,8,6,0.42081447963800905,0.46835443037974683,0.39436619718309857,0.9047619047619048,0.5475113122171946,0.2631578947368421,1.2021550337729174,0.6425339366515838,0.424,0.47368421052631576,0.41509433962264153,0.6,1.2138188608776843,0.5707762557077626,0.4148936170212766,0.4745762711864407,0.3142857142857143,0.4734042553191489,1.0766905931242916,0.4292237442922374,0.3836477987421384,0.39622641509433965,0.37735849056603776,0.5094339622641509,1.0943352059925093,0.7327188940092166,0.5344827586206896,0.6153846153846154,0.46875,0.6637931034482759,1.349154746423927,0.2672811059907834,0.41025641025641024,0.35294117647058826,1.1153846153846154,0.0,0.03167420814479638,0.0,0.6363636363636364,0.09954751131221719,1.5909090909090908,0.4722222222222222,0.16289592760180996,1.1666666666666667,0.3918918918918919,0.334841628959276,1.0135135135135136,0.35384615384615387,0.29411764705882354,1.0153846153846153,0.44,0.22624434389140272,1.1,1.0,0.013574660633484163,2.0,0.0,0.01809954751131222,0.0,,0.0,,,0.0,,0.4864864864864865,0.167420814479638,0.972972972972973,,0.0,,,0.0,,0.5106382978723404,0.21266968325791855,1.5106382978723405,,0.0,,0.16666666666666666,0.027149321266968326,0.5,0.2,0.02262443438914027,0.4,,0.0,,27,15,0.5555555555555556,0.12217194570135746,18,8,0.4444444444444444,0.08144796380090498,34,14,0.4117647058823529,0.15384615384615385,138,55,0.39855072463768115,0.6244343891402715,17,4,13,12,0.23529411764705882,0.07692307692307693,0.7058823529411765,19,7,12,21,0.3684210526315789,0.08597285067873303,1.105263157894737,36,20,16,60,0.5555555555555556,0.16289592760180996,1.6666666666666667,23,7,16,21,0.30434782608695654,0.10407239819004525,0.9130434782608695,43,17,26,51,0.3953488372093023,0.19457013574660634,1.186046511627907,1236
8,Liga ACB,51,2025-2026,28410,Francisco Alonso,1322,Leche Rio Breogan,34,314,177,137,142,76,66,47,5,498,72,19,17.012416231742503,130,111,19,57,48,9,162,171,63,108,78,27,51,183,214,124,90,86,45,41,217,94,49,45,53,30,23,136,34,17,17,34,69,33,36,66,32,14,18,28,31,14,17,42,139,60,79,180,0,0,0,0,3,1,2,3,6,3,3,7,87,41,46,110,18,0,18,0,20,12,8,31,74,41,33,105,109,45,64,107,48,23,25,68,74,30,44,84,1,0,1,0,15,6,9,12,0,0,0,0,10,7,3,14,74,37,37,74,0,0,0,0,0,0,0,0,69,29,40,84,1,0,1,0,5,3,2,9,8,2,6,4,3,2,1,4,154,138,5,4,72,68,75,70,9,7,0.45222929936305734,0.48175182481751827,0.4293785310734463,0.8961038961038961,0.5732484076433121,0.10638297872340426,1.3044844928751047,0.5636942675159236,0.43846153846153846,0.47368421052631576,0.43243243243243246,0.6230769230769231,1.2556732223903178,0.4318936877076412,0.45614035087719296,0.4722222222222222,0.42857142857142855,0.5350877192982456,1.2384053680678901,0.5681063122923588,0.40186915887850466,0.45555555555555555,0.3629032258064516,0.5070093457943925,1.1619433198380567,0.6948051948051948,0.5638297872340425,0.5111111111111111,0.6122448979591837,0.723404255319149,1.4597795018374848,0.3051948051948052,0.47126436781609193,0.2770700636942675,1.264367816091954,0.0,0.05732484076433121,0.0,0.6,0.06369426751592357,1.55,0.5540540540540541,0.2356687898089172,1.4189189189189189,0.41284403669724773,0.3471337579617834,0.981651376146789,0.4791666666666667,0.15286624203821655,1.4166666666666667,0.40540540540540543,0.2356687898089172,1.135135135135135,0.0,0.0031847133757961785,0.0,0.4,0.04777070063694268,0.8,,0.0,,0.7,0.03184713375796178,1.4,0.5,0.2356687898089172,1.0,,0.0,,,0.0,,0.42028985507246375,0.2197452229299363,1.2173913043478262,0.0,0.0031847133757961785,0.0,0.6,0.01592356687898089,1.8,0.25,0.025477707006369428,0.5,0.6666666666666666,0.009554140127388535,1.3333333333333333,34,17,0.5,0.10828025477707007,69,33,0.4782608695652174,0.2197452229299363,32,14,0.4375,0.10191082802547771,170,74,0.43529411764705883,0.5414012738853503,17,6,11,18,0.35294117647058826,0.054140127388535034,1.0588235294117647,14,8,6,24,0.5714285714285714,0.044585987261146494,1.7142857142857142,47,23,24,69,0.48936170212765956,0.14968152866242038,1.4680851063829787,48,20,28,60,0.4166666666666667,0.15286624203821655,1.25,44,17,27,51,0.38636363636363635,0.14012738853503184,1.1590909090909092,1515
8,Liga ACB,51,2025-2026,28591,Ruben Guerrero,1332,BC MoraBanc Andorra,30,34,0,34,22,0,22,5,0,59,14,1,3.896741478567412,15,0,15,13,0,13,26,11,0,11,7,0,7,14,23,0,23,13,0,13,26,8,0,8,8,0,8,16,20,15,5,30,11,6,5,12,0,0,0,0,0,0,0,0,0,0,0,0,0,0,0,0,0,0,0,0,3,1,2,2,7,6,1,12,0,0,0,0,4,4,0,8,4,4,0,8,16,7,9,14,0,0,0,0,0,0,0,0,2,2,0,4,0,0,0,0,0,0,0,0,4,2,2,4,22,15,7,30,0,0,0,0,0,0,0,0,0,0,0,0,0,0,0,0,0,0,0,0,0,0,0,0,3,2,1,4,22,15,0,0,8,7,8,7,0,0,0.6470588235294118,0.6470588235294118,,0.6818181818181818,0.6470588235294118,0.0,1.3507326007326008,0.0,0.8666666666666667,0.8666666666666667,,0.8666666666666667,1.7333333333333334,0.5769230769230769,0.6363636363636364,0.6363636363636364,,0.6363636363636364,1.4462809917355373,0.4230769230769231,0.5652173913043478,0.5652173913043478,,0.5652173913043478,1.244343891402715,0.7419354838709677,1.0,1.0,,1.0,2.0,0.25806451612903225,0.8571428571428571,0.20588235294117646,1.7142857142857142,,0.0,,1.0,0.11764705882352941,2.0,1.0,0.11764705882352941,2.0,0.4375,0.47058823529411764,0.875,,0.0,,,0.0,,1.0,0.058823529411764705,2.0,,0.0,,,0.0,,0.5,0.11764705882352941,1.0,0.6818181818181818,0.6470588235294118,1.3636363636363635,,0.0,,,0.0,,,0.0,,,0.0,,,0.0,,,0.0,,0.6666666666666666,0.08823529411764706,1.3333333333333333,20,15,0.75,0.5882352941176471,11,6,0.5454545454545454,0.3235294117647059,0,0,,0.0,0,0,,0.0,0,0,0,0,,0.0,,0,0,0,0,,0.0,,0,0,0,0,,0.0,,0,0,0,0,,0.0,,0,0,0,0,,0.0,,445
8,Liga ACB,51,2025-2026,28648,Travis Munnings,1319,Coviran Granada,11,29,20,9,10,6,4,1,1,29,7,0,16.662938762154447,20,19,1,6,5,1,17,8,0,8,3,0,3,6,24,15,9,8,4,4,20,4,4,0,1,1,0,3,6,2,4,4,3,2,1,4,0,0,0,0,11,5,6,15,8,0,8,0,0,0,0,0,0,0,0,0,1,1,0,3,13,5,8,12,0,0,0,0,0,0,0,0,4,1,3,3,11,3,8,8,16,4,12,12,1,0,1,0,0,0,0,0,0,0,0,0,0,0,0,0,0,0,0,0,8,4,4,8,0,0,0,0,0,0,0,0,3,1,2,3,0,0,0,0,0,0,0,0,0,0,0,0,0,0,0,0,3,3,0,0,1,1,1,1,0,0,0.3448275862068966,0.4444444444444444,0.3,1.0,0.4482758620689655,1.0,0.9564643799472295,0.6896551724137931,0.3,1.0,0.2631578947368421,0.425,0.85,0.7142857142857143,0.375,0.375,,0.375,0.8293838862559242,0.2857142857142857,0.3333333333333333,0.4444444444444444,0.26666666666666666,0.4166666666666667,0.8592471358428805,0.8571428571428571,0.25,,0.25,0.375,0.75,0.14285714285714285,0.38461538461538464,0.4482758620689655,0.9230769230769231,,0.0,,,0.0,,0.25,0.13793103448275862,0.75,0.2727272727272727,0.3793103448275862,0.7272727272727273,0.25,0.5517241379310345,0.75,0.0,0.034482758620689655,0.0,,0.0,,,0.0,,,0.0,,,0.0,,0.5,0.27586206896551724,1.0,,0.0,,,0.0,,0.3333333333333333,0.10344827586206896,1.0,,0.0,,,0.0,,,0.0,,,0.0,,6,2,0.3333333333333333,0.20689655172413793,3,2,0.6666666666666666,0.10344827586206896,0,0,,0.0,19,5,0.2631578947368421,0.6551724137931034,8,3,5,9,0.375,0.27586206896551724,1.125,3,2,1,6,0.6666666666666666,0.10344827586206896,2.0,0,0,0,0,,0.0,,3,0,3,0,0.0,0.10344827586206896,0.0,5,0,5,0,0.0,0.1724137931034483,0.0,264
8,Liga ACB,51,2025-2026,28857,Justin Wright-Foreman,1331,Casademont Zaragoza,11,101,41,60,48,14,34,6,3,122,12,3,15.34875349584344,24,19,5,10,6,4,26,75,21,54,38,8,30,84,87,38,49,40,13,27,93,12,1,11,7,0,7,14,16,12,4,24,22,11,11,22,22,11,11,22,7,2,5,6,31,11,20,33,0,0,0,0,1,0,1,0,2,1,1,3,25,14,11,38,3,0,3,0,4,3,1,6,8,4,4,8,59,26,33,55,12,4,8,12,35,14,21,36,2,2,0,4,6,4,2,8,0,0,0,0,1,1,0,2,26,16,10,32,0,0,0,0,0,0,0,0,8,3,5,7,2,1,1,2,4,1,3,2,3,1,2,2,0,0,0,0,16,12,0,0,10,8,10,8,0,0,0.4752475247524752,0.5666666666666667,0.34146341463414637,0.75,0.5445544554455446,0.5,1.129211403184006,0.40594059405940597,0.4166666666666667,0.8,0.3157894736842105,0.5416666666666666,1.0833333333333333,0.24242424242424243,0.5066666666666667,0.5555555555555556,0.38095238095238093,0.56,1.158690176322418,0.7575757575757576,0.45977011494252873,0.5510204081632653,0.34210526315789475,0.5344827586206896,1.1050328227571116,0.8787878787878788,0.5833333333333334,0.6363636363636364,0.0,0.5833333333333334,1.1666666666666667,0.12121212121212122,0.56,0.24752475247524752,1.52,0.0,0.0297029702970297,0.0,0.75,0.039603960396039604,1.5,0.5,0.07920792079207921,1.0,0.4406779661016949,0.5841584158415841,0.9322033898305084,0.3333333333333333,0.1188118811881188,1.0,0.4,0.3465346534653465,1.0285714285714285,1.0,0.019801980198019802,2.0,0.6666666666666666,0.0594059405940594,1.3333333333333333,,0.0,,1.0,0.009900990099009901,2.0,0.6153846153846154,0.25742574257425743,1.2307692307692308,,0.0,,,0.0,,0.375,0.07920792079207921,0.875,0.5,0.019801980198019802,1.0,0.25,0.039603960396039604,0.5,0.3333333333333333,0.0297029702970297,0.6666666666666666,,0.0,,16,12,0.75,0.15841584158415842,22,11,0.5,0.21782178217821782,22,11,0.5,0.21782178217821782,38,13,0.34210526315789475,0.37623762376237624,3,1,2,3,0.3333333333333333,0.0297029702970297,1.0,4,1,3,3,0.25,0.039603960396039604,0.75,11,3,8,9,0.2727272727272727,0.10891089108910891,0.8181818181818182,6,2,4,6,0.3333333333333333,0.0594059405940594,1.0,14,6,8,18,0.42857142857142855,0.13861386138613863,1.2857142857142858,429
8,Liga ACB,51,2025-2026,29113,James Batemon,1323,ICG Forca Lleida,31,326,157,169,133,52,81,64,10,485,42,23,15.41274877958151,91,82,9,34,27,7,95,211,68,143,92,24,68,208,246,123,123,91,43,48,225,68,29,39,40,9,31,89,69,42,27,84,64,27,37,54,29,10,19,20,25,9,16,27,126,43,83,129,1,0,1,0,0,0,0,0,12,2,10,4,99,43,56,113,20,0,20,0,16,9,7,21,52,31,21,68,127,48,79,112,49,17,32,51,96,35,61,95,3,2,1,4,8,2,6,4,1,0,1,0,4,2,2,4,103,54,49,108,4,3,1,6,0,0,0,0,30,11,19,32,4,3,1,6,2,0,2,0,10,2,8,4,0,0,0,0,189,167,3,3,114,100,105,92,14,13,0.40797546012269936,0.47928994082840237,0.33121019108280253,0.8835978835978836,0.48773006134969327,0.15625,1.1853553622054942,0.4815950920245399,0.37362637362637363,0.7777777777777778,0.32926829268292684,0.521978021978022,1.0615251299826691,0.30132450331125826,0.43601895734597157,0.4755244755244755,0.35294117647058826,0.4928909952606635,1.1793536529330677,0.6986754966887417,0.3699186991869919,0.3902439024390244,0.34959349593495936,0.4573170731707317,1.0848733744010952,0.7834394904458599,0.5882352941176471,0.7948717948717948,0.3103448275862069,0.6544117647058824,1.3754045307443366,0.21656050955414013,0.43434343434343436,0.30368098159509205,1.1414141414141414,0.0,0.06134969325153374,0.0,0.5625,0.049079754601226995,1.3125,0.5961538461538461,0.15950920245398773,1.3076923076923077,0.3779527559055118,0.3895705521472393,0.8818897637795275,0.3469387755102041,0.15030674846625766,1.0408163265306123,0.3645833333333333,0.294478527607362,0.9895833333333334,0.6666666666666666,0.009202453987730062,1.3333333333333333,0.25,0.024539877300613498,0.5,0.0,0.003067484662576687,0.0,0.5,0.012269938650306749,1.0,0.5242718446601942,0.3159509202453988,1.0485436893203883,0.75,0.012269938650306749,1.5,,0.0,,0.36666666666666664,0.09202453987730061,1.0666666666666667,0.75,0.012269938650306749,1.5,0.0,0.006134969325153374,0.0,0.2,0.03067484662576687,0.4,,0.0,,69,42,0.6086956521739131,0.2116564417177914,64,27,0.421875,0.19631901840490798,29,10,0.3448275862068966,0.08895705521472393,151,52,0.3443708609271523,0.46319018404907975,15,5,10,15,0.3333333333333333,0.046012269938650305,1.0,10,4,6,12,0.4,0.03067484662576687,1.2,45,17,28,51,0.37777777777777777,0.13803680981595093,1.1333333333333333,47,14,33,42,0.2978723404255319,0.1441717791411043,0.8936170212765957,34,12,22,36,0.35294117647058826,0.10429447852760736,1.0588235294117647,1575
8,Liga ACB,51,2025-2026,29142,Devontae Cacok,1334,CB UCAM Murcia,29,197,1,196,133,0,133,51,13,340,93,6,5.581307391153641,113,0,113,79,0,79,158,71,0,71,48,0,48,96,119,0,119,75,0,75,150,74,0,74,56,0,56,112,79,60,19,120,104,66,38,132,10,5,5,10,0,0,0,0,0,0,0,0,0,0,0,0,0,0,0,0,4,2,2,4,36,27,9,54,6,0,6,0,18,12,6,24,56,44,12,88,77,48,29,96,5,3,2,6,2,0,2,0,30,30,0,60,24,14,10,28,0,0,0,0,35,20,15,40,80,55,25,110,0,0,0,0,2,1,1,2,2,2,0,4,4,2,2,4,0,0,0,0,0,0,0,0,9,4,5,8,116,74,33,25,40,24,72,50,7,5,0.6751269035532995,0.6785714285714286,0.0,0.6379310344827587,0.6751269035532995,0.2549019607843137,1.3707466537655217,0.005076142131979695,0.6991150442477876,0.6991150442477876,,0.6991150442477876,1.435069008782936,0.6141304347826086,0.676056338028169,0.676056338028169,,0.676056338028169,1.3544018058690745,0.3858695652173913,0.6302521008403361,0.6302521008403361,,0.6302521008403361,1.3273161667109106,0.616580310880829,0.7567567567567568,0.7567567567567568,,0.7567567567567568,1.5179034769071096,0.38341968911917096,0.75,0.18274111675126903,1.5,0.0,0.030456852791878174,0.0,0.6666666666666666,0.09137055837563451,1.3333333333333333,0.7857142857142857,0.28426395939086296,1.5714285714285714,0.6233766233766234,0.39086294416243655,1.2467532467532467,0.6,0.025380710659898477,1.2,0.0,0.01015228426395939,0.0,1.0,0.15228426395939088,2.0,0.5833333333333334,0.1218274111675127,1.1666666666666667,,0.0,,0.5714285714285714,0.17766497461928935,1.1428571428571428,0.6875,0.40609137055837563,1.375,,0.0,,0.5,0.01015228426395939,1.0,1.0,0.01015228426395939,2.0,0.5,0.02030456852791878,1.0,,0.0,,,0.0,,0.4444444444444444,0.04568527918781726,0.8888888888888888,79,60,0.759493670886076,0.4010152284263959,104,66,0.6346153846153846,0.5279187817258884,10,5,0.5,0.050761421319796954,0,0,,0.0,0,0,0,0,,0.0,,0,0,0,0,,0.0,,0,0,0,0,,0.0,,0,0,0,0,,0.0,,0,0,0,0,,0.0,,1032
8,Liga ACB,51,2025-2026,30735,Cameron Hunt,1336,Club Joventut Badalona,31,348,149,199,168,59,109,56,21,502,59,20,14.103641306359444,75,55,20,38,26,12,102,265,92,173,126,32,94,284,279,111,168,130,45,85,305,66,36,30,38,14,24,90,65,45,20,90,114,57,57,114,19,7,12,14,20,10,10,30,126,49,77,147,1,0,1,0,0,0,0,0,3,0,3,0,86,43,43,110,19,0,19,0,22,13,9,28,44,25,19,62,174,87,87,195,45,23,22,69,107,45,62,116,4,4,0,8,15,7,8,14,0,0,0,0,5,2,3,4,131,74,57,148,1,1,0,2,1,0,1,0,11,4,7,11,3,1,2,2,8,3,5,9,14,4,10,12,0,0,0,0,121,107,15,15,70,62,86,78,4,3,0.4827586206896552,0.5477386934673367,0.3959731543624161,0.8842975206611571,0.5675287356321839,0.375,1.2511215232778388,0.4281609195402299,0.5066666666666667,0.6,0.4727272727272727,0.68,1.4338235294117647,0.22058823529411764,0.47547169811320755,0.5433526011560693,0.34782608695652173,0.5358490566037736,1.169709263015551,0.7794117647058824,0.4659498207885305,0.5059523809523809,0.40540540540540543,0.546594982078853,1.2088120186845097,0.808695652173913,0.5757575757575758,0.8,0.3888888888888889,0.6818181818181818,1.3724911452184179,0.19130434782608696,0.5,0.2471264367816092,1.2790697674418605,0.0,0.05459770114942529,0.0,0.5909090909090909,0.06321839080459771,1.2727272727272727,0.5681818181818182,0.12643678160919541,1.4090909090909092,0.5,0.5,1.1206896551724137,0.5111111111111111,0.12931034482758622,1.5333333333333334,0.4205607476635514,0.3074712643678161,1.0841121495327102,1.0,0.011494252873563218,2.0,0.4666666666666667,0.04310344827586207,0.9333333333333333,,0.0,,0.4,0.014367816091954023,0.8,0.5648854961832062,0.3764367816091954,1.1297709923664123,1.0,0.0028735632183908046,2.0,0.0,0.0028735632183908046,0.0,0.36363636363636365,0.031609195402298854,1.0,0.3333333333333333,0.008620689655172414,0.6666666666666666,0.375,0.022988505747126436,1.125,0.2857142857142857,0.040229885057471264,0.8571428571428571,,0.0,,65,45,0.6923076923076923,0.1867816091954023,114,57,0.5,0.3275862068965517,19,7,0.3684210526315789,0.05459770114942529,146,59,0.4041095890410959,0.41954022988505746,14,6,8,18,0.42857142857142855,0.040229885057471264,1.2857142857142858,6,4,2,12,0.6666666666666666,0.017241379310344827,2.0,39,13,26,39,0.3333333333333333,0.11206896551724138,1.0,48,20,28,60,0.4166666666666667,0.13793103448275862,1.25,39,16,23,48,0.41025641025641024,0.11206896551724138,1.2307692307692308,1614
8,Liga ACB,51,2025-2026,31224,Braian Angola-Rodas,1328,Dreamland Gran Canaria,15,115,69,46,39,22,17,18,4,132,15,2,17.539687819280218,34,33,1,12,11,1,35,73,33,40,26,11,15,63,90,52,38,32,17,15,81,23,16,7,7,5,2,19,17,8,9,16,20,9,11,18,8,0,8,0,12,5,7,15,56,17,39,51,0,0,0,0,0,0,0,0,2,0,2,0,34,14,20,37,2,0,2,0,5,2,3,5,18,5,13,14,54,18,36,44,22,7,15,21,40,11,29,33,0,0,0,0,2,1,1,2,0,0,0,0,2,1,1,2,30,14,16,28,0,0,0,0,0,0,0,0,11,4,7,12,2,1,1,2,0,0,0,0,2,0,2,0,2,0,2,0,46,32,4,3,29,21,34,24,0,0,0.3391304347826087,0.3695652173913043,0.3188405797101449,0.6956521739130435,0.43478260869565216,0.2222222222222222,0.9760425909494231,0.6,0.35294117647058826,1.0,0.3333333333333333,0.5147058823529411,1.0626398210290828,0.3177570093457944,0.3561643835616438,0.375,0.3333333333333333,0.4315068493150685,0.9794776119402985,0.6822429906542056,0.35555555555555557,0.39473684210526316,0.3269230769230769,0.45,1.0003810975609757,0.7964601769911505,0.30434782608695654,0.2857142857142857,0.3125,0.41304347826086957,0.8260869565217391,0.20353982300884957,0.4117647058823529,0.2956521739130435,1.088235294117647,0.0,0.017391304347826087,0.0,0.4,0.043478260869565216,1.0,0.2777777777777778,0.1565217391304348,0.7777777777777778,0.3333333333333333,0.46956521739130436,0.8148148148148148,0.3181818181818182,0.19130434782608696,0.9545454545454546,0.275,0.34782608695652173,0.825,,0.0,,0.5,0.017391304347826087,1.0,,0.0,,0.5,0.017391304347826087,1.0,0.4666666666666667,0.2608695652173913,0.9333333333333333,,0.0,,,0.0,,0.36363636363636365,0.09565217391304348,1.0909090909090908,0.5,0.017391304347826087,1.0,,0.0,,0.0,0.017391304347826087,0.0,0.0,0.017391304347826087,0.0,17,8,0.47058823529411764,0.14782608695652175,20,9,0.45,0.17391304347826086,8,0,0.0,0.06956521739130435,68,22,0.3235294117647059,0.591304347826087,6,3,3,9,0.5,0.05217391304347826,1.5,6,2,4,6,0.3333333333333333,0.05217391304347826,1.0,21,5,16,15,0.23809523809523808,0.1826086956521739,0.7142857142857143,17,6,11,18,0.35294117647058826,0.14782608695652175,1.0588235294117647,18,6,12,18,0.3333333333333333,0.1565217391304348,1.0,558
8,Liga ACB,51,2025-2026,31283,Kelan Martin,1334,CB UCAM Murcia,16,99,56,43,47,26,21,7,2,135,29,1,18.317467315160116,50,45,5,25,23,2,73,48,10,38,21,2,19,44,69,40,29,29,17,12,75,28,14,14,17,8,9,42,6,5,1,10,17,9,8,18,20,7,13,14,21,8,13,24,33,17,16,51,0,0,0,0,0,0,0,0,2,1,1,3,30,14,16,38,1,0,1,0,7,4,3,9,21,13,8,33,38,15,23,37,34,18,16,54,27,9,18,20,0,0,0,0,8,5,3,10,0,0,0,0,2,1,1,2,10,6,4,12,0,0,0,0,0,0,0,0,13,6,7,17,0,0,0,0,2,1,1,2,1,0,1,0,0,0,0,0,18,15,0,0,10,8,6,4,6,6,0.47474747474747475,0.4883720930232558,0.4642857142857143,0.8333333333333334,0.6060606060606061,0.2857142857142857,1.2626262626262625,0.5656565656565656,0.5,0.4,0.5111111111111111,0.73,1.46,0.5102040816326531,0.4375,0.5,0.2,0.4583333333333333,0.9923664122137404,0.4897959183673469,0.42028985507246375,0.41379310344827586,0.425,0.5434782608695652,1.1027359017308767,0.711340206185567,0.6071428571428571,0.6428571428571429,0.5714285714285714,0.75,1.566579634464752,0.28865979381443296,0.4666666666666667,0.30303030303030304,1.2666666666666666,0.0,0.010101010101010102,0.0,0.5714285714285714,0.0707070707070707,1.2857142857142858,0.6190476190476191,0.21212121212121213,1.5714285714285714,0.39473684210526316,0.3838383838383838,0.9736842105263158,0.5294117647058824,0.3434343434343434,1.588235294117647,0.3333333333333333,0.2727272727272727,0.7407407407407407,,0.0,,0.625,0.08080808080808081,1.25,,0.0,,0.5,0.020202020202020204,1.0,0.6,0.10101010101010101,1.2,,0.0,,,0.0,,0.46153846153846156,0.13131313131313133,1.3076923076923077,,0.0,,0.5,0.020202020202020204,1.0,0.0,0.010101010101010102,0.0,,0.0,,6,5,0.8333333333333334,0.06060606060606061,17,9,0.5294117647058824,0.1717171717171717,20,7,0.35,0.20202020202020202,54,25,0.46296296296296297,0.5454545454545454,9,2,7,6,0.2222222222222222,0.09090909090909091,0.6666666666666666,12,6,6,18,0.5,0.12121212121212122,1.5,11,6,5,18,0.5454545454545454,0.1111111111111111,1.6363636363636365,13,5,8,15,0.38461538461538464,0.13131313131313133,1.1538461538461537,9,6,3,18,0.6666666666666666,0.09090909090909091,2.0,511
8,Liga ACB,51,2025-2026,31374,Hamidou Diallo,1326,Bitci Baskonia,8,77,12,65,37,3,34,16,5,96,19,2,10.335511996130377,23,9,14,9,3,6,21,47,3,44,21,0,21,42,62,9,53,26,3,23,55,14,3,11,10,0,10,20,18,14,4,28,31,15,16,30,15,4,11,8,1,0,1,0,11,3,8,9,0,0,0,0,0,0,0,0,1,1,0,2,22,8,14,19,2,0,2,0,5,3,2,6,9,7,2,14,38,18,20,36,9,3,6,9,13,3,10,6,6,6,0,12,4,1,3,2,0,0,0,0,1,0,1,0,32,21,11,42,1,0,1,0,0,0,0,0,4,0,4,0,0,0,0,0,0,0,0,0,5,1,4,2,1,1,0,2,29,19,6,5,16,10,18,10,7,5,0.4805194805194805,0.5230769230769231,0.25,0.6551724137931034,0.5,0.3125,1.06951871657754,0.15584415584415584,0.391304347826087,0.42857142857142855,0.3333333333333333,0.45652173913043476,1.0140405616224648,0.32857142857142857,0.44680851063829785,0.4772727272727273,0.0,0.44680851063829785,0.9622501850481125,0.6714285714285714,0.41935483870967744,0.4339622641509434,0.3333333333333333,0.4435483870967742,0.9296338672768879,0.8157894736842105,0.7142857142857143,0.9090909090909091,0.0,0.7142857142857143,1.4637002341920375,0.18421052631578946,0.36363636363636365,0.2857142857142857,0.8636363636363636,0.0,0.025974025974025976,0.0,0.6,0.06493506493506493,1.2,0.7777777777777778,0.11688311688311688,1.5555555555555556,0.47368421052631576,0.4935064935064935,0.9473684210526315,0.3333333333333333,0.11688311688311688,1.0,0.23076923076923078,0.16883116883116883,0.46153846153846156,1.0,0.07792207792207792,2.0,0.25,0.05194805194805195,0.5,,0.0,,0.0,0.012987012987012988,0.0,0.65625,0.4155844155844156,1.3125,0.0,0.012987012987012988,0.0,,0.0,,0.0,0.05194805194805195,0.0,,0.0,,,0.0,,0.2,0.06493506493506493,0.4,1.0,0.012987012987012988,2.0,18,14,0.7777777777777778,0.23376623376623376,31,15,0.4838709677419355,0.4025974025974026,15,4,0.26666666666666666,0.19480519480519481,12,3,0.25,0.15584415584415584,0,0,0,0,,0.0,,1,0,1,0,0.0,0.012987012987012988,0.0,0,0,0,0,,0.0,,3,0,3,0,0.0,0.03896103896103896,0.0,8,3,5,9,0.375,0.1038961038961039,1.125,322
8,Liga ACB,51,2025-2026,31457,Shannon Evans,1332,BC MoraBanc Andorra,30,319,167,152,118,52,66,48,8,396,31,15,16.76783132677336,47,40,7,21,17,4,59,263,126,137,95,34,61,224,215,105,110,74,34,40,182,95,57,38,40,16,24,96,58,33,25,66,66,24,42,48,24,7,17,14,6,1,5,3,148,49,99,147,5,0,5,0,3,0,3,0,9,4,5,10,95,32,63,88,15,0,15,0,32,14,18,34,63,26,37,62,105,42,63,94,29,13,16,39,119,35,84,99,0,0,0,0,16,2,14,4,7,0,7,0,2,1,1,2,103,53,50,106,2,0,2,0,0,0,0,0,11,4,7,12,0,0,0,0,4,1,3,3,15,4,11,11,2,1,1,2,132,108,5,3,82,66,75,61,6,5,0.36990595611285265,0.4342105263157895,0.31137724550898205,0.8181818181818182,0.45141065830721006,0.16666666666666666,1.0501750291715286,0.5235109717868338,0.44680851063829785,0.5714285714285714,0.425,0.6276595744680851,1.2601626016260161,0.15161290322580645,0.3612167300380228,0.44525547445255476,0.2698412698412698,0.42585551330798477,0.9696402300387856,0.8483870967741935,0.34418604651162793,0.36363636363636365,0.3238095238095238,0.4232558139534884,0.9798387096774194,0.6935483870967742,0.42105263157894735,0.631578947368421,0.2807017543859649,0.5052631578947369,1.0344121261777959,0.3064516129032258,0.3368421052631579,0.29780564263322884,0.9263157894736842,0.0,0.047021943573667714,0.0,0.4375,0.10031347962382445,1.0625,0.4126984126984127,0.1974921630094044,0.9841269841269841,0.4,0.329153605015674,0.8952380952380953,0.4482758620689655,0.09090909090909091,1.3448275862068966,0.29411764705882354,0.3730407523510972,0.8319327731092437,,0.0,,0.125,0.050156739811912224,0.25,0.0,0.0219435736677116,0.0,0.5,0.006269592476489028,1.0,0.5145631067961165,0.322884012539185,1.029126213592233,0.0,0.006269592476489028,0.0,,0.0,,0.36363636363636365,0.034482758620689655,1.0909090909090908,,0.0,,0.25,0.012539184952978056,0.75,0.26666666666666666,0.047021943573667714,0.7333333333333333,0.5,0.006269592476489028,1.0,58,33,0.5689655172413793,0.18181818181818182,66,24,0.36363636363636365,0.20689655172413793,24,7,0.2916666666666667,0.07523510971786834,154,50,0.3246753246753247,0.4827586206896552,3,0,3,0,0.0,0.009404388714733543,0.0,3,1,2,3,0.3333333333333333,0.009404388714733543,1.0,79,27,52,81,0.34177215189873417,0.2476489028213166,1.0253164556962024,35,9,26,27,0.2571428571428571,0.109717868338558,0.7714285714285715,34,13,21,39,0.38235294117647056,0.10658307210031348,1.1470588235294117,1502
8,Liga ACB,51,2025-2026,31476,Gyorgy Goloman,1323,ICG Forca Lleida,25,103,13,90,67,4,63,36,9,199,55,3,7.06047857108901,71,13,58,48,4,44,100,21,0,21,12,0,12,24,63,6,57,36,3,33,75,38,6,32,30,1,29,61,48,38,10,76,34,21,13,42,7,3,4,6,0,0,0,0,12,4,8,12,0,0,0,0,0,0,0,0,2,1,1,2,23,18,5,39,3,0,3,0,5,4,1,8,33,26,7,53,37,18,19,36,11,3,8,9,1,0,1,0,14,14,0,28,2,2,0,4,0,0,0,0,3,1,2,2,49,34,15,68,0,0,0,0,11,8,3,16,7,3,4,7,0,0,0,0,0,0,0,0,0,0,0,0,3,1,2,2,81,61,30,22,14,12,56,43,7,6,0.6504854368932039,0.7,0.3076923076923077,0.7530864197530864,0.6699029126213593,0.25,1.4353721869590308,0.1262135922330097,0.676056338028169,0.7586206896551724,0.3076923076923077,0.704225352112676,1.4489311163895486,0.7717391304347826,0.5714285714285714,0.5714285714285714,,0.5714285714285714,1.3254786450662739,0.22826086956521738,0.5714285714285714,0.5789473684210527,0.5,0.5952380952380952,1.3464171611136466,0.6237623762376238,0.7894736842105263,0.90625,0.16666666666666666,0.8026315789473685,1.6309639727361247,0.37623762376237624,0.782608695652174,0.22330097087378642,1.6956521739130435,0.0,0.02912621359223301,0.0,0.8,0.04854368932038835,1.6,0.7878787878787878,0.32038834951456313,1.606060606060606,0.4864864864864865,0.3592233009708738,0.972972972972973,0.2727272727272727,0.10679611650485436,0.8181818181818182,0.0,0.009708737864077669,0.0,1.0,0.13592233009708737,2.0,1.0,0.019417475728155338,2.0,,0.0,,0.3333333333333333,0.02912621359223301,0.6666666666666666,0.6938775510204082,0.47572815533980584,1.3877551020408163,,0.0,,0.7272727272727273,0.10679611650485436,1.4545454545454546,0.42857142857142855,0.06796116504854369,1.0,,0.0,,,0.0,,,0.0,,0.3333333333333333,0.02912621359223301,0.6666666666666666,48,38,0.7916666666666666,0.46601941747572817,34,21,0.6176470588235294,0.3300970873786408,7,3,0.42857142857142855,0.06796116504854369,12,4,0.3333333333333333,0.11650485436893204,0,0,0,0,,0.0,,0,0,0,0,,0.0,,9,3,6,9,0.3333333333333333,0.08737864077669903,1.0,3,1,2,3,0.3333333333333333,0.02912621359223301,1.0,0,0,0,0,,0.0,,728
8,Liga ACB,51,2025-2026,31539,Chimezie Metu,1328,Dreamland Gran Canaria,10,108,44,64,46,15,31,14,3,139,12,1,15.688328847398887,31,27,4,11,7,4,29,71,16,55,34,8,26,76,78,30,48,31,9,22,71,29,13,16,14,5,9,33,11,9,2,18,33,17,16,34,20,5,15,10,8,4,4,12,33,10,23,30,1,0,1,0,1,0,1,0,1,1,0,3,26,10,16,25,1,0,1,0,7,3,4,6,22,11,11,27,51,21,30,46,22,6,16,18,33,14,19,35,3,2,1,4,3,2,1,4,1,0,1,0,14,8,6,16,13,10,3,20,0,0,0,0,2,2,0,4,4,0,4,0,5,0,5,0,3,1,2,3,2,0,2,0,2,0,2,0,39,32,2,2,22,18,21,18,4,3,0.42592592592592593,0.484375,0.3409090909090909,0.8205128205128205,0.49537037037037035,0.21428571428571427,1.1105784595717483,0.4074074074074074,0.3548387096774194,1.0,0.25925925925925924,0.46774193548387094,0.972396486825596,0.30392156862745096,0.4788732394366197,0.4727272727272727,0.5,0.5352112676056338,1.1650966782350023,0.696078431372549,0.3974358974358974,0.4583333333333333,0.3,0.4551282051282051,1.0201742320036682,0.7289719626168224,0.4827586206896552,0.5625,0.38461538461538464,0.5689655172413793,1.1703511053315994,0.27102803738317754,0.38461538461538464,0.24074074074074073,0.9615384615384616,0.0,0.009259259259259259,0.0,0.42857142857142855,0.06481481481481481,0.8571428571428571,0.5,0.2037037037037037,1.2272727272727273,0.4117647058823529,0.4722222222222222,0.9019607843137255,0.2727272727272727,0.2037037037037037,0.8181818181818182,0.42424242424242425,0.3055555555555556,1.0606060606060606,0.6666666666666666,0.027777777777777776,1.3333333333333333,0.6666666666666666,0.027777777777777776,1.3333333333333333,0.0,0.009259259259259259,0.0,0.5714285714285714,0.12962962962962962,1.1428571428571428,0.7692307692307693,0.12037037037037036,1.5384615384615385,,0.0,,1.0,0.018518518518518517,2.0,0.0,0.037037037037037035,0.0,0.0,0.046296296296296294,0.0,0.3333333333333333,0.027777777777777776,1.0,0.0,0.018518518518518517,0.0,0.0,0.018518518518518517,0.0,11,9,0.8181818181818182,0.10185185185185185,33,17,0.5151515151515151,0.3055555555555556,20,5,0.25,0.18518518518518517,41,14,0.34146341463414637,0.37962962962962965,4,2,2,6,0.5,0.037037037037037035,1.5,4,2,2,6,0.5,0.037037037037037035,1.5,3,1,2,3,0.3333333333333333,0.027777777777777776,1.0,16,5,11,15,0.3125,0.14814814814814814,0.9375,14,4,10,12,0.2857142857142857,0.12962962962962962,0.8571428571428571,499
8,Liga ACB,51,2025-2026,31587,Darius Thompson,1325,Valencia BC,27,153,85,68,66,27,39,19,3,194,34,2,17.16632991652904,65,49,16,24,14,10,62,82,34,48,37,12,25,86,95,59,36,37,19,18,93,53,22,31,27,7,20,61,21,16,5,32,28,11,17,22,18,11,7,22,11,5,6,15,68,21,47,63,0,0,0,0,2,0,2,0,5,2,3,5,52,24,28,63,2,0,2,0,11,5,6,12,42,22,20,49,41,13,28,30,36,11,25,32,41,15,26,40,5,5,0,10,12,4,8,8,0,0,0,0,3,0,3,0,28,19,9,38,0,0,0,0,1,0,1,0,16,6,10,16,1,1,0,2,3,1,2,3,1,1,0,3,1,1,0,2,43,35,0,0,34,28,29,25,6,4,0.43137254901960786,0.5735294117647058,0.3176470588235294,0.813953488372093,0.5196078431372549,0.15789473684210525,1.1284318287575617,0.5555555555555556,0.36923076923076925,0.625,0.2857142857142857,0.47692307692307695,0.9538461538461539,0.4421768707482993,0.45121951219512196,0.5208333333333334,0.35294117647058826,0.524390243902439,1.175742574257426,0.5578231292517006,0.3894736842105263,0.5,0.3220338983050847,0.48947368421052634,1.095025983667409,0.6418918918918919,0.5094339622641509,0.6451612903225806,0.3181818181818182,0.5754716981132075,1.1682242990654206,0.3581081081081081,0.46153846153846156,0.33986928104575165,1.2115384615384615,0.0,0.013071895424836602,0.0,0.45454545454545453,0.0718954248366013,1.0909090909090908,0.5238095238095238,0.27450980392156865,1.1666666666666667,0.3170731707317073,0.2679738562091503,0.7317073170731707,0.3055555555555556,0.23529411764705882,0.8888888888888888,0.36585365853658536,0.2679738562091503,0.975609756097561,1.0,0.032679738562091505,2.0,0.3333333333333333,0.0784313725490196,0.6666666666666666,,0.0,,0.0,0.0196078431372549,0.0,0.6785714285714286,0.1830065359477124,1.3571428571428572,,0.0,,0.0,0.006535947712418301,0.0,0.375,0.10457516339869281,1.0,1.0,0.006535947712418301,2.0,0.3333333333333333,0.0196078431372549,1.0,1.0,0.006535947712418301,3.0,1.0,0.006535947712418301,2.0,21,16,0.7619047619047619,0.13725490196078433,28,11,0.39285714285714285,0.1830065359477124,18,11,0.6111111111111112,0.11764705882352941,79,26,0.3291139240506329,0.5163398692810458,6,2,4,6,0.3333333333333333,0.0392156862745098,1.0,5,3,2,9,0.6,0.032679738562091505,1.8,11,1,10,3,0.09090909090909091,0.0718954248366013,0.2727272727272727,30,9,21,27,0.3,0.19607843137254902,0.9,27,11,16,33,0.4074074074074074,0.17647058823529413,1.2222222222222223,946
8,Liga ACB,51,2025-2026,31700,Martinas Geben,1315,Basquet Girona,34,228,59,169,136,23,113,40,10,375,107,12,10.214209197173366,165,53,112,103,21,82,227,46,6,40,26,2,24,54,154,39,115,82,10,72,174,72,20,52,54,13,41,121,95,72,23,144,49,31,18,62,23,10,13,20,2,0,2,0,56,23,33,69,1,0,1,0,0,0,0,0,2,0,2,0,72,40,32,89,12,0,12,0,11,8,3,19,61,46,15,102,70,42,28,85,56,20,36,59,7,4,3,9,22,22,0,44,3,2,1,4,1,0,1,0,18,12,6,24,71,45,26,90,0,0,0,0,10,9,1,18,19,11,8,24,2,0,2,0,3,1,2,3,0,0,0,0,14,10,4,20,104,80,44,35,25,21,69,57,3,1,0.5964912280701754,0.6686390532544378,0.3898305084745763,0.7692307692307693,0.6469298245614035,0.25,1.369812974868498,0.25877192982456143,0.6242424242424243,0.7321428571428571,0.39622641509433965,0.6878787878787879,1.421132566717292,0.7819905213270142,0.5652173913043478,0.6,0.3333333333333333,0.5869565217391305,1.3157894736842106,0.21800947867298578,0.5324675324675324,0.6260869565217392,0.2564102564102564,0.564935064935065,1.2529832935560858,0.6814159292035398,0.75,0.7884615384615384,0.65,0.8402777777777778,1.6639388979814513,0.3185840707964602,0.5555555555555556,0.3157894736842105,1.2361111111111112,0.0,0.05263157894736842,0.0,0.7272727272727273,0.04824561403508772,1.7272727272727273,0.7540983606557377,0.2675438596491228,1.6721311475409837,0.6,0.30701754385964913,1.2142857142857142,0.35714285714285715,0.24561403508771928,1.0535714285714286,0.5714285714285714,0.03070175438596491,1.2857142857142858,1.0,0.09649122807017543,2.0,0.6666666666666666,0.013157894736842105,1.3333333333333333,0.0,0.0043859649122807015,0.0,0.6666666666666666,0.07894736842105263,1.3333333333333333,0.6338028169014085,0.31140350877192985,1.267605633802817,,0.0,,0.9,0.043859649122807015,1.8,0.5789473684210527,0.08333333333333333,1.263157894736842,0.0,0.008771929824561403,0.0,0.3333333333333333,0.013157894736842105,1.0,,0.0,,0.7142857142857143,0.06140350877192982,1.4285714285714286,95,72,0.7578947368421053,0.4166666666666667,49,31,0.6326530612244898,0.2149122807017544,23,10,0.43478260869565216,0.10087719298245613,58,23,0.39655172413793105,0.2543859649122807,1,0,1,0,0.0,0.0043859649122807015,0.0,1,0,1,0,0.0,0.0043859649122807015,0.0,36,15,21,45,0.4166666666666667,0.15789473684210525,1.25,11,6,5,18,0.5454545454545454,0.04824561403508772,1.6363636363636365,9,2,7,6,0.2222222222222222,0.039473684210526314,0.6666666666666666,1359
8,Liga ACB,51,2025-2026,31739,Trae Bell-Haynes,1331,Casademont Zaragoza,21,208,76,132,96,27,69,27,5,288,27,19,12.212178366580467,38,26,12,21,11,10,53,164,49,115,73,16,57,162,159,52,107,72,19,53,163,43,20,23,23,8,15,54,66,40,26,80,54,26,28,52,10,2,8,4,12,6,6,18,56,20,36,60,2,0,2,0,2,1,1,3,6,1,5,2,49,21,28,48,19,0,19,0,12,6,6,16,31,17,14,38,91,51,40,115,19,7,12,21,42,12,30,35,0,0,0,0,13,3,10,6,2,0,2,0,4,2,2,4,105,60,45,120,0,0,0,0,0,0,0,0,7,4,3,12,0,0,0,0,1,1,0,3,8,5,3,14,1,1,0,2,87,69,2,1,47,38,44,34,4,3,0.46153846153846156,0.5227272727272727,0.35526315789473684,0.7931034482758621,0.5264423076923077,0.18518518518518517,1.169400682150398,0.36538461538461536,0.5526315789473685,0.8333333333333334,0.4230769230769231,0.6973684210526315,1.3888888888888888,0.18811881188118812,0.4451219512195122,0.4956521739130435,0.32653061224489793,0.49390243902439024,1.0829542993285683,0.8118811881188119,0.4528301886792453,0.4953271028037383,0.36538461538461536,0.5125786163522013,1.1045077371607983,0.7871287128712872,0.5348837209302325,0.6521739130434783,0.4,0.627906976744186,1.2734584450402144,0.21287128712871287,0.42857142857142855,0.23557692307692307,0.9795918367346939,0.0,0.09134615384615384,0.0,0.5,0.057692307692307696,1.3333333333333333,0.5483870967741935,0.14903846153846154,1.2258064516129032,0.5604395604395604,0.4375,1.2637362637362637,0.3684210526315789,0.09134615384615384,1.105263157894737,0.2857142857142857,0.20192307692307693,0.8333333333333334,,0.0,,0.23076923076923078,0.0625,0.46153846153846156,0.0,0.009615384615384616,0.0,0.5,0.019230769230769232,1.0,0.5714285714285714,0.5048076923076923,1.1428571428571428,,0.0,,,0.0,,0.5714285714285714,0.03365384615384615,1.7142857142857142,,0.0,,1.0,0.004807692307692308,3.0,0.625,0.038461538461538464,1.75,1.0,0.004807692307692308,2.0,66,40,0.6060606060606061,0.3173076923076923,54,26,0.48148148148148145,0.25961538461538464,10,2,0.2,0.04807692307692308,68,26,0.38235294117647056,0.3269230769230769,4,3,1,9,0.75,0.019230769230769232,2.25,8,3,5,9,0.375,0.038461538461538464,1.125,28,11,17,33,0.39285714285714285,0.1346153846153846,1.1785714285714286,8,2,6,6,0.25,0.038461538461538464,0.75,20,7,13,21,0.35,0.09615384615384616,1.05,1055
8,Liga ACB,51,2025-2026,31918,Yankuba Sima,1325,Valencia BC,18,44,9,35,20,2,18,10,4,56,14,6,7.718116028823493,30,8,22,13,1,12,27,5,0,5,3,0,3,6,26,5,21,8,1,7,17,16,4,12,11,1,10,23,23,12,11,24,9,5,4,10,1,0,1,0,1,0,1,0,8,2,6,6,0,0,0,0,0,0,0,0,2,1,1,2,13,6,7,13,5,0,5,0,1,0,1,0,15,11,4,23,8,2,6,4,8,1,7,3,1,1,0,3,8,6,2,12,1,0,1,0,0,0,0,0,1,0,1,0,15,7,8,14,0,0,0,0,5,3,2,6,0,0,0,0,0,0,0,0,0,0,0,0,0,0,0,0,3,1,2,2,24,14,11,7,0,0,13,8,3,2,0.45454545454545453,0.5142857142857142,0.2222222222222222,0.5833333333333334,0.4772727272727273,0.4,1.0263929618768328,0.20454545454545456,0.43333333333333335,0.5454545454545454,0.125,0.45,0.975889781859931,0.8571428571428571,0.6,0.6,,0.6,1.2,0.14285714285714285,0.3076923076923077,0.3333333333333333,0.2,0.3269230769230769,0.7881462799495587,0.6190476190476191,0.6875,0.8333333333333334,0.25,0.71875,1.443418013856813,0.38095238095238093,0.46153846153846156,0.29545454545454547,1.0,0.0,0.11363636363636363,0.0,0.0,0.022727272727272728,0.0,0.7333333333333333,0.3409090909090909,1.5333333333333334,0.25,0.18181818181818182,0.5,0.125,0.18181818181818182,0.375,1.0,0.022727272727272728,3.0,0.75,0.18181818181818182,1.5,0.0,0.022727272727272728,0.0,,0.0,,0.0,0.022727272727272728,0.0,0.4666666666666667,0.3409090909090909,0.9333333333333333,,0.0,,0.6,0.11363636363636363,1.2,,0.0,,,0.0,,,0.0,,,0.0,,0.3333333333333333,0.06818181818181818,0.6666666666666666,23,12,0.5217391304347826,0.5227272727272727,9,5,0.5555555555555556,0.20454545454545456,1,0,0.0,0.022727272727272728,9,2,0.2222222222222222,0.20454545454545456,0,0,0,0,,0.0,,1,0,1,0,0.0,0.022727272727272728,0.0,5,1,4,3,0.2,0.11363636363636363,0.6,1,1,0,3,1.0,0.022727272727272728,3.0,2,0,2,0,0.0,0.045454545454545456,0.0,327
8,Liga ACB,51,2025-2026,32266,Elvar Mar Fridriksson,1333,Lenovo Tenerife,2,16,7,9,7,0,7,1,1,17,4,0,13.739933895596367,7,5,2,2,0,2,4,7,2,5,4,0,4,8,10,6,4,3,0,3,6,5,1,4,3,0,3,6,4,4,0,8,4,2,2,4,0,0,0,0,1,0,1,0,6,0,6,0,0,0,0,0,0,0,0,0,1,1,0,2,6,1,5,2,0,0,0,0,0,0,0,0,5,3,2,6,4,2,2,4,2,0,2,0,3,1,2,2,0,0,0,0,0,0,0,0,0,0,0,0,0,0,0,0,7,5,2,10,0,0,0,0,0,0,0,0,3,0,3,0,0,0,0,0,0,0,0,0,0,0,0,0,0,0,0,0,3,3,0,0,0,0,0,0,0,0,0.4375,0.7777777777777778,0.0,1.0,0.4375,1.0,0.9815242494226328,0.4375,0.2857142857142857,1.0,0.0,0.2857142857142857,0.5714285714285714,0.5,0.5714285714285714,0.8,0.0,0.5714285714285714,1.1428571428571428,0.5,0.3,0.75,0.0,0.3,0.6,0.6666666666666666,0.6,0.75,0.0,0.6,1.2,0.3333333333333333,0.16666666666666666,0.375,0.3333333333333333,,0.0,,,0.0,,0.6,0.3125,1.2,0.5,0.25,1.0,0.0,0.125,0.0,0.3333333333333333,0.1875,0.6666666666666666,,0.0,,,0.0,,,0.0,,,0.0,,0.7142857142857143,0.4375,1.4285714285714286,,0.0,,,0.0,,0.0,0.1875,0.0,,0.0,,,0.0,,,0.0,,,0.0,,4,4,1.0,0.25,4,2,0.5,0.25,0,0,,0.0,7,0,0.0,0.4375,1,0,1,0,0.0,0.0625,0.0,0,0,0,0,,0.0,,2,0,2,0,0.0,0.125,0.0,3,0,3,0,0.0,0.1875,0.0,1,0,1,0,0.0,0.0625,0.0,59
8,Liga ACB,51,2025-2026,32336,Kassius Robertson,1328,Dreamland Gran Canaria,17,134,69,65,49,25,24,11,3,150,22,11,15.950195381994591,43,39,4,19,17,2,55,87,28,59,28,7,21,63,96,46,50,35,19,16,89,34,20,14,14,6,8,34,19,11,8,22,30,9,21,18,15,4,11,8,6,3,3,9,57,21,36,63,2,0,2,0,1,1,0,3,4,0,4,0,43,21,22,54,11,0,11,0,8,2,6,5,26,12,14,29,42,14,28,35,19,7,12,21,30,9,21,24,0,0,0,0,11,3,8,6,1,0,1,0,1,0,1,0,43,18,25,36,0,0,0,0,0,0,0,0,20,10,10,30,0,0,0,0,2,0,2,0,3,2,1,6,0,0,0,0,38,27,1,1,16,13,13,11,4,3,0.3656716417910448,0.36923076923076925,0.36231884057971014,0.7105263157894737,0.458955223880597,0.2727272727272727,0.9952229299363058,0.5149253731343284,0.4418604651162791,0.5,0.4358974358974359,0.6395348837209303,1.289134438305709,0.33076923076923076,0.3218390804597701,0.3559322033898305,0.25,0.3620689655172414,0.8081667375584857,0.6692307692307692,0.3645833333333333,0.32,0.41304347826086957,0.4635416666666667,0.9830908375933937,0.7384615384615385,0.4117647058823529,0.5714285714285714,0.3,0.5,1.034675615212528,0.26153846153846155,0.4883720930232558,0.3208955223880597,1.255813953488372,0.0,0.08208955223880597,0.0,0.25,0.05970149253731343,0.625,0.46153846153846156,0.19402985074626866,1.1153846153846154,0.3333333333333333,0.31343283582089554,0.8333333333333334,0.3684210526315789,0.1417910447761194,1.105263157894737,0.3,0.22388059701492538,0.8,,0.0,,0.2727272727272727,0.08208955223880597,0.5454545454545454,0.0,0.007462686567164179,0.0,0.0,0.007462686567164179,0.0,0.4186046511627907,0.3208955223880597,0.8372093023255814,,0.0,,,0.0,,0.5,0.14925373134328357,1.5,,0.0,,0.0,0.014925373134328358,0.0,0.6666666666666666,0.022388059701492536,2.0,,0.0,,19,11,0.5789473684210527,0.1417910447761194,30,9,0.3,0.22388059701492538,15,4,0.26666666666666666,0.11194029850746269,63,24,0.38095238095238093,0.4701492537313433,3,1,2,3,0.3333333333333333,0.022388059701492536,1.0,3,2,1,6,0.6666666666666666,0.022388059701492536,2.0,12,6,6,18,0.5,0.08955223880597014,1.5,15,4,11,12,0.26666666666666666,0.11194029850746269,0.8,30,11,19,33,0.36666666666666664,0.22388059701492538,1.1,672
8,Liga ACB,51,2025-2026,32852,Ruben Lopez,1334,CB UCAM Murcia,4,3,0,3,2,0,2,0,0,4,2,0,4.479926728913432,1,0,1,1,0,1,2,2,0,2,1,0,1,2,1,0,1,1,0,1,2,2,0,2,1,0,1,2,2,2,0,4,1,0,1,0,0,0,0,0,0,0,0,0,0,0,0,0,0,0,0,0,0,0,0,0,0,0,0,0,1,1,0,2,0,0,0,0,0,0,0,0,2,1,1,2,0,0,0,0,0,0,0,0,0,0,0,0,0,0,0,0,1,0,1,0,0,0,0,0,0,0,0,0,2,2,0,4,0,0,0,0,0,0,0,0,0,0,0,0,0,0,0,0,0,0,0,0,0,0,0,0,0,0,0,0,0,0,0,0,0,0,0,0,0,0,0.6666666666666666,0.6666666666666666,,,0.6666666666666666,,1.3333333333333333,0.0,1.0,1.0,,1.0,2.0,0.3333333333333333,0.5,0.5,,0.5,1.0,0.6666666666666666,1.0,1.0,,1.0,2.0,0.3333333333333333,0.5,0.5,,0.5,1.0,0.6666666666666666,1.0,0.3333333333333333,2.0,,0.0,,,0.0,,0.5,0.6666666666666666,1.0,,0.0,,,0.0,,,0.0,,,0.0,,0.0,0.3333333333333333,0.0,,0.0,,,0.0,,1.0,0.6666666666666666,2.0,,0.0,,,0.0,,,0.0,,,0.0,,,0.0,,,0.0,,,0.0,,2,2,1.0,0.6666666666666666,1,0,0.0,0.3333333333333333,0,0,,0.0,0,0,,0.0,0,0,0,0,,0.0,,0,0,0,0,,0.0,,0,0,0,0,,0.0,,0,0,0,0,,0.0,,0,0,0,0,,0.0,,65
8,Liga ACB,51,2025-2026,34832,Alex Len,1338,Real Madrid,21,85,1,84,56,0,56,31,8,150,41,2,4.60446277399218,54,1,53,39,0,39,78,20,0,20,8,0,8,16,55,1,54,29,0,29,58,29,0,29,27,0,27,54,43,31,12,62,36,23,13,46,4,2,2,4,0,0,0,0,1,0,1,0,0,0,0,0,0,0,0,0,1,0,1,0,18,14,4,28,1,0,1,0,5,4,1,8,24,23,1,46,36,15,21,30,2,1,1,2,0,0,0,0,25,25,0,50,3,1,2,2,0,0,0,0,5,0,5,0,37,20,17,40,0,0,0,0,5,5,0,10,1,0,1,0,0,0,0,0,1,1,0,2,0,0,0,0,5,3,2,6,62,38,26,19,21,12,46,29,6,5,0.6588235294117647,0.6666666666666666,0.0,0.6129032258064516,0.6588235294117647,0.25806451612903225,1.3359458496615604,0.011764705882352941,0.7222222222222222,0.7358490566037735,0.0,0.7222222222222222,1.482273838630807,0.7297297297297297,0.4,0.4,,0.4,0.957592339261286,0.2702702702702703,0.5272727272727272,0.5370370370370371,0.0,0.5272727272727272,1.1562998405103668,0.6547619047619048,0.9310344827586207,0.9310344827586207,,0.9310344827586207,1.8647281921618204,0.34523809523809523,0.7777777777777778,0.21176470588235294,1.5555555555555556,0.0,0.011764705882352941,0.0,0.8,0.058823529411764705,1.6,0.9583333333333334,0.2823529411764706,1.9166666666666667,0.4166666666666667,0.4235294117647059,0.8333333333333334,0.5,0.023529411764705882,1.0,,0.0,,1.0,0.29411764705882354,2.0,0.3333333333333333,0.03529411764705882,0.6666666666666666,,0.0,,0.0,0.058823529411764705,0.0,0.5405405405405406,0.43529411764705883,1.0810810810810811,,0.0,,1.0,0.058823529411764705,2.0,0.0,0.011764705882352941,0.0,,0.0,,1.0,0.011764705882352941,2.0,,0.0,,0.6,0.058823529411764705,1.2,43,31,0.7209302325581395,0.5058823529411764,36,23,0.6388888888888888,0.4235294117647059,4,2,0.5,0.047058823529411764,1,0,0.0,0.011764705882352941,0,0,0,0,,0.0,,0,0,0,0,,0.0,,1,0,1,0,0.0,0.011764705882352941,0.0,0,0,0,0,,0.0,,0,0,0,0,,0.0,,552
8,Liga ACB,51,2025-2026,34838,Trey Lyles,1338,Real Madrid,25,197,82,115,94,32,62,38,11,292,52,7,14.06417876653214,95,71,24,46,29,17,121,95,9,86,44,1,43,89,145,60,85,62,21,41,145,47,17,30,30,9,21,69,37,22,15,44,46,26,20,52,32,14,18,28,14,2,12,6,63,28,35,84,0,0,0,0,0,0,0,0,5,2,3,6,64,32,32,81,7,0,7,0,18,9,9,19,29,21,8,50,74,30,44,64,51,20,31,58,18,6,12,13,10,10,0,20,9,3,6,6,0,0,0,0,12,5,7,10,47,27,20,54,0,0,0,0,2,2,0,4,25,11,14,33,9,6,3,12,4,0,4,0,0,0,0,0,5,2,3,4,91,72,13,12,47,39,52,44,13,9,0.47715736040609136,0.5391304347826087,0.3902439024390244,0.7912087912087912,0.5583756345177665,0.2894736842105263,1.231859601754978,0.41624365482233505,0.4842105263157895,0.7083333333333334,0.4084507042253521,0.6368421052631579,1.3204924543288323,0.5,0.4631578947368421,0.5,0.1111111111111111,0.46842105263157896,1.106500691562932,0.5,0.42758620689655175,0.4823529411764706,0.35,0.5,1.1258041458184418,0.7552083333333334,0.6382978723404256,0.7,0.5294117647058824,0.7340425531914894,1.4795144157814872,0.24479166666666666,0.5,0.3248730964467005,1.265625,0.0,0.03553299492385787,0.0,0.5,0.09137055837563451,1.0555555555555556,0.7241379310344828,0.14720812182741116,1.7241379310344827,0.40540540540540543,0.3756345177664975,0.8648648648648649,0.39215686274509803,0.25888324873096447,1.1372549019607843,0.3333333333333333,0.09137055837563451,0.7222222222222222,1.0,0.050761421319796954,2.0,0.3333333333333333,0.04568527918781726,0.6666666666666666,,0.0,,0.4166666666666667,0.06091370558375635,0.8333333333333334,0.574468085106383,0.23857868020304568,1.148936170212766,,0.0,,1.0,0.01015228426395939,2.0,0.44,0.12690355329949238,1.32,0.6666666666666666,0.04568527918781726,1.3333333333333333,0.0,0.02030456852791878,0.0,,0.0,,0.4,0.025380710659898477,0.8,37,22,0.5945945945945946,0.18781725888324874,46,26,0.5652173913043478,0.233502538071066,32,14,0.4375,0.16243654822335024,77,30,0.38961038961038963,0.39086294416243655,10,2,8,6,0.2,0.050761421319796954,0.6,4,0,4,0,0.0,0.02030456852791878,0.0,11,6,5,18,0.5454545454545454,0.05583756345177665,1.6363636363636365,28,10,18,30,0.35714285714285715,0.14213197969543148,1.0714285714285714,24,12,12,36,0.5,0.1218274111675127,1.5,989
8,Liga ACB,51,2025-2026,34854,Patty Mills,1333,Lenovo Tenerife,9,117,69,48,57,31,26,9,2,174,29,5,18.74259028836764,56,44,12,31,22,9,84,59,24,35,25,9,16,59,87,52,35,39,22,17,100,27,15,12,17,8,9,42,12,7,5,14,6,5,1,10,29,14,15,28,11,5,6,15,56,25,31,75,0,0,0,0,0,0,0,0,3,1,2,3,28,12,16,32,4,0,4,0,6,3,3,7,21,14,7,35,55,27,28,68,16,10,6,29,44,19,25,47,0,0,0,0,2,1,1,2,0,0,0,0,0,0,0,0,16,10,6,20,0,0,0,0,0,0,0,0,31,14,17,40,1,1,0,2,4,1,3,2,0,0,0,0,0,0,0,0,32,29,5,5,11,10,12,11,4,4,0.48717948717948717,0.5416666666666666,0.4492753623188406,0.90625,0.6196581196581197,0.2222222222222222,1.327433628318584,0.5897435897435898,0.5535714285714286,0.75,0.5,0.75,1.529209621993127,0.48695652173913045,0.423728813559322,0.45714285714285713,0.375,0.5,1.080827067669173,0.5130434782608696,0.4482758620689655,0.4857142857142857,0.4230769230769231,0.5747126436781609,1.2028608582574771,0.7631578947368421,0.6296296296296297,0.75,0.5333333333333333,0.7777777777777778,1.599443671766342,0.23684210526315788,0.42857142857142855,0.23931623931623933,1.1428571428571428,0.0,0.03418803418803419,0.0,0.5,0.05128205128205128,1.1666666666666667,0.6666666666666666,0.1794871794871795,1.6666666666666667,0.4909090909090909,0.4700854700854701,1.2363636363636363,0.625,0.13675213675213677,1.8125,0.4318181818181818,0.37606837606837606,1.0681818181818181,,0.0,,0.5,0.017094017094017096,1.0,,0.0,,,0.0,,0.625,0.13675213675213677,1.25,,0.0,,,0.0,,0.45161290322580644,0.26495726495726496,1.2903225806451613,1.0,0.008547008547008548,2.0,0.25,0.03418803418803419,0.5,,0.0,,,0.0,,12,7,0.5833333333333334,0.10256410256410256,6,5,0.8333333333333334,0.05128205128205128,29,14,0.4827586206896552,0.24786324786324787,67,30,0.44776119402985076,0.5726495726495726,6,3,3,9,0.5,0.05128205128205128,1.5,5,2,3,6,0.4,0.042735042735042736,1.2,32,14,18,42,0.4375,0.27350427350427353,1.3125,10,4,6,12,0.4,0.08547008547008547,1.2,14,7,7,21,0.5,0.11965811965811966,1.5,356
8,Liga ACB,51,2025-2026,34880,Josh Richardson,1331,Casademont Zaragoza,3,24,10,14,7,4,3,1,0,20,6,0,16.47475061064865,10,8,2,5,4,1,14,14,2,12,2,0,2,4,17,4,13,3,1,2,7,6,5,1,4,3,1,11,1,0,1,0,7,2,5,4,6,1,5,2,3,3,0,9,6,1,5,3,0,0,0,0,0,0,0,0,1,0,1,0,2,0,2,0,0,0,0,0,2,0,2,0,4,4,0,11,15,3,12,7,6,3,3,9,4,0,4,0,0,0,0,0,3,2,1,4,0,0,0,0,0,0,0,0,4,0,4,0,0,0,0,0,0,0,0,0,4,2,2,5,0,0,0,0,1,0,1,0,1,0,1,0,0,0,0,0,3,2,2,1,0,0,2,1,0,0,0.2916666666666667,0.21428571428571427,0.4,0.6666666666666666,0.375,0.0,0.7898894154818326,0.4166666666666667,0.5,0.5,0.5,0.7,1.3786764705882353,0.4166666666666667,0.14285714285714285,0.16666666666666666,0.0,0.14285714285714285,0.2857142857142857,0.5833333333333334,0.17647058823529413,0.15384615384615385,0.25,0.20588235294117646,0.447427293064877,0.7391304347826086,0.6666666666666666,1.0,0.6,0.9166666666666666,1.8333333333333333,0.2608695652173913,0.0,0.08333333333333333,0.0,,0.0,,0.0,0.08333333333333333,0.0,1.0,0.16666666666666666,2.75,0.2,0.625,0.4666666666666667,0.5,0.25,1.5,0.0,0.16666666666666666,0.0,,0.0,,0.6666666666666666,0.125,1.3333333333333333,,0.0,,,0.0,,0.0,0.16666666666666666,0.0,,0.0,,,0.0,,0.5,0.16666666666666666,1.25,,0.0,,0.0,0.041666666666666664,0.0,0.0,0.041666666666666664,0.0,,0.0,,1,0,0.0,0.041666666666666664,7,2,0.2857142857142857,0.2916666666666667,6,1,0.16666666666666666,0.25,9,4,0.4444444444444444,0.375,2,2,0,6,1.0,0.08333333333333333,3.0,1,1,0,3,1.0,0.041666666666666664,3.0,0,0,0,0,,0.0,,6,1,5,3,0.16666666666666666,0.25,0.5,0,0,0,0,,0.0,,100
8,Liga ACB,51,2025-2026,34896,Usman Garuba Alari,1338,Real Madrid,26,87,2,85,55,1,54,19,6,140,34,5,4.3229408896366825,52,2,50,32,1,31,65,28,0,28,17,0,17,34,60,1,59,32,1,31,65,26,1,25,22,0,22,44,54,42,12,84,27,10,17,20,3,1,2,2,0,0,0,0,2,1,1,3,0,0,0,0,0,0,0,0,1,1,0,2,17,13,4,27,5,0,5,0,6,5,1,10,20,17,3,34,38,19,19,38,5,1,4,3,1,1,0,2,10,10,0,20,1,0,1,0,0,0,0,0,2,1,1,2,60,37,23,74,0,0,0,0,0,0,0,0,0,0,0,0,0,0,0,0,1,0,1,0,0,0,0,0,6,4,2,8,40,29,8,5,19,14,28,19,4,4,0.632183908045977,0.6352941176470588,0.5,0.725,0.6379310344827587,0.3157894736842105,1.338432122370937,0.022988505747126436,0.6153846153846154,0.62,0.5,0.625,1.260806916426513,0.65,0.6071428571428571,0.6071428571428571,,0.6071428571428571,1.3201320132013201,0.35,0.5333333333333333,0.5254237288135594,1.0,0.5416666666666666,1.1615044247787611,0.6976744186046512,0.8461538461538461,0.88,0.0,0.8461538461538461,1.7291066282420748,0.3023255813953488,0.7647058823529411,0.19540229885057472,1.588235294117647,0.0,0.05747126436781609,0.0,0.8333333333333334,0.06896551724137931,1.6666666666666667,0.85,0.22988505747126436,1.7,0.5,0.4367816091954023,1.0,0.2,0.05747126436781609,0.6,1.0,0.011494252873563218,2.0,1.0,0.11494252873563218,2.0,0.0,0.011494252873563218,0.0,,0.0,,0.5,0.022988505747126436,1.0,0.6166666666666667,0.6896551724137931,1.2333333333333334,,0.0,,,0.0,,,0.0,,,0.0,,0.0,0.011494252873563218,0.0,,0.0,,0.6666666666666666,0.06896551724137931,1.3333333333333333,54,42,0.7777777777777778,0.6206896551724138,27,10,0.37037037037037035,0.3103448275862069,3,1,0.3333333333333333,0.034482758620689655,2,1,0.5,0.022988505747126436,0,0,0,0,,0.0,,0,0,0,0,,0.0,,0,0,0,0,,0.0,,1,1,0,3,1.0,0.011494252873563218,3.0,1,0,1,0,0.0,0.011494252873563218,0.0,676
8,Liga ACB,51,2025-2026,34898,Luka Samanic,1326,Bitci Baskonia,2,18,8,10,10,3,7,7,1,38,7,0,12.247902431826034,11,7,4,7,3,4,17,7,1,6,3,0,3,6,9,5,4,4,3,1,11,8,2,6,6,0,6,12,8,6,2,12,2,1,1,2,0,0,0,0,0,0,0,0,7,3,4,9,0,0,0,0,0,0,0,0,1,0,1,0,2,2,0,6,0,0,0,0,0,0,0,0,8,6,2,12,7,2,5,5,4,3,1,9,1,0,1,0,0,0,0,0,1,0,1,0,0,0,0,0,0,0,0,0,8,6,2,12,0,0,0,0,1,1,0,2,2,0,2,0,0,0,0,0,0,0,0,0,0,0,0,0,0,0,0,0,17,15,2,2,11,9,10,9,3,2,0.5555555555555556,0.7,0.375,0.8823529411764706,0.6388888888888888,0.14285714285714285,1.4913657770800628,0.4444444444444444,0.6363636363636364,1.0,0.42857142857142855,0.7727272727272727,1.5993265993265993,0.6111111111111112,0.42857142857142855,0.5,0.0,0.42857142857142855,1.2668918918918919,0.3888888888888889,0.4444444444444444,0.25,0.6,0.6111111111111112,1.4925373134328357,0.5294117647058824,0.75,1.0,0.0,0.75,1.502145922746781,0.47058823529411764,1.0,0.1111111111111111,3.0,,0.0,,,0.0,,0.75,0.4444444444444444,1.5,0.2857142857142857,0.3888888888888889,0.7142857142857143,0.75,0.2222222222222222,2.25,0.0,0.05555555555555555,0.0,,0.0,,0.0,0.05555555555555555,0.0,,0.0,,,0.0,,0.75,0.4444444444444444,1.5,,0.0,,1.0,0.05555555555555555,2.0,0.0,0.1111111111111111,0.0,,0.0,,,0.0,,,0.0,,,0.0,,8,6,0.75,0.4444444444444444,2,1,0.5,0.1111111111111111,0,0,,0.0,7,3,0.42857142857142855,0.3888888888888889,0,0,0,0,,0.0,,0,0,0,0,,0.0,,2,2,0,6,1.0,0.1111111111111111,3.0,3,1,2,3,0.3333333333333333,0.16666666666666666,1.0,2,0,2,0,0.0,0.1111111111111111,0.0,99
8,Liga ACB,51,2025-2026,34905,Henri Drell,1336,Club Joventut Badalona,32,122,51,71,52,11,41,23,5,151,31,5,13.010544959096173,77,46,31,32,11,21,75,36,2,34,16,0,16,32,79,30,49,32,7,25,71,38,19,19,19,4,15,42,41,26,15,52,22,12,10,24,5,2,3,4,20,5,15,15,27,6,21,18,0,0,0,0,2,0,2,0,5,1,4,2,35,14,21,33,4,0,4,0,4,4,0,8,34,15,19,34,40,18,22,38,34,10,24,29,6,2,4,4,8,7,1,14,1,0,1,0,0,0,0,0,2,0,2,0,49,29,20,58,0,0,0,0,0,0,0,0,11,2,9,6,2,1,1,2,2,0,2,0,1,0,1,0,1,0,1,0,47,36,18,13,18,14,38,29,3,3,0.4262295081967213,0.5774647887323944,0.21568627450980393,0.7659574468085106,0.4713114754098361,0.21739130434782608,1.0583123072610037,0.4180327868852459,0.4155844155844156,0.6774193548387096,0.2391304347826087,0.487012987012987,1.0362694300518134,0.6814159292035398,0.4444444444444444,0.47058823529411764,0.0,0.4444444444444444,1.04735883424408,0.3185840707964602,0.4050632911392405,0.5102040816326531,0.23333333333333334,0.44936708860759494,1.0447137484329294,0.6752136752136753,0.5,0.7894736842105263,0.21052631578947367,0.5526315789473685,1.1444557477110886,0.3247863247863248,0.4,0.28688524590163933,0.9428571428571428,0.0,0.03278688524590164,0.0,1.0,0.03278688524590164,2.0,0.4411764705882353,0.2786885245901639,1.0,0.45,0.32786885245901637,0.95,0.29411764705882354,0.2786885245901639,0.8529411764705882,0.3333333333333333,0.04918032786885246,0.6666666666666666,0.875,0.06557377049180328,1.75,0.0,0.00819672131147541,0.0,,0.0,,0.0,0.01639344262295082,0.0,0.5918367346938775,0.4016393442622951,1.183673469387755,,0.0,,,0.0,,0.18181818181818182,0.09016393442622951,0.5454545454545454,0.5,0.01639344262295082,1.0,0.0,0.01639344262295082,0.0,0.0,0.00819672131147541,0.0,0.0,0.00819672131147541,0.0,41,26,0.6341463414634146,0.3360655737704918,22,12,0.5454545454545454,0.18032786885245902,5,2,0.4,0.040983606557377046,47,11,0.23404255319148937,0.38524590163934425,11,2,9,6,0.18181818181818182,0.09016393442622951,0.5454545454545454,9,3,6,9,0.3333333333333333,0.07377049180327869,1.0,10,2,8,6,0.2,0.08196721311475409,0.6,10,3,7,9,0.3,0.08196721311475409,0.9,7,1,6,3,0.14285714285714285,0.05737704918032787,0.42857142857142855,791
8,Liga ACB,51,2025-2026,34909,Kobi Simmons,1326,Bitci Baskonia,24,202,82,120,109,36,73,25,12,300,44,6,12.817663575612604,75,54,21,38,23,15,99,121,26,95,66,12,54,144,139,56,83,67,23,44,157,57,22,35,39,11,28,89,58,44,14,88,47,21,26,42,13,7,6,14,19,6,13,18,58,28,30,84,1,0,1,0,0,0,0,0,6,3,3,8,58,26,32,67,5,0,5,0,9,6,3,15,48,33,15,74,76,41,35,90,40,18,22,54,30,16,14,42,8,8,0,16,19,6,13,12,1,0,1,0,1,1,0,2,76,47,29,94,1,1,0,2,2,1,1,2,15,5,10,15,1,1,0,2,1,1,0,3,0,0,0,0,1,1,0,2,58,46,3,3,34,28,25,20,9,8,0.5396039603960396,0.6083333333333333,0.43902439024390244,0.7931034482758621,0.6287128712871287,0.48,1.3185654008438819,0.40594059405940597,0.5066666666666667,0.7142857142857143,0.42592592592592593,0.66,1.3364779874213837,0.3826530612244898,0.5454545454545454,0.5684210526315789,0.46153846153846156,0.5950413223140496,1.2650779641070902,0.6173469387755102,0.48201438848920863,0.5301204819277109,0.4107142857142857,0.564748201438849,1.18,0.7091836734693877,0.6842105263157895,0.8,0.5,0.7807017543859649,1.5912073490813647,0.29081632653061223,0.4482758620689655,0.2871287128712871,1.1551724137931034,0.0,0.024752475247524754,0.0,0.6666666666666666,0.04455445544554455,1.6666666666666667,0.6875,0.2376237623762376,1.5416666666666667,0.5394736842105263,0.37623762376237624,1.1842105263157894,0.45,0.19801980198019803,1.35,0.5333333333333333,0.1485148514851485,1.4,1.0,0.039603960396039604,2.0,0.3157894736842105,0.09405940594059406,0.631578947368421,0.0,0.0049504950495049506,0.0,1.0,0.0049504950495049506,2.0,0.618421052631579,0.37623762376237624,1.236842105263158,1.0,0.0049504950495049506,2.0,0.5,0.009900990099009901,1.0,0.3333333333333333,0.07425742574257425,1.0,1.0,0.0049504950495049506,2.0,1.0,0.0049504950495049506,3.0,,0.0,,1.0,0.0049504950495049506,2.0,58,44,0.7586206896551724,0.2871287128712871,47,21,0.44680851063829785,0.23267326732673269,13,7,0.5384615384615384,0.06435643564356436,77,34,0.44155844155844154,0.3811881188118812,10,3,7,9,0.3,0.04950495049504951,0.9,9,3,6,9,0.3333333333333333,0.04455445544554455,1.0,17,11,6,33,0.6470588235294118,0.08415841584158416,1.9411764705882353,25,7,18,21,0.28,0.12376237623762376,0.84,16,10,6,30,0.625,0.07920792079207921,1.875,1052
8,Liga ACB,51,2025-2026,34919,Theo Maledon,1338,Real Madrid,28,149,44,105,68,15,53,52,16,256,15,7,10.765024772839915,26,21,5,13,9,4,35,122,23,99,54,6,48,114,119,31,88,47,9,38,103,28,12,16,19,5,14,43,39,19,20,38,59,30,29,60,6,3,3,6,7,2,5,6,35,12,23,36,0,0,0,0,1,0,1,0,2,2,0,5,37,14,23,34,7,0,7,0,8,5,3,11,20,14,6,32,75,33,42,69,10,5,5,15,27,9,18,22,2,1,1,2,13,7,6,14,0,0,0,0,3,1,2,2,77,37,40,74,0,0,0,0,0,0,0,0,11,4,7,12,0,0,0,0,1,1,0,3,2,0,2,0,1,1,0,2,123,105,2,2,85,71,73,61,14,12,0.4563758389261745,0.5047619047619047,0.3409090909090909,0.8536585365853658,0.5067114093959731,0.3076923076923077,1.260338716029933,0.2953020134228188,0.5,0.8,0.42857142857142855,0.6730769230769231,1.3764880952380953,0.17567567567567569,0.4426229508196721,0.48484848484848486,0.2608695652173913,0.4672131147540984,1.1606022584692597,0.8243243243243243,0.3949579831932773,0.4318181818181818,0.2903225806451613,0.4327731092436975,1.085230280571731,0.8095238095238095,0.6785714285714286,0.875,0.4166666666666667,0.7678571428571429,1.6100702576112413,0.19047619047619047,0.3783783783783784,0.2483221476510067,0.918918918918919,0.0,0.04697986577181208,0.0,0.625,0.053691275167785234,1.375,0.7,0.1342281879194631,1.6,0.44,0.5033557046979866,0.92,0.5,0.06711409395973154,1.5,0.3333333333333333,0.18120805369127516,0.8148148148148148,0.5,0.013422818791946308,1.0,0.5384615384615384,0.087248322147651,1.0769230769230769,,0.0,,0.3333333333333333,0.020134228187919462,0.6666666666666666,0.4805194805194805,0.5167785234899329,0.961038961038961,,0.0,,,0.0,,0.36363636363636365,0.0738255033557047,1.0909090909090908,,0.0,,1.0,0.006711409395973154,3.0,0.0,0.013422818791946308,0.0,1.0,0.006711409395973154,2.0,39,19,0.48717948717948717,0.26174496644295303,59,30,0.5084745762711864,0.3959731543624161,6,3,0.5,0.040268456375838924,42,14,0.3333333333333333,0.28187919463087246,4,2,2,6,0.5,0.026845637583892617,1.5,3,0,3,0,0.0,0.020134228187919462,0.0,11,4,7,12,0.36363636363636365,0.0738255033557047,1.0909090909090908,18,5,13,15,0.2777777777777778,0.12080536912751678,0.8333333333333334,6,3,3,9,0.5,0.040268456375838924,1.5,1094
8,Liga ACB,51,2025-2026,34943,Ricky Rubio,1336,Club Joventut Badalona,29,270,101,169,108,30,78,60,9,395,36,9,14.901077458755884,59,50,9,24,22,2,70,200,45,155,80,7,73,167,184,68,116,74,22,52,170,83,31,52,33,8,25,74,28,15,13,30,63,33,30,66,77,29,48,58,28,10,18,30,69,20,49,60,0,0,0,0,2,0,2,0,3,1,2,2,58,26,32,60,9,0,9,0,21,8,13,17,62,25,37,57,117,48,69,110,38,18,20,54,91,32,59,72,1,1,0,2,33,16,17,32,1,0,1,0,2,1,1,2,67,30,37,60,4,2,2,4,0,0,0,0,18,5,13,14,5,1,4,2,4,1,3,2,3,0,3,0,0,0,0,0,181,149,7,5,102,85,95,79,18,15,0.4,0.46153846153846156,0.297029702970297,0.8232044198895028,0.45555555555555555,0.15,1.1297334401098273,0.37407407407407406,0.4067796610169492,0.2222222222222222,0.44,0.5932203389830508,1.2081185567010309,0.2277992277992278,0.4,0.47096774193548385,0.15555555555555556,0.4175,1.0290754655341392,0.7722007722007722,0.40217391304347827,0.4482758620689655,0.3235294117647059,0.46195652173913043,1.1027457927369353,0.6891385767790262,0.39759036144578314,0.4807692307692308,0.25806451612903225,0.4457831325301205,0.9788825340959084,0.31086142322097376,0.4482758620689655,0.21481481481481482,1.0344827586206897,0.0,0.03333333333333333,0.0,0.38095238095238093,0.07777777777777778,0.8095238095238095,0.4032258064516129,0.22962962962962963,0.9193548387096774,0.41025641025641024,0.43333333333333335,0.9401709401709402,0.47368421052631576,0.14074074074074075,1.4210526315789473,0.3516483516483517,0.337037037037037,0.7912087912087912,1.0,0.003703703703703704,2.0,0.48484848484848486,0.12222222222222222,0.9696969696969697,0.0,0.003703703703703704,0.0,0.5,0.007407407407407408,1.0,0.44776119402985076,0.24814814814814815,0.8955223880597015,0.5,0.014814814814814815,1.0,,0.0,,0.2777777777777778,0.06666666666666667,0.7777777777777778,0.2,0.018518518518518517,0.4,0.25,0.014814814814814815,0.5,0.0,0.011111111111111112,0.0,,0.0,,28,15,0.5357142857142857,0.1037037037037037,63,33,0.5238095238095238,0.23333333333333334,77,29,0.37662337662337664,0.2851851851851852,97,30,0.30927835051546393,0.3592592592592593,22,9,13,27,0.4090909090909091,0.08148148148148149,1.2272727272727273,6,1,5,3,0.16666666666666666,0.022222222222222223,0.5,21,7,14,21,0.3333333333333333,0.07777777777777778,1.0,32,6,26,18,0.1875,0.11851851851851852,0.5625,16,7,9,21,0.4375,0.05925925925925926,1.3125,1248
8,Liga ACB,51,2025-2026,34945,Raul Neto,1316,San Pablo Burgos,30,234,77,157,105,30,75,27,4,307,41,8,12.35133961469044,56,44,12,28,18,10,74,161,30,131,66,11,55,143,159,45,114,61,15,46,137,65,26,39,38,13,25,89,59,38,21,76,74,24,50,48,20,9,11,18,12,5,7,15,56,23,33,69,2,0,2,0,1,0,1,0,10,6,4,14,60,29,31,69,8,0,8,0,19,8,11,18,46,30,16,71,91,32,59,68,30,14,16,42,58,21,37,52,0,0,0,0,8,2,6,4,3,0,3,0,7,4,3,8,86,46,40,92,2,0,2,0,1,1,0,2,11,4,7,12,5,2,3,4,0,0,0,0,10,4,6,8,3,1,2,2,83,67,6,5,39,29,45,34,3,3,0.44871794871794873,0.47770700636942676,0.38961038961038963,0.8072289156626506,0.5128205128205128,0.14814814814814814,1.1348513973088867,0.32905982905982906,0.5,0.8333333333333334,0.4090909090909091,0.6607142857142857,1.3472032742155524,0.25806451612903225,0.40993788819875776,0.4198473282442748,0.36666666666666664,0.4440993788819876,0.9654243376740009,0.7419354838709677,0.3836477987421384,0.40350877192982454,0.3333333333333333,0.4308176100628931,0.9563758389261744,0.7098214285714286,0.5846153846153846,0.6410256410256411,0.5,0.6846153846153846,1.3872135102533174,0.29017857142857145,0.48333333333333334,0.2564102564102564,1.15,0.0,0.03418803418803419,0.0,0.42105263157894735,0.0811965811965812,0.9473684210526315,0.6521739130434783,0.19658119658119658,1.5434782608695652,0.3516483516483517,0.3888888888888889,0.7472527472527473,0.4666666666666667,0.1282051282051282,1.4,0.3620689655172414,0.24786324786324787,0.896551724137931,,0.0,,0.25,0.03418803418803419,0.5,0.0,0.01282051282051282,0.0,0.5714285714285714,0.029914529914529916,1.1428571428571428,0.5348837209302325,0.36752136752136755,1.069767441860465,0.0,0.008547008547008548,0.0,1.0,0.004273504273504274,2.0,0.36363636363636365,0.04700854700854701,1.0909090909090908,0.4,0.021367521367521368,0.8,,0.0,,0.4,0.042735042735042736,0.8,0.3333333333333333,0.01282051282051282,0.6666666666666666,59,38,0.6440677966101694,0.25213675213675213,74,24,0.32432432432432434,0.3162393162393162,20,9,0.45,0.08547008547008547,68,28,0.4117647058823529,0.2905982905982906,7,3,4,9,0.42857142857142855,0.029914529914529916,1.2857142857142858,5,2,3,6,0.4,0.021367521367521368,1.2,31,15,16,45,0.4838709677419355,0.13247863247863248,1.4516129032258065,13,6,7,18,0.46153846153846156,0.05555555555555555,1.3846153846153846,12,2,10,6,0.16666666666666666,0.05128205128205128,0.5,1227
8,Liga ACB,51,2025-2026,34962,Willy Hernangomez,1340,BC Barcelona,33,158,2,156,104,0,104,44,13,288,67,10,4.898067283090195,70,1,69,55,0,55,110,69,1,68,36,0,36,72,114,0,114,71,0,71,142,42,2,40,31,0,31,62,86,64,22,128,60,33,27,66,8,5,3,10,0,0,0,0,2,0,2,0,0,0,0,0,0,0,0,0,2,2,0,4,33,25,8,50,10,0,10,0,12,9,3,18,30,22,8,44,71,46,25,92,4,1,3,2,3,1,2,2,13,12,1,24,6,5,1,10,0,0,0,0,20,7,13,14,94,64,30,128,0,0,0,0,3,2,1,4,2,1,1,2,0,0,0,0,1,1,0,2,0,0,0,0,10,8,2,16,112,80,24,18,39,26,62,45,7,3,0.6582278481012658,0.6666666666666666,0.0,0.7142857142857143,0.6582278481012658,0.29545454545454547,1.3894249324585102,0.012658227848101266,0.7857142857142857,0.7971014492753623,0.0,0.7857142857142857,1.5888778550148956,0.5035971223021583,0.5217391304347826,0.5294117647058824,0.0,0.5217391304347826,1.137418755803157,0.49640287769784175,0.6228070175438597,0.6228070175438597,,0.6228070175438597,1.3236126840317102,0.7307692307692307,0.7380952380952381,0.775,0.0,0.7380952380952381,1.4418811002661935,0.2692307692307692,0.7575757575757576,0.2088607594936709,1.5151515151515151,0.0,0.06329113924050633,0.0,0.75,0.0759493670886076,1.5,0.7333333333333333,0.189873417721519,1.4666666666666666,0.647887323943662,0.44936708860759494,1.295774647887324,0.25,0.02531645569620253,0.5,0.3333333333333333,0.0189873417721519,0.6666666666666666,0.9230769230769231,0.08227848101265822,1.8461538461538463,0.8333333333333334,0.0379746835443038,1.6666666666666667,,0.0,,0.35,0.12658227848101267,0.7,0.6808510638297872,0.5949367088607594,1.3617021276595744,,0.0,,0.6666666666666666,0.0189873417721519,1.3333333333333333,0.5,0.012658227848101266,1.0,,0.0,,1.0,0.006329113924050633,2.0,,0.0,,0.8,0.06329113924050633,1.6,86,64,0.7441860465116279,0.5443037974683544,60,33,0.55,0.379746835443038,8,5,0.625,0.05063291139240506,2,0,0.0,0.012658227848101266,0,0,0,0,,0.0,,0,0,0,0,,0.0,,0,0,0,0,,0.0,,1,0,1,0,0.0,0.006329113924050633,0.0,1,0,1,0,0.0,0.006329113924050633,0.0,996
8,Liga ACB,51,2025-2026,34982,Facundo Campazzo,1338,Real Madrid,28,197,119,78,83,38,45,20,7,265,23,4,17.148405293781202,54,52,2,16,14,2,46,135,63,72,62,22,40,146,113,65,48,41,14,27,96,78,49,29,39,21,18,99,24,16,8,32,49,26,23,52,4,3,1,6,15,4,11,12,99,31,68,93,0,0,0,0,0,0,0,0,6,3,3,9,56,24,32,57,4,0,4,0,18,11,7,28,60,28,32,71,53,17,36,39,30,8,22,24,61,24,37,68,0,0,0,0,15,8,7,16,0,0,0,0,1,1,0,2,52,32,20,64,0,0,0,0,0,0,0,0,22,6,16,18,1,0,1,0,3,1,2,3,6,0,6,0,0,0,0,0,68,61,0,0,28,24,32,28,1,0,0.4213197969543147,0.5769230769230769,0.31932773109243695,0.8970588235294118,0.5177664974619289,0.35,1.1678124449145073,0.6040609137055838,0.2962962962962963,1.0,0.2692307692307692,0.42592592592592593,0.8518518518518519,0.2857142857142857,0.45925925925925926,0.5555555555555556,0.3492063492063492,0.5407407407407407,1.1539505837632364,0.7142857142857143,0.36283185840707965,0.5625,0.2153846153846154,0.4247787610619469,0.9757632987094743,0.5916230366492147,0.5,0.6206896551724138,0.42857142857142855,0.6346153846153846,1.262111167771545,0.4083769633507853,0.42857142857142855,0.28426395939086296,1.0178571428571428,0.0,0.02030456852791878,0.0,0.6111111111111112,0.09137055837563451,1.5555555555555556,0.4666666666666667,0.30456852791878175,1.1833333333333333,0.32075471698113206,0.26903553299492383,0.7358490566037735,0.26666666666666666,0.15228426395939088,0.8,0.39344262295081966,0.3096446700507614,1.1147540983606556,,0.0,,0.5333333333333333,0.07614213197969544,1.0666666666666667,,0.0,,1.0,0.005076142131979695,2.0,0.6153846153846154,0.2639593908629442,1.2307692307692308,,0.0,,,0.0,,0.2727272727272727,0.1116751269035533,0.8181818181818182,0.0,0.005076142131979695,0.0,0.3333333333333333,0.015228426395939087,1.0,0.0,0.030456852791878174,0.0,,0.0,,24,16,0.6666666666666666,0.1218274111675127,49,26,0.5306122448979592,0.24873096446700507,4,3,0.75,0.02030456852791878,114,35,0.30701754385964913,0.5786802030456852,8,2,6,6,0.25,0.04060913705583756,0.75,7,2,5,6,0.2857142857142857,0.03553299492385787,0.8571428571428571,23,8,15,24,0.34782608695652173,0.116751269035533,1.0434782608695652,49,13,36,39,0.2653061224489796,0.24873096446700507,0.7959183673469388,27,10,17,30,0.37037037037037035,0.13705583756345177,1.1111111111111112,1207
8,Liga ACB,51,2025-2026,34992,Timothe Luwawu-Cabarrot,1326,Bitci Baskonia,30,373,207,166,172,81,91,45,9,558,103,11,16.240989228801688,178,157,21,88,68,20,244,177,42,135,78,10,68,166,299,165,134,138,66,72,342,67,37,30,32,13,19,77,76,52,24,104,47,21,26,42,41,18,23,36,56,28,28,84,140,51,89,153,0,0,0,0,6,0,6,0,7,2,5,6,109,57,52,152,11,0,11,0,21,9,12,20,46,23,23,57,179,81,98,190,91,41,50,122,87,26,61,61,3,2,1,4,4,2,2,4,2,0,2,0,2,0,2,0,89,59,30,118,2,1,1,2,1,1,0,2,65,28,37,84,7,5,2,10,2,1,1,2,7,3,4,8,4,1,3,2,147,133,26,25,59,54,76,70,15,15,0.46112600536193027,0.5481927710843374,0.391304347826087,0.9047619047619048,0.5697050938337802,0.2,1.2749040394808993,0.5549597855227882,0.4943820224719101,0.9523809523809523,0.43312101910828027,0.6853932584269663,1.4199746621621623,0.5014084507042254,0.4406779661016949,0.5037037037037037,0.23809523809523808,0.4689265536723164,1.0839574300354748,0.49859154929577465,0.46153846153846156,0.5373134328358209,0.4,0.5719063545150501,1.239321381301889,0.8169398907103825,0.47761194029850745,0.6333333333333333,0.35135135135135137,0.5746268656716418,1.25,0.1830601092896175,0.5229357798165137,0.29222520107238603,1.3944954128440368,0.0,0.029490616621983913,0.0,0.42857142857142855,0.05630026809651475,0.9523809523809523,0.5,0.12332439678284182,1.2391304347826086,0.45251396648044695,0.47989276139410186,1.0614525139664805,0.45054945054945056,0.24396782841823056,1.3406593406593406,0.2988505747126437,0.23324396782841822,0.7011494252873564,0.6666666666666666,0.00804289544235925,1.3333333333333333,0.5,0.010723860589812333,1.0,0.0,0.005361930294906166,0.0,0.0,0.005361930294906166,0.0,0.6629213483146067,0.2386058981233244,1.3258426966292134,0.5,0.005361930294906166,1.0,1.0,0.002680965147453083,2.0,0.4307692307692308,0.1742627345844504,1.2923076923076924,0.7142857142857143,0.01876675603217158,1.4285714285714286,0.5,0.005361930294906166,1.0,0.42857142857142855,0.01876675603217158,1.1428571428571428,0.25,0.010723860589812333,0.5,76,52,0.6842105263157895,0.2037533512064343,47,21,0.44680851063829785,0.1260053619302949,41,18,0.43902439024390244,0.10991957104557641,196,79,0.4030612244897959,0.5254691689008043,31,13,18,39,0.41935483870967744,0.08310991957104558,1.2580645161290323,25,15,10,45,0.6,0.06702412868632708,1.8,35,9,26,27,0.2571428571428571,0.0938337801608579,0.7714285714285715,60,24,36,72,0.4,0.16085790884718498,1.2,45,18,27,54,0.4,0.12064343163538874,1.2,1413
8,Liga ACB,51,2025-2026,35009,Tomas Satoransky,1340,BC Barcelona,23,119,58,61,54,23,31,9,1,150,14,2,16.578113139885748,42,35,7,15,11,4,41,74,23,51,39,12,27,90,79,33,46,35,14,21,84,35,21,14,17,7,10,41,15,10,5,20,28,13,15,26,17,8,9,16,5,0,5,0,46,21,25,63,2,0,2,0,1,0,1,0,5,2,3,6,34,13,21,33,2,0,2,0,6,2,4,5,29,15,14,36,43,22,21,51,26,8,18,24,40,19,21,48,1,1,0,2,4,0,4,0,3,0,3,0,10,7,3,14,17,11,6,22,0,0,0,0,0,0,0,0,5,2,3,6,4,2,2,4,1,0,1,0,2,1,1,3,1,1,0,2,28,19,2,1,11,10,13,11,2,0,0.453781512605042,0.5081967213114754,0.39655172413793105,0.6785714285714286,0.5504201680672269,0.1111111111111111,1.142247943953701,0.48739495798319327,0.35714285714285715,0.5714285714285714,0.3142857142857143,0.4880952380952381,0.9794776119402985,0.3620689655172414,0.527027027027027,0.5294117647058824,0.5217391304347826,0.6081081081081081,1.2683916793505834,0.6379310344827587,0.4430379746835443,0.45652173913043476,0.42424242424242425,0.5316455696202531,1.1213408876298394,0.6929824561403509,0.4857142857142857,0.7142857142857143,0.3333333333333333,0.5857142857142857,1.1426978818283164,0.30701754385964913,0.38235294117647056,0.2857142857142857,0.9705882352941176,0.0,0.01680672268907563,0.0,0.3333333333333333,0.05042016806722689,0.8333333333333334,0.5172413793103449,0.24369747899159663,1.2413793103448276,0.5116279069767442,0.36134453781512604,1.186046511627907,0.3076923076923077,0.2184873949579832,0.9230769230769231,0.475,0.33613445378151263,1.2,1.0,0.008403361344537815,2.0,0.0,0.03361344537815126,0.0,0.0,0.025210084033613446,0.0,0.7,0.08403361344537816,1.4,0.6470588235294118,0.14285714285714285,1.2941176470588236,,0.0,,,0.0,,0.4,0.04201680672268908,1.2,0.5,0.03361344537815126,1.0,0.0,0.008403361344537815,0.0,0.5,0.01680672268907563,1.5,1.0,0.008403361344537815,2.0,15,10,0.6666666666666666,0.12605042016806722,28,13,0.4642857142857143,0.23529411764705882,17,8,0.47058823529411764,0.14285714285714285,51,21,0.4117647058823529,0.42857142857142855,3,0,3,0,0.0,0.025210084033613446,0.0,2,0,2,0,0.0,0.01680672268907563,0.0,15,8,7,24,0.5333333333333333,0.12605042016806722,1.6,22,10,12,30,0.45454545454545453,0.18487394957983194,1.3636363636363635,9,3,6,9,0.3333333333333333,0.07563025210084033,1.0,948
8,Liga ACB,51,2025-2026,35028,Matt Thomas,1319,Coviran Granada,14,144,91,53,66,42,24,8,1,205,49,3,20.375950904184418,81,64,17,41,32,9,114,57,24,33,21,8,13,50,105,67,38,41,26,15,108,36,22,14,24,15,9,63,8,6,2,12,10,4,6,8,34,14,20,28,13,6,7,18,74,33,41,99,1,1,0,3,1,1,0,3,3,1,2,3,49,21,28,58,3,0,3,0,7,4,3,9,29,20,9,54,53,20,33,50,23,13,10,39,49,22,27,53,0,0,0,0,3,1,2,2,0,0,0,0,0,0,0,0,13,7,6,14,0,0,0,0,0,0,0,0,48,21,27,60,0,0,0,0,2,0,2,0,2,1,1,3,1,0,1,0,35,31,6,4,8,8,9,7,7,7,0.4583333333333333,0.4528301886792453,0.46153846153846156,0.8857142857142857,0.6041666666666666,0.125,1.2860727728983687,0.6319444444444444,0.5061728395061729,0.5294117647058824,0.5,0.7037037037037037,1.4108082257293162,0.5869565217391305,0.3684210526315789,0.3939393939393939,0.3333333333333333,0.43859649122807015,0.9583608724388631,0.41304347826086957,0.3904761904761905,0.39473684210526316,0.3880597014925373,0.5142857142857142,1.0554331864904554,0.7446808510638298,0.6666666666666666,0.6428571428571429,0.6818181818181818,0.875,1.7911975435005119,0.2553191489361702,0.42857142857142855,0.3402777777777778,1.183673469387755,0.0,0.020833333333333332,0.0,0.5714285714285714,0.04861111111111111,1.2857142857142858,0.6896551724137931,0.2013888888888889,1.8620689655172413,0.37735849056603776,0.3680555555555556,0.9433962264150944,0.5652173913043478,0.1597222222222222,1.6956521739130435,0.4489795918367347,0.3402777777777778,1.0816326530612246,,0.0,,0.3333333333333333,0.020833333333333332,0.6666666666666666,,0.0,,,0.0,,0.5384615384615384,0.09027777777777778,1.0769230769230769,,0.0,,,0.0,,0.4375,0.3333333333333333,1.25,,0.0,,0.0,0.013888888888888888,0.0,0.5,0.013888888888888888,1.5,0.0,0.006944444444444444,0.0,8,6,0.75,0.05555555555555555,10,4,0.4,0.06944444444444445,34,14,0.4117647058823529,0.2361111111111111,87,39,0.4482758620689655,0.6041666666666666,7,2,5,6,0.2857142857142857,0.04861111111111111,0.8571428571428571,6,4,2,12,0.6666666666666666,0.041666666666666664,2.0,33,15,18,45,0.45454545454545453,0.22916666666666666,1.3636363636363635,18,4,14,12,0.2222222222222222,0.125,0.6666666666666666,23,14,9,42,0.6086956521739131,0.1597222222222222,1.826086956521739,749
8,Liga ACB,51,2025-2026,35056,Jabari Parker,1336,Club Joventut Badalona,12,123,43,80,58,13,45,13,2,150,35,5,13.873181266534298,66,36,30,34,13,21,81,49,7,42,19,0,19,38,87,25,62,43,10,33,96,35,18,17,14,3,11,31,28,22,6,44,24,10,14,20,27,12,15,24,18,4,14,12,24,9,15,27,1,0,1,0,0,0,0,0,1,1,0,2,36,24,12,56,5,0,5,0,9,1,8,2,26,13,13,29,46,19,27,40,36,15,21,41,25,7,18,14,3,3,0,6,5,3,2,6,1,0,1,0,7,4,3,8,31,18,13,36,0,0,0,0,1,1,0,2,9,4,5,10,0,0,0,0,2,0,2,0,0,0,0,0,2,2,0,4,31,21,12,7,11,8,20,13,5,3,0.4715447154471545,0.5625,0.3023255813953488,0.6774193548387096,0.524390243902439,0.15384615384615385,1.0977751756440282,0.34959349593495936,0.5151515151515151,0.7,0.3611111111111111,0.6136363636363636,1.2345679012345678,0.5739130434782609,0.3877551020408163,0.4523809523809524,0.0,0.3877551020408163,0.8543833580980683,0.4260869565217391,0.4942528735632184,0.532258064516129,0.4,0.5517241379310345,1.1377870563674322,0.7131147540983607,0.4,0.6470588235294118,0.16666666666666666,0.44285714285714284,0.9139784946236559,0.28688524590163933,0.6666666666666666,0.2926829268292683,1.5555555555555556,0.0,0.04065040650406504,0.0,0.1111111111111111,0.07317073170731707,0.2222222222222222,0.5,0.21138211382113822,1.1153846153846154,0.41304347826086957,0.37398373983739835,0.8695652173913043,0.4166666666666667,0.2926829268292683,1.1388888888888888,0.28,0.2032520325203252,0.56,1.0,0.024390243902439025,2.0,0.6,0.04065040650406504,1.2,0.0,0.008130081300813009,0.0,0.5714285714285714,0.056910569105691054,1.1428571428571428,0.5806451612903226,0.25203252032520324,1.1612903225806452,,0.0,,1.0,0.008130081300813009,2.0,0.4444444444444444,0.07317073170731707,1.1111111111111112,,0.0,,0.0,0.016260162601626018,0.0,,0.0,,1.0,0.016260162601626018,2.0,28,22,0.7857142857142857,0.22764227642276422,24,10,0.4166666666666667,0.1951219512195122,27,12,0.4444444444444444,0.21951219512195122,42,13,0.30952380952380953,0.34146341463414637,8,2,6,6,0.25,0.06504065040650407,0.75,10,2,8,6,0.2,0.08130081300813008,0.6,7,2,5,6,0.2857142857142857,0.056910569105691054,0.8571428571428571,9,4,5,12,0.4444444444444444,0.07317073170731707,1.3333333333333333,8,3,5,9,0.375,0.06504065040650407,1.125,538
8,Liga ACB,51,2025-2026,35062,Gabriel Deck,1338,Real Madrid,17,93,33,60,43,8,35,16,7,115,26,2,12.674912458314607,48,28,20,19,8,11,46,38,5,33,19,0,19,38,50,15,35,19,2,17,40,39,17,22,23,6,17,52,17,14,3,28,32,18,14,36,8,2,6,4,13,4,9,12,18,4,14,12,0,0,0,0,1,0,1,0,4,1,3,2,25,11,14,24,2,0,2,0,7,4,3,9,32,19,13,43,23,8,15,16,25,7,18,21,5,0,5,0,2,2,0,4,4,0,4,0,0,0,0,0,4,2,2,4,36,24,12,48,0,0,0,0,0,0,0,0,6,2,4,5,5,3,2,6,1,1,0,2,0,0,0,0,1,1,0,2,29,21,4,3,19,13,21,15,2,1,0.46236559139784944,0.5833333333333334,0.24242424242424243,0.7241379310344828,0.5053763440860215,0.4375,1.0873676248108926,0.3548387096774194,0.3958333333333333,0.55,0.2857142857142857,0.4791666666666667,0.9847266881028939,0.5581395348837209,0.5,0.5757575757575758,0.0,0.5,1.100086281276963,0.4418604651162791,0.38,0.4857142857142857,0.13333333333333333,0.4,0.9284267386900742,0.5617977528089888,0.5897435897435898,0.7727272727272727,0.35294117647058826,0.6666666666666666,1.328986960882648,0.43820224719101125,0.44,0.26881720430107525,0.96,0.0,0.021505376344086023,0.0,0.5714285714285714,0.07526881720430108,1.2857142857142858,0.59375,0.34408602150537637,1.34375,0.34782608695652173,0.24731182795698925,0.6956521739130435,0.28,0.26881720430107525,0.84,0.0,0.053763440860215055,0.0,1.0,0.021505376344086023,2.0,0.0,0.043010752688172046,0.0,,0.0,,0.5,0.043010752688172046,1.0,0.6666666666666666,0.3870967741935484,1.3333333333333333,,0.0,,,0.0,,0.3333333333333333,0.06451612903225806,0.8333333333333334,0.6,0.053763440860215055,1.2,1.0,0.010752688172043012,2.0,,0.0,,1.0,0.010752688172043012,2.0,17,14,0.8235294117647058,0.1827956989247312,32,18,0.5625,0.34408602150537637,8,2,0.25,0.08602150537634409,31,8,0.25806451612903225,0.3333333333333333,5,1,4,3,0.2,0.053763440860215055,0.6,8,3,5,9,0.375,0.08602150537634409,1.125,1,0,1,0,0.0,0.010752688172043012,0.0,5,1,4,3,0.2,0.053763440860215055,0.6,12,3,9,9,0.25,0.12903225806451613,0.75,698
8,Liga ACB,51,2025-2026,35077,Amida Brimah,1319,Coviran Granada,25,54,0,54,40,0,40,18,2,120,29,4,4.04256006987856,36,0,36,26,0,26,52,8,0,8,5,0,5,10,30,0,30,17,0,17,34,24,0,24,23,0,23,46,35,27,8,54,16,12,4,24,3,1,2,2,0,0,0,0,0,0,0,0,0,0,0,0,0,0,0,0,0,0,0,0,12,9,3,18,4,0,4,0,7,7,0,14,17,16,1,32,14,8,6,16,1,0,1,0,1,1,0,2,10,9,1,18,1,0,1,0,0,0,0,0,5,4,1,8,18,11,7,22,0,0,0,0,10,9,1,18,0,0,0,0,2,0,2,0,0,0,0,0,0,0,0,0,6,6,0,12,56,40,21,17,3,2,28,20,2,2,0.7407407407407407,0.7407407407407407,,0.7142857142857143,0.7407407407407407,0.1111111111111111,1.525940996948118,0.0,0.7222222222222222,0.7222222222222222,,0.7222222222222222,1.5251989389920424,0.8181818181818182,0.625,0.625,,0.625,1.2875536480686696,0.18181818181818182,0.5666666666666667,0.5666666666666667,,0.5666666666666667,1.275992438563327,0.5555555555555556,0.9583333333333334,0.9583333333333334,,0.9583333333333334,1.9292604501607717,0.4444444444444444,0.75,0.2222222222222222,1.5,0.0,0.07407407407407407,0.0,1.0,0.12962962962962962,2.0,0.9411764705882353,0.3148148148148148,1.8823529411764706,0.5714285714285714,0.25925925925925924,1.1428571428571428,0.0,0.018518518518518517,0.0,1.0,0.018518518518518517,2.0,0.9,0.18518518518518517,1.8,0.0,0.018518518518518517,0.0,,0.0,,0.8,0.09259259259259259,1.6,0.6111111111111112,0.3333333333333333,1.2222222222222223,,0.0,,0.9,0.18518518518518517,1.8,,0.0,,0.0,0.037037037037037035,0.0,,0.0,,,0.0,,1.0,0.1111111111111111,2.0,35,27,0.7714285714285715,0.6481481481481481,16,12,0.75,0.2962962962962963,3,1,0.3333333333333333,0.05555555555555555,0,0,,0.0,0,0,0,0,,0.0,,0,0,0,0,,0.0,,0,0,0,0,,0.0,,0,0,0,0,,0.0,,0,0,0,0,,0.0,,591
8,Liga ACB,51,2025-2026,35096,Rodions Kurucs,1326,Bitci Baskonia,24,163,76,87,75,32,43,20,8,214,45,7,14.18378899901946,84,55,29,42,25,17,109,68,18,50,29,7,22,65,107,44,63,42,16,26,100,48,27,21,30,14,16,74,34,21,13,42,44,20,24,40,6,1,5,2,4,1,3,3,66,29,37,87,0,0,0,0,1,0,1,0,8,3,5,8,43,22,21,57,6,0,6,0,9,6,3,14,39,24,15,60,58,20,38,43,36,17,19,51,22,6,16,17,1,1,0,2,11,2,9,4,0,0,0,0,11,4,7,8,49,31,18,62,0,0,0,0,1,1,0,2,17,6,11,18,1,0,1,0,1,1,0,3,1,1,0,3,4,2,2,4,52,32,1,0,31,18,28,17,6,2,0.4601226993865031,0.4942528735632184,0.42105263157894735,0.6153846153846154,0.558282208588957,0.4,1.1512803959543791,0.4662576687116564,0.5,0.5862068965517241,0.45454545454545453,0.6488095238095238,1.2908574135480815,0.5526315789473685,0.4264705882352941,0.44,0.3888888888888889,0.47794117647058826,1.0166585007349338,0.4473684210526316,0.3925233644859813,0.4126984126984127,0.36363636363636365,0.4672897196261682,0.9805564867582971,0.6903225806451613,0.625,0.7619047619047619,0.5185185185185185,0.7708333333333334,1.5007898894154819,0.3096774193548387,0.5116279069767442,0.26380368098159507,1.3255813953488371,0.0,0.03680981595092025,0.0,0.6666666666666666,0.05521472392638037,1.5555555555555556,0.6153846153846154,0.2392638036809816,1.5384615384615385,0.3448275862068966,0.3558282208588957,0.7413793103448276,0.4722222222222222,0.22085889570552147,1.4166666666666667,0.2727272727272727,0.13496932515337423,0.7727272727272727,1.0,0.006134969325153374,2.0,0.18181818181818182,0.06748466257668712,0.36363636363636365,,0.0,,0.36363636363636365,0.06748466257668712,0.7272727272727273,0.6326530612244898,0.3006134969325153,1.2653061224489797,,0.0,,1.0,0.006134969325153374,2.0,0.35294117647058826,0.10429447852760736,1.0588235294117647,0.0,0.006134969325153374,0.0,1.0,0.006134969325153374,3.0,1.0,0.006134969325153374,3.0,0.5,0.024539877300613498,1.0,34,21,0.6176470588235294,0.2085889570552147,44,20,0.45454545454545453,0.26993865030674846,6,1,0.16666666666666666,0.03680981595092025,70,30,0.42857142857142855,0.4294478527607362,3,1,2,3,0.3333333333333333,0.018404907975460124,1.0,1,0,1,0,0.0,0.006134969325153374,0.0,19,9,10,27,0.47368421052631576,0.1165644171779141,1.4210526315789473,14,8,6,24,0.5714285714285714,0.08588957055214724,1.7142857142857142,33,12,21,36,0.36363636363636365,0.20245398773006135,1.0909090909090908,991
8,Liga ACB,51,2025-2026,35125,Mario Hezonja,1338,Real Madrid,28,343,164,179,159,60,99,55,18,488,79,4,15.743295651303802,147,118,29,74,50,24,198,180,39,141,80,9,71,169,240,121,119,90,40,50,220,99,40,59,67,19,48,153,57,38,19,76,80,41,39,82,41,19,22,38,38,14,24,42,113,43,70,129,1,0,1,0,9,2,7,6,4,2,2,5,90,40,50,103,4,0,4,0,28,20,8,49,71,47,24,104,146,50,96,117,70,31,39,93,67,21,46,49,14,12,2,24,5,2,3,4,2,0,2,0,10,6,4,12,85,53,32,106,1,1,0,2,3,3,0,6,50,20,30,59,15,4,11,8,8,3,5,8,5,1,4,2,4,0,4,0,123,110,8,7,84,74,77,66,15,15,0.46355685131195334,0.553072625698324,0.36585365853658536,0.8943089430894309,0.5510204081632653,0.32727272727272727,1.2288477034649476,0.478134110787172,0.5034013605442177,0.8275862068965517,0.423728813559322,0.673469387755102,1.3619452564443262,0.44954128440366975,0.4444444444444444,0.5035460992907801,0.23076923076923078,0.46944444444444444,1.1200221238938053,0.5504587155963303,0.375,0.42016806722689076,0.3305785123966942,0.4583333333333333,1.0442529574996349,0.7079646017699115,0.6767676767676768,0.8135593220338984,0.475,0.7727272727272727,1.590909090909091,0.2920353982300885,0.4444444444444444,0.26239067055393583,1.1444444444444444,0.0,0.011661807580174927,0.0,0.7142857142857143,0.08163265306122448,1.75,0.6619718309859155,0.20699708454810495,1.4647887323943662,0.3424657534246575,0.42565597667638483,0.8013698630136986,0.44285714285714284,0.20408163265306123,1.3285714285714285,0.31343283582089554,0.19533527696793002,0.7313432835820896,0.8571428571428571,0.04081632653061224,1.7142857142857142,0.4,0.014577259475218658,0.8,0.0,0.0058309037900874635,0.0,0.6,0.029154518950437316,1.2,0.6235294117647059,0.2478134110787172,1.2470588235294118,1.0,0.0029154518950437317,2.0,1.0,0.008746355685131196,2.0,0.4,0.1457725947521866,1.18,0.26666666666666666,0.043731778425655975,0.5333333333333333,0.375,0.023323615160349854,1.0,0.2,0.014577259475218658,0.4,0.0,0.011661807580174927,0.0,57,38,0.6666666666666666,0.1661807580174927,80,41,0.5125,0.23323615160349853,41,19,0.4634146341463415,0.119533527696793,151,57,0.37748344370860926,0.4402332361516035,18,6,12,18,0.3333333333333333,0.052478134110787174,1.0,20,8,12,24,0.4,0.05830903790087463,1.2,31,12,19,36,0.3870967741935484,0.09037900874635568,1.1612903225806452,36,14,22,42,0.3888888888888889,0.10495626822157435,1.1666666666666667,46,17,29,51,0.3695652173913043,0.13411078717201166,1.108695652173913,1265
8,Liga ACB,51,2025-2026,35164,William Howard,1319,Coviran Granada,19,85,41,44,34,16,18,10,2,109,20,5,15.814571940751557,42,31,11,17,11,6,45,38,8,30,16,4,12,36,66,31,35,25,13,12,63,19,10,9,9,3,6,21,15,4,11,8,21,10,11,20,8,4,4,8,8,4,4,12,32,12,20,36,1,0,1,0,0,0,0,0,0,0,0,0,30,13,17,34,5,0,5,0,4,3,1,8,15,6,9,13,31,12,19,29,24,9,15,27,12,5,7,14,5,4,1,8,4,2,2,4,0,0,0,0,6,4,2,8,22,6,16,12,0,0,0,0,1,1,0,2,8,2,6,6,0,0,0,0,1,1,0,3,0,0,0,0,2,0,2,0,31,25,0,0,12,10,14,12,2,2,0.4,0.4090909090909091,0.3902439024390244,0.8064516129032258,0.49411764705882355,0.2,1.1050283860502839,0.4823529411764706,0.40476190476190477,0.5454545454545454,0.3548387096774194,0.5357142857142857,1.0714285714285714,0.525,0.42105263157894735,0.4,0.5,0.47368421052631576,1.0628465804066543,0.475,0.3787878787878788,0.34285714285714286,0.41935483870967744,0.4772727272727273,1.0393569844789357,0.7764705882352941,0.47368421052631576,0.6666666666666666,0.3,0.5526315789473685,1.1569416498993965,0.2235294117647059,0.43333333333333335,0.35294117647058826,1.1333333333333333,0.0,0.058823529411764705,0.0,0.75,0.047058823529411764,2.0,0.4,0.17647058823529413,0.8666666666666667,0.3870967741935484,0.36470588235294116,0.9354838709677419,0.375,0.2823529411764706,1.125,0.4166666666666667,0.1411764705882353,1.1666666666666667,0.8,0.058823529411764705,1.6,0.5,0.047058823529411764,1.0,,0.0,,0.6666666666666666,0.07058823529411765,1.3333333333333333,0.2727272727272727,0.25882352941176473,0.5454545454545454,,0.0,,1.0,0.011764705882352941,2.0,0.25,0.09411764705882353,0.75,,0.0,,1.0,0.011764705882352941,3.0,,0.0,,0.0,0.023529411764705882,0.0,15,4,0.26666666666666666,0.17647058823529413,21,10,0.47619047619047616,0.24705882352941178,8,4,0.5,0.09411764705882353,40,16,0.4,0.47058823529411764,6,4,2,12,0.6666666666666666,0.07058823529411765,2.0,2,0,2,0,0.0,0.023529411764705882,0.0,12,7,5,21,0.5833333333333334,0.1411764705882353,1.75,14,3,11,9,0.21428571428571427,0.16470588235294117,0.6428571428571429,6,2,4,6,0.3333333333333333,0.07058823529411765,1.0,640
8,Liga ACB,51,2025-2026,35222,Devin Robinson,1331,Casademont Zaragoza,31,310,31,279,180,10,170,51,18,444,97,6,10.065964243396067,123,29,94,77,10,67,164,168,1,167,90,0,90,180,207,21,186,101,7,94,209,103,10,93,79,3,76,161,78,63,15,126,109,61,48,122,92,46,46,92,6,3,3,9,25,7,18,21,0,0,0,0,0,0,0,0,0,0,0,0,66,35,31,74,6,0,6,0,33,23,10,46,70,56,14,115,135,66,69,135,32,12,20,33,67,28,39,56,35,34,1,68,13,7,6,14,0,0,0,0,18,7,11,14,78,54,24,108,2,0,2,0,11,9,2,18,17,8,9,17,12,5,7,10,8,4,4,8,2,1,1,2,15,11,4,22,108,74,21,12,55,39,73,51,7,3,0.5806451612903226,0.6093189964157706,0.3225806451612903,0.6851851851851852,0.5967741935483871,0.35294117647058826,1.2418885656746477,0.1,0.6260162601626016,0.7127659574468085,0.3448275862068966,0.6666666666666666,1.3309134906231095,0.422680412371134,0.5357142857142857,0.5389221556886228,0.0,0.5357142857142857,1.1394380853277837,0.5773195876288659,0.48792270531400966,0.5053763440860215,0.3333333333333333,0.5048309178743962,1.0873201739712277,0.667741935483871,0.7669902912621359,0.8172043010752689,0.3,0.7815533980582524,1.546003016591252,0.33225806451612905,0.5303030303030303,0.2129032258064516,1.121212121212121,0.0,0.01935483870967742,0.0,0.696969696969697,0.1064516129032258,1.393939393939394,0.8,0.22580645161290322,1.6428571428571428,0.4888888888888889,0.43548387096774194,1.0,0.375,0.1032258064516129,1.03125,0.417910447761194,0.2161290322580645,0.835820895522388,0.9714285714285714,0.11290322580645161,1.9428571428571428,0.5384615384615384,0.041935483870967745,1.0769230769230769,,0.0,,0.3888888888888889,0.05806451612903226,0.7777777777777778,0.6923076923076923,0.25161290322580643,1.3846153846153846,0.0,0.0064516129032258064,0.0,0.8181818181818182,0.035483870967741936,1.6363636363636365,0.47058823529411764,0.054838709677419356,1.0,0.4166666666666667,0.03870967741935484,0.8333333333333334,0.5,0.025806451612903226,1.0,0.5,0.0064516129032258064,1.0,0.7333333333333333,0.04838709677419355,1.4666666666666666,78,63,0.8076923076923077,0.25161290322580643,109,61,0.5596330275229358,0.35161290322580646,92,46,0.5,0.2967741935483871,31,10,0.3225806451612903,0.1,3,2,1,6,0.6666666666666666,0.00967741935483871,2.0,3,1,2,3,0.3333333333333333,0.00967741935483871,1.0,7,1,6,3,0.14285714285714285,0.02258064516129032,0.42857142857142855,7,2,5,6,0.2857142857142857,0.02258064516129032,0.8571428571428571,11,4,7,12,0.36363636363636365,0.035483870967741936,1.0909090909090908,1608
8,Liga ACB,51,2025-2026,35281,Ikenna Iroegbu,1325,Valencia BC,1,4,2,2,1,0,1,0,0,2,1,0,16.731331659512257,1,1,0,0,0,0,0,3,1,2,1,0,1,2,4,2,2,1,0,1,2,0,0,0,0,0,0,0,0,0,0,0,2,1,1,2,0,0,0,0,2,0,2,0,0,0,0,0,0,0,0,0,0,0,0,0,0,0,0,0,2,1,1,2,0,0,0,0,0,0,0,0,0,0,0,0,2,0,2,0,1,0,1,0,2,1,1,2,0,0,0,0,1,0,1,0,0,0,0,0,0,0,0,0,0,0,0,0,0,0,0,0,0,0,0,0,0,0,0,0,0,0,0,0,0,0,0,0,0,0,0,0,0,0,0,0,0,0,0,0,0,0,0,0,0,0,0.25,0.5,0.0,,0.25,,0.5,0.5,0.0,,0.0,0.0,0.0,0.25,0.3333333333333333,0.5,0.0,0.3333333333333333,0.6666666666666666,0.75,0.25,0.5,0.0,0.25,0.5,1.0,,,,,,0.0,0.5,0.5,1.0,,0.0,,,0.0,,,0.0,,0.0,0.5,0.0,0.0,0.25,0.0,0.5,0.5,1.0,,0.0,,0.0,0.25,0.0,,0.0,,,0.0,,,0.0,,,0.0,,,0.0,,,0.0,,,0.0,,,0.0,,,0.0,,,0.0,,0,0,,0.0,2,1,0.5,0.5,0,0,,0.0,2,0,0.0,0.5,1,0,1,0,0.0,0.25,0.0,1,0,1,0,0.0,0.25,0.0,0,0,0,0,,0.0,,0,0,0,0,,0.0,,0,0,0,0,,0.0,,8
8,Liga ACB,51,2025-2026,35326,James Webb,1339,Malaga,30,202,93,109,103,41,62,16,3,292,78,4,14.50206479421981,129,82,47,71,39,32,181,65,9,56,27,1,26,55,135,63,72,61,28,33,150,64,28,36,40,12,28,92,53,37,16,74,36,14,22,28,19,10,9,20,27,13,14,39,63,27,36,81,1,0,1,0,0,0,0,0,3,2,1,5,50,24,26,59,4,0,4,0,10,5,5,10,54,35,19,82,81,37,44,91,56,28,28,83,21,6,15,13,13,11,2,22,0,0,0,0,0,0,0,0,10,2,8,4,52,30,22,60,2,1,1,2,5,3,2,6,34,17,17,46,1,1,0,2,1,0,1,0,0,0,0,0,4,2,2,4,57,45,4,3,21,15,24,17,5,4,0.5099009900990099,0.5688073394495413,0.44086021505376344,0.7894736842105263,0.6113861386138614,0.1875,1.2858904350889553,0.4603960396039604,0.5503875968992248,0.6808510638297872,0.47560975609756095,0.7015503875968992,1.4071581523401653,0.6649484536082474,0.4153846153846154,0.4642857142857143,0.1111111111111111,0.4230769230769231,0.9428879310344829,0.33505154639175255,0.45185185185185184,0.4583333333333333,0.4444444444444444,0.5555555555555556,1.1472932124209947,0.678391959798995,0.625,0.7777777777777778,0.42857142857142855,0.71875,1.4501510574018126,0.32160804020100503,0.48,0.24752475247524752,1.18,0.0,0.019801980198019802,0.0,0.5,0.04950495049504951,1.0,0.6481481481481481,0.26732673267326734,1.5185185185185186,0.4567901234567901,0.400990099009901,1.123456790123457,0.5,0.27722772277227725,1.4821428571428572,0.2857142857142857,0.10396039603960396,0.6190476190476191,0.8461538461538461,0.06435643564356436,1.6923076923076923,,0.0,,,0.0,,0.2,0.04950495049504951,0.4,0.5769230769230769,0.25742574257425743,1.1538461538461537,0.5,0.009900990099009901,1.0,0.6,0.024752475247524754,1.2,0.5,0.16831683168316833,1.3529411764705883,1.0,0.0049504950495049506,2.0,0.0,0.0049504950495049506,0.0,,0.0,,0.5,0.019801980198019802,1.0,53,37,0.6981132075471698,0.2623762376237624,36,14,0.3888888888888889,0.1782178217821782,19,10,0.5263157894736842,0.09405940594059406,90,40,0.4444444444444444,0.44554455445544555,11,4,7,12,0.36363636363636365,0.054455445544554455,1.0909090909090908,16,9,7,27,0.5625,0.07920792079207921,1.6875,12,4,8,12,0.3333333333333333,0.0594059405940594,1.0,28,8,20,24,0.2857142857142857,0.13861386138613863,0.8571428571428571,23,15,8,45,0.6521739130434783,0.11386138613861387,1.9565217391304348,1161
8,Liga ACB,51,2025-2026,35376,Darrun Hilliard,1335,Bilbao Basket,31,318,168,150,125,55,70,39,8,389,59,11,17.04433499687058,108,82,26,48,31,17,127,200,84,116,73,24,49,170,238,126,112,84,40,44,208,73,41,32,37,14,23,88,49,28,21,56,59,25,34,50,36,14,22,28,23,11,12,33,138,43,95,129,2,0,2,0,4,0,4,0,7,4,3,9,77,37,40,95,10,0,10,0,22,8,14,20,51,29,22,68,151,47,104,113,36,14,22,40,94,30,64,80,2,2,0,4,17,5,12,10,4,0,4,0,4,1,3,2,83,43,40,86,0,0,0,0,0,0,0,0,51,20,31,58,2,2,0,4,8,3,5,9,10,1,9,3,0,0,0,0,104,84,11,8,56,43,65,49,4,4,0.39308176100628933,0.4666666666666667,0.3273809523809524,0.8076923076923077,0.47955974842767296,0.20512820512820512,1.069386408621069,0.5283018867924528,0.4444444444444444,0.6538461538461539,0.3780487804878049,0.5879629629629629,1.1963842609003899,0.35064935064935066,0.365,0.4224137931034483,0.2857142857142857,0.425,0.9481837606837608,0.6493506493506493,0.35294117647058826,0.39285714285714285,0.31746031746031744,0.4369747899159664,0.9639909977494373,0.7652733118971061,0.5068493150684932,0.71875,0.34146341463414637,0.6027397260273972,1.2306046013911183,0.2347266881028939,0.4805194805194805,0.24213836477987422,1.2337662337662338,0.0,0.031446540880503145,0.0,0.36363636363636365,0.06918238993710692,0.9090909090909091,0.5686274509803921,0.16037735849056603,1.3333333333333333,0.31125827814569534,0.4748427672955975,0.7483443708609272,0.3888888888888889,0.11320754716981132,1.1111111111111112,0.3191489361702128,0.29559748427672955,0.851063829787234,1.0,0.006289308176100629,2.0,0.29411764705882354,0.05345911949685535,0.5882352941176471,0.0,0.012578616352201259,0.0,0.25,0.012578616352201259,0.5,0.5180722891566265,0.2610062893081761,1.036144578313253,,0.0,,,0.0,,0.39215686274509803,0.16037735849056603,1.1372549019607843,1.0,0.006289308176100629,2.0,0.375,0.025157232704402517,1.125,0.1,0.031446540880503145,0.3,,0.0,,49,28,0.5714285714285714,0.1540880503144654,59,25,0.423728813559322,0.18553459119496854,36,14,0.3888888888888889,0.11320754716981132,161,54,0.33540372670807456,0.5062893081761006,9,6,3,18,0.6666666666666666,0.02830188679245283,2.0,14,5,9,15,0.35714285714285715,0.0440251572327044,1.0714285714285714,55,17,38,51,0.3090909090909091,0.17295597484276728,0.9272727272727272,48,16,32,48,0.3333333333333333,0.1509433962264151,1.0,35,10,25,30,0.2857142857142857,0.11006289308176101,0.8571428571428571,1361
8,Liga ACB,51,2025-2026,35386,Matthew Costello,1325,Valencia BC,28,162,101,61,77,38,39,18,9,208,67,6,17.089135344276905,137,97,40,64,38,26,166,22,4,18,11,0,11,22,114,74,40,46,26,20,118,46,27,19,29,12,17,70,38,29,9,58,15,8,7,16,6,0,6,0,24,10,14,30,77,28,49,84,0,0,0,0,0,0,0,0,2,2,0,4,62,24,38,66,6,0,6,0,9,5,4,12,37,24,13,58,46,22,24,52,87,37,50,111,5,0,5,0,12,10,2,20,2,1,1,2,0,0,0,0,1,0,1,0,35,23,12,46,1,0,1,0,1,1,0,2,15,2,13,5,0,0,0,0,0,0,0,0,0,0,0,0,1,1,0,2,35,16,14,7,6,3,22,10,3,2,0.47530864197530864,0.639344262295082,0.37623762376237624,0.45714285714285713,0.5925925925925926,0.5,1.1724915445321307,0.6234567901234568,0.46715328467153283,0.65,0.3917525773195876,0.6058394160583942,1.208438111204247,0.8616352201257862,0.5,0.6111111111111112,0.0,0.5,1.0146103896103895,0.13836477987421383,0.40350877192982454,0.5,0.35135135135135137,0.5175438596491229,1.034928848641656,0.7125,0.6304347826086957,0.8947368421052632,0.4444444444444444,0.7608695652173914,1.521555367709214,0.2875,0.3870967741935484,0.38271604938271603,1.064516129032258,0.0,0.037037037037037035,0.0,0.5555555555555556,0.05555555555555555,1.3333333333333333,0.6486486486486487,0.22839506172839505,1.5675675675675675,0.4782608695652174,0.2839506172839506,1.1304347826086956,0.42528735632183906,0.5370370370370371,1.2758620689655173,0.0,0.030864197530864196,0.0,0.8333333333333334,0.07407407407407407,1.6666666666666667,0.5,0.012345679012345678,1.0,,0.0,,0.0,0.006172839506172839,0.0,0.6571428571428571,0.21604938271604937,1.3142857142857143,0.0,0.006172839506172839,0.0,1.0,0.006172839506172839,2.0,0.13333333333333333,0.09259259259259259,0.3333333333333333,,0.0,,,0.0,,,0.0,,1.0,0.006172839506172839,2.0,38,29,0.7631578947368421,0.2345679012345679,15,8,0.5333333333333333,0.09259259259259259,6,0,0.0,0.037037037037037035,101,38,0.37623762376237624,0.6234567901234568,16,7,9,21,0.4375,0.09876543209876543,1.3125,8,3,5,9,0.375,0.04938271604938271,1.125,20,5,15,15,0.25,0.12345679012345678,0.75,29,10,19,30,0.3448275862068966,0.17901234567901234,1.0344827586206897,28,13,15,39,0.4642857142857143,0.1728395061728395,1.3928571428571428,959
8,Liga ACB,51,2025-2026,35402,Nico Brussino,1328,Dreamland Gran Canaria,32,252,155,97,107,52,55,34,10,338,65,10,18.090062319209355,130,103,27,61,41,20,163,112,48,64,42,10,32,94,178,114,64,67,36,31,170,66,36,30,39,16,23,94,35,28,7,56,46,24,22,48,13,2,11,4,19,7,12,21,128,44,84,132,1,0,1,0,2,1,1,3,8,1,7,2,91,36,55,93,10,0,10,0,18,10,8,26,48,29,19,68,77,31,46,77,62,26,36,78,51,13,38,35,11,11,0,22,4,0,4,0,0,0,0,0,4,1,3,2,55,34,21,68,1,0,1,0,0,0,0,0,46,17,29,49,1,1,0,2,3,0,3,0,5,2,3,6,1,1,0,2,89,72,9,9,49,41,53,45,5,5,0.4246031746031746,0.5670103092783505,0.33548387096774196,0.8089887640449438,0.5277777777777778,0.29411764705882354,1.1608737463937353,0.6150793650793651,0.46923076923076923,0.7407407407407407,0.39805825242718446,0.6269230769230769,1.283965362794864,0.5371900826446281,0.375,0.5,0.20833333333333334,0.41964285714285715,1.0107816711590296,0.4628099173553719,0.37640449438202245,0.484375,0.3157894736842105,0.47752808988764045,1.06795151996821,0.7295081967213115,0.5909090909090909,0.7666666666666667,0.4444444444444444,0.7121212121212122,1.4516129032258065,0.27049180327868855,0.3956043956043956,0.3611111111111111,1.021978021978022,0.0,0.03968253968253968,0.0,0.5555555555555556,0.07142857142857142,1.4444444444444444,0.6041666666666666,0.19047619047619047,1.4166666666666667,0.4025974025974026,0.3055555555555556,1.0,0.41935483870967744,0.24603174603174602,1.2580645161290323,0.2549019607843137,0.20238095238095238,0.6862745098039216,1.0,0.04365079365079365,2.0,0.0,0.015873015873015872,0.0,,0.0,,0.25,0.015873015873015872,0.5,0.6181818181818182,0.21825396825396826,1.2363636363636363,0.0,0.003968253968253968,0.0,,0.0,,0.3695652173913043,0.18253968253968253,1.065217391304348,1.0,0.003968253968253968,2.0,0.0,0.011904761904761904,0.0,0.4,0.01984126984126984,1.2,1.0,0.003968253968253968,2.0,35,28,0.8,0.1388888888888889,46,24,0.5217391304347826,0.18253968253968253,13,2,0.15384615384615385,0.051587301587301584,147,51,0.3469387755102041,0.5833333333333334,9,4,5,12,0.4444444444444444,0.03571428571428571,1.3333333333333333,10,3,7,9,0.3,0.03968253968253968,0.9,49,14,35,42,0.2857142857142857,0.19444444444444445,0.8571428571428571,42,14,28,42,0.3333333333333333,0.16666666666666666,1.0,37,16,21,48,0.43243243243243246,0.14682539682539683,1.2972972972972974,1598
8,Liga ACB,51,2025-2026,35475,Isaac Nogues,1325,Valencia BC,17,17,5,12,4,1,3,0,0,12,2,1,11.004756744089496,6,3,3,0,0,0,0,8,1,7,3,0,3,6,10,2,8,2,0,2,4,6,2,4,1,0,1,2,5,2,3,4,5,1,4,2,2,0,2,0,3,0,3,0,1,0,1,0,0,0,0,0,0,0,0,0,1,1,0,3,3,0,3,0,0,0,0,0,1,0,1,0,5,1,4,2,7,2,5,4,5,0,5,0,0,0,0,0,0,0,0,0,0,0,0,0,0,0,0,0,2,0,2,0,7,3,4,6,0,0,0,0,0,0,0,0,0,0,0,0,0,0,0,0,1,0,1,0,0,0,0,0,1,0,1,0,4,3,0,0,0,0,0,0,0,0,0.23529411764705882,0.25,0.2,0.75,0.2647058823529412,,0.6396588486140724,0.29411764705882354,0.0,0.0,0.0,0.0,0.0,0.42857142857142855,0.375,0.42857142857142855,0.0,0.375,0.75,0.5714285714285714,0.2,0.25,0.0,0.2,0.4,0.625,0.16666666666666666,0.25,0.0,0.16666666666666666,0.3333333333333333,0.375,0.0,0.17647058823529413,0.0,,0.0,,0.0,0.058823529411764705,0.0,0.2,0.29411764705882354,0.4,0.2857142857142857,0.4117647058823529,0.5714285714285714,0.0,0.29411764705882354,0.0,,0.0,,,0.0,,,0.0,,,0.0,,0.0,0.11764705882352941,0.0,0.42857142857142855,0.4117647058823529,0.8571428571428571,,0.0,,,0.0,,,0.0,,,0.0,,0.0,0.058823529411764705,0.0,,0.0,,0.0,0.058823529411764705,0.0,5,2,0.4,0.29411764705882354,5,1,0.2,0.29411764705882354,2,0,0.0,0.11764705882352941,4,0,0.0,0.23529411764705882,2,0,2,0,0.0,0.11764705882352941,0.0,1,0,1,0,0.0,0.058823529411764705,0.0,0,0,0,0,,0.0,,0,0,0,0,,0.0,,1,0,1,0,0.0,0.058823529411764705,0.0,269
8,Liga ACB,51,2025-2026,35510,Izan Almansa,1338,Real Madrid,18,54,1,53,38,0,38,14,5,97,28,3,4.962517897378667,37,1,36,28,0,28,56,14,0,14,9,0,9,18,27,0,27,16,0,16,32,27,1,26,22,0,22,44,30,25,5,50,19,11,8,22,4,2,2,4,0,0,0,0,1,0,1,0,0,0,0,0,0,0,0,0,0,0,0,0,10,7,3,14,3,0,3,0,8,6,2,12,19,16,3,32,14,9,5,18,2,1,1,2,0,0,0,0,9,8,1,16,6,3,3,6,0,0,0,0,6,2,4,4,23,18,5,36,0,0,0,0,3,3,0,6,1,1,0,2,0,0,0,0,0,0,0,0,0,0,0,0,4,2,2,4,27,21,17,12,2,2,19,15,4,3,0.7037037037037037,0.7169811320754716,0.0,0.7777777777777778,0.7037037037037037,0.35714285714285715,1.47237401335762,0.018518518518518517,0.7567567567567568,0.7777777777777778,0.0,0.7567567567567568,1.5287769784172662,0.7254901960784313,0.6428571428571429,0.6428571428571429,,0.6428571428571429,1.3440860215053763,0.27450980392156865,0.5925925925925926,0.5925925925925926,,0.5925925925925926,1.329185520361991,0.5,0.8148148148148148,0.8461538461538461,0.0,0.8148148148148148,1.6342141863699582,0.5,0.7,0.18518518518518517,1.4,0.0,0.05555555555555555,0.0,0.75,0.14814814814814814,1.5,0.8421052631578947,0.35185185185185186,1.6842105263157894,0.6428571428571429,0.25925925925925924,1.2857142857142858,0.5,0.037037037037037035,1.0,,0.0,,0.8888888888888888,0.16666666666666666,1.7777777777777777,0.5,0.1111111111111111,1.0,,0.0,,0.3333333333333333,0.1111111111111111,0.6666666666666666,0.782608695652174,0.42592592592592593,1.565217391304348,,0.0,,1.0,0.05555555555555555,2.0,1.0,0.018518518518518517,2.0,,0.0,,,0.0,,,0.0,,0.5,0.07407407407407407,1.0,30,25,0.8333333333333334,0.5555555555555556,19,11,0.5789473684210527,0.35185185185185186,4,2,0.5,0.07407407407407407,1,0,0.0,0.018518518518518517,0,0,0,0,,0.0,,0,0,0,0,,0.0,,0,0,0,0,,0.0,,1,0,1,0,0.0,0.018518518518518517,0.0,0,0,0,0,,0.0,,395
8,Liga ACB,51,2025-2026,35554,Jassel Perez,1319,Coviran Granada,20,161,80,81,74,27,47,23,7,229,24,7,14.391900819109628,38,30,8,21,14,7,56,116,50,66,50,13,37,113,122,63,59,43,16,27,102,35,14,21,30,10,20,70,39,31,8,62,35,15,20,30,6,1,5,2,15,2,13,6,61,24,37,72,0,0,0,0,1,0,1,0,4,1,3,3,37,17,20,43,6,0,6,0,9,8,1,18,26,22,4,52,79,26,53,59,26,13,13,39,47,11,36,32,5,4,1,8,3,1,2,2,1,0,1,0,0,0,0,0,61,39,22,78,1,0,1,0,0,0,0,0,3,0,3,0,0,0,0,0,1,0,1,0,7,3,4,9,2,2,0,4,65,54,11,11,28,21,36,31,5,3,0.45962732919254656,0.5802469135802469,0.3375,0.8307692307692308,0.5434782608695652,0.30434782608695654,1.2078059071729959,0.4968944099378882,0.5526315789473685,0.875,0.4666666666666667,0.7368421052631579,1.5639589169000931,0.24675324675324675,0.43103448275862066,0.5606060606060606,0.26,0.4870689655172414,1.0442643391521198,0.7532467532467533,0.3524590163934426,0.4576271186440678,0.25396825396825395,0.4180327868852459,0.964886825304701,0.7770700636942676,0.8571428571428571,0.9523809523809523,0.7142857142857143,1.0,1.9623655913978493,0.2229299363057325,0.4594594594594595,0.22981366459627328,1.162162162162162,0.0,0.037267080745341616,0.0,0.8888888888888888,0.055900621118012424,2.0,0.8461538461538461,0.16149068322981366,2.0,0.3291139240506329,0.4906832298136646,0.7468354430379747,0.5,0.16149068322981366,1.5,0.23404255319148937,0.2919254658385093,0.6808510638297872,0.8,0.031055900621118012,1.6,0.3333333333333333,0.018633540372670808,0.6666666666666666,0.0,0.006211180124223602,0.0,,0.0,,0.639344262295082,0.37888198757763975,1.278688524590164,0.0,0.006211180124223602,0.0,,0.0,,0.0,0.018633540372670808,0.0,,0.0,,0.0,0.006211180124223602,0.0,0.42857142857142855,0.043478260869565216,1.2857142857142858,1.0,0.012422360248447204,2.0,39,31,0.7948717948717948,0.2422360248447205,35,15,0.42857142857142855,0.21739130434782608,6,1,0.16666666666666666,0.037267080745341616,76,26,0.34210526315789475,0.4720496894409938,12,1,11,3,0.08333333333333333,0.07453416149068323,0.25,3,1,2,3,0.3333333333333333,0.018633540372670808,1.0,13,3,10,9,0.23076923076923078,0.08074534161490683,0.6923076923076923,31,14,17,42,0.45161290322580644,0.19254658385093168,1.3548387096774193,17,7,10,21,0.4117647058823529,0.10559006211180125,1.2352941176470589,849
8,Liga ACB,51,2025-2026,35581,Aaron Best,1332,BC MoraBanc Andorra,30,211,119,92,82,45,37,25,5,270,41,6,16.943175122305934,90,88,2,35,34,1,104,111,25,86,43,10,33,96,135,71,64,45,21,24,111,62,40,22,29,20,9,78,24,13,11,26,36,11,25,22,26,9,17,18,35,15,20,45,75,26,49,78,0,0,0,0,1,0,1,0,14,8,6,20,60,21,39,54,6,0,6,0,16,6,10,14,46,23,23,64,69,24,45,57,59,24,35,72,47,15,32,38,2,1,1,2,14,5,9,10,0,0,0,0,1,0,1,0,39,16,23,32,0,0,0,0,0,0,0,0,27,8,19,24,3,2,1,4,1,0,1,0,4,3,1,7,0,0,0,0,69,61,3,3,41,36,39,34,5,5,0.3886255924170616,0.40217391304347827,0.37815126050420167,0.8840579710144928,0.495260663507109,0.2,1.1186609214451442,0.5639810426540285,0.3888888888888889,0.5,0.38636363636363635,0.5777777777777777,1.1717038983793255,0.44776119402985076,0.38738738738738737,0.38372093023255816,0.4,0.43243243243243246,1.022938623682579,0.5522388059701493,0.3333333333333333,0.375,0.29577464788732394,0.4111111111111111,0.952944269190326,0.6852791878172588,0.46774193548387094,0.4090909090909091,0.5,0.6290322580645161,1.2928348909657321,0.3147208121827411,0.35,0.2843601895734597,0.9,0.0,0.02843601895734597,0.0,0.375,0.07582938388625593,0.875,0.5,0.21800947867298578,1.391304347826087,0.34782608695652173,0.32701421800947866,0.8260869565217391,0.4067796610169492,0.2796208530805687,1.2203389830508475,0.3191489361702128,0.22274881516587677,0.8085106382978723,0.5,0.009478672985781991,1.0,0.35714285714285715,0.06635071090047394,0.7142857142857143,,0.0,,0.0,0.004739336492890996,0.0,0.41025641025641024,0.1848341232227488,0.8205128205128205,,0.0,,,0.0,,0.2962962962962963,0.12796208530805686,0.8888888888888888,0.6666666666666666,0.014218009478672985,1.3333333333333333,0.0,0.004739336492890996,0.0,0.75,0.018957345971563982,1.75,,0.0,,24,13,0.5416666666666666,0.11374407582938388,36,11,0.3055555555555556,0.17061611374407584,26,9,0.34615384615384615,0.12322274881516587,110,41,0.37272727272727274,0.5213270142180095,18,7,11,21,0.3888888888888889,0.08530805687203792,1.1666666666666667,17,8,9,24,0.47058823529411764,0.08056872037914692,1.411764705882353,19,12,7,36,0.631578947368421,0.09004739336492891,1.894736842105263,26,5,21,15,0.19230769230769232,0.12322274881516587,0.5769230769230769,30,9,21,27,0.3,0.14218009478672985,0.9,1193
8,Liga ACB,51,2025-2026,35726,David Kramer,1338,Real Madrid,27,129,71,58,64,30,34,12,4,181,42,6,15.484856037170344,69,54,15,37,26,11,100,54,16,38,25,3,22,53,73,42,31,35,20,15,90,52,29,23,27,10,17,64,26,15,11,30,22,13,9,26,6,4,2,8,22,9,13,27,49,21,28,63,0,0,0,0,0,0,0,0,4,2,2,4,31,15,16,41,6,0,6,0,9,5,4,14,43,22,21,50,36,20,16,49,31,15,16,45,16,6,10,15,4,4,0,8,2,0,2,0,0,0,0,0,0,0,0,0,39,22,17,44,0,0,0,0,2,2,0,4,25,11,14,33,0,0,0,0,2,0,2,0,2,1,1,3,2,1,1,2,33,23,9,5,12,7,14,8,6,3,0.49612403100775193,0.5862068965517241,0.4225352112676056,0.696969696969697,0.6124031007751938,0.3333333333333333,1.261148272017837,0.5503875968992248,0.5362318840579711,0.7333333333333333,0.48148148148148145,0.7246376811594203,1.4391447368421053,0.5609756097560976,0.46296296296296297,0.5789473684210527,0.1875,0.49074074074074076,1.0121457489878543,0.43902439024390244,0.4794520547945205,0.4838709677419355,0.47619047619047616,0.6164383561643836,1.23799898938858,0.584,0.5192307692307693,0.7391304347826086,0.3448275862068966,0.6153846153846154,1.226207906295754,0.416,0.4838709677419355,0.24031007751937986,1.3225806451612903,0.0,0.046511627906976744,0.0,0.5555555555555556,0.06976744186046512,1.5555555555555556,0.5116279069767442,0.3333333333333333,1.1627906976744187,0.5555555555555556,0.27906976744186046,1.3611111111111112,0.4838709677419355,0.24031007751937986,1.4516129032258065,0.375,0.12403100775193798,0.9375,1.0,0.031007751937984496,2.0,0.0,0.015503875968992248,0.0,,0.0,,,0.0,,0.5641025641025641,0.3023255813953488,1.1282051282051282,,0.0,,1.0,0.015503875968992248,2.0,0.44,0.1937984496124031,1.32,,0.0,,0.0,0.015503875968992248,0.0,0.5,0.015503875968992248,1.5,0.5,0.015503875968992248,1.0,26,15,0.5769230769230769,0.20155038759689922,22,13,0.5909090909090909,0.17054263565891473,6,4,0.6666666666666666,0.046511627906976744,71,30,0.4225352112676056,0.5503875968992248,10,4,6,12,0.4,0.07751937984496124,1.2,12,5,7,15,0.4166666666666667,0.09302325581395349,1.25,11,4,7,12,0.36363636363636365,0.08527131782945736,1.0909090909090908,16,9,7,27,0.5625,0.12403100775193798,1.6875,22,8,14,24,0.36363636363636365,0.17054263565891473,1.0909090909090908,691
8,Liga ACB,51,2025-2026,35787,Wes VanBeck,1333,Lenovo Tenerife,23,114,85,29,60,46,14,17,3,209,35,1,19.843026046765555,52,51,1,29,28,1,86,55,29,26,27,16,11,70,69,53,16,37,30,7,104,41,28,13,21,14,7,56,7,6,1,12,11,4,7,8,11,4,7,8,24,11,13,33,56,33,23,99,1,0,1,0,0,0,0,0,4,2,2,6,35,21,14,59,1,0,1,0,11,7,4,18,30,14,16,38,33,16,17,45,28,16,12,48,36,17,19,48,0,0,0,0,4,1,3,2,1,0,1,0,0,0,0,0,13,10,3,20,0,0,0,0,0,0,0,0,22,11,11,33,0,0,0,0,3,2,1,6,3,1,2,3,0,0,0,0,50,43,7,7,23,19,26,23,3,2,0.5263157894736842,0.4827586206896552,0.5411764705882353,0.86,0.7280701754385965,0.17647058823529413,1.536764705882353,0.7456140350877193,0.5576923076923077,1.0,0.5490196078431373,0.8269230769230769,1.6884531590413945,0.48598130841121495,0.4909090909090909,0.4230769230769231,0.5517241379310345,0.6363636363636364,1.3667076167076166,0.514018691588785,0.5362318840579711,0.4375,0.5660377358490566,0.7536231884057971,1.5788165091994033,0.6272727272727273,0.5121951219512195,0.5384615384615384,0.5,0.6829268292682927,1.3705103969754253,0.37272727272727274,0.6,0.30701754385964913,1.6857142857142857,0.0,0.008771929824561403,0.0,0.6363636363636364,0.09649122807017543,1.6363636363636365,0.4666666666666667,0.2631578947368421,1.2666666666666666,0.48484848484848486,0.2894736842105263,1.3636363636363635,0.5714285714285714,0.24561403508771928,1.7142857142857142,0.4722222222222222,0.3157894736842105,1.3333333333333333,,0.0,,0.25,0.03508771929824561,0.5,0.0,0.008771929824561403,0.0,,0.0,,0.7692307692307693,0.11403508771929824,1.5384615384615385,,0.0,,,0.0,,0.5,0.19298245614035087,1.5,,0.0,,0.6666666666666666,0.02631578947368421,2.0,0.3333333333333333,0.02631578947368421,1.0,,0.0,,7,6,0.8571428571428571,0.06140350877192982,11,4,0.36363636363636365,0.09649122807017543,11,4,0.36363636363636365,0.09649122807017543,80,44,0.55,0.7017543859649122,12,7,5,21,0.5833333333333334,0.10526315789473684,1.75,12,4,8,12,0.3333333333333333,0.10526315789473684,1.0,21,14,7,42,0.6666666666666666,0.18421052631578946,2.0,19,9,10,27,0.47368421052631576,0.16666666666666666,1.4210526315789473,16,10,6,30,0.625,0.14035087719298245,1.875,600
8,Liga ACB,51,2025-2026,35806,Retin Obasohan,1330,BAXI Manresa,29,241,62,179,108,16,92,62,12,339,38,13,10.828811356457203,67,43,24,25,10,15,60,167,18,149,80,6,74,166,155,27,128,71,8,63,150,83,34,49,35,8,27,78,67,52,15,104,89,33,56,66,21,5,16,10,10,3,7,9,51,13,38,39,0,0,0,0,0,0,0,0,3,2,1,4,45,19,26,40,13,0,13,0,23,6,17,14,60,29,31,64,97,52,45,110,28,5,23,15,45,10,35,24,4,3,1,6,8,3,5,6,0,0,0,0,4,0,4,0,117,73,44,146,1,1,0,3,1,1,0,2,20,7,13,19,4,1,3,2,3,1,2,3,3,1,2,2,0,0,0,0,148,107,6,5,104,79,104,79,4,4,0.44813278008298757,0.5139664804469274,0.25806451612903225,0.722972972972973,0.48132780082987553,0.1935483870967742,1.1074088592708742,0.2572614107883817,0.373134328358209,0.625,0.23255813953488372,0.44776119402985076,0.9333716255025847,0.2863247863247863,0.47904191616766467,0.4966442953020134,0.3333333333333333,0.49700598802395207,1.1515322429028014,0.7136752136752137,0.45806451612903226,0.4921875,0.2962962962962963,0.4838709677419355,1.1406654712094044,0.6512605042016807,0.42168674698795183,0.5510204081632653,0.23529411764705882,0.46987951807228917,0.9674374705049551,0.3487394957983193,0.4222222222222222,0.18672199170124482,0.8888888888888888,0.0,0.05394190871369295,0.0,0.2608695652173913,0.0954356846473029,0.6086956521739131,0.48333333333333334,0.24896265560165975,1.0666666666666667,0.5360824742268041,0.4024896265560166,1.134020618556701,0.17857142857142858,0.11618257261410789,0.5357142857142857,0.2222222222222222,0.18672199170124482,0.5333333333333333,0.75,0.016597510373443983,1.5,0.375,0.03319502074688797,0.75,,0.0,,0.0,0.016597510373443983,0.0,0.6239316239316239,0.4854771784232365,1.2478632478632479,1.0,0.004149377593360996,3.0,1.0,0.004149377593360996,2.0,0.35,0.08298755186721991,0.95,0.25,0.016597510373443983,0.5,0.3333333333333333,0.012448132780082987,1.0,0.3333333333333333,0.012448132780082987,0.6666666666666666,,0.0,,67,52,0.7761194029850746,0.27800829875518673,89,33,0.3707865168539326,0.36929460580912865,21,5,0.23809523809523808,0.08713692946058091,61,16,0.26229508196721313,0.25311203319502074,4,1,3,3,0.25,0.016597510373443983,0.75,6,2,4,6,0.3333333333333333,0.024896265560165973,1.0,14,5,9,15,0.35714285714285715,0.058091286307053944,1.0714285714285714,20,3,17,9,0.15,0.08298755186721991,0.45,17,5,12,15,0.29411764705882354,0.07053941908713693,0.8823529411764706,1255
8,Liga ACB,51,2025-2026,35821,Luke Petrasek,1335,Bilbao Basket,33,188,107,81,85,39,46,10,3,245,68,4,16.15152114922567,122,90,32,52,31,21,135,48,14,34,23,7,16,53,110,60,50,44,20,24,108,68,41,27,35,16,19,86,33,26,7,52,34,13,21,26,10,4,6,8,35,17,18,51,65,19,46,57,1,0,1,0,0,0,0,0,10,6,4,15,51,21,30,55,4,0,4,0,15,7,8,16,53,28,25,70,55,23,32,53,68,25,43,75,17,9,8,25,11,10,1,20,5,0,5,0,1,0,1,0,1,0,1,0,42,25,17,50,1,1,0,2,2,1,1,2,21,6,15,16,1,0,1,0,3,0,3,0,0,0,0,0,5,2,3,4,44,36,6,6,7,4,13,11,4,3,0.4521276595744681,0.5679012345679012,0.3644859813084112,0.8181818181818182,0.5558510638297872,0.3,1.181520061728395,0.5691489361702128,0.4262295081967213,0.65625,0.34444444444444444,0.5532786885245902,1.1312580231065468,0.7176470588235294,0.4791666666666667,0.47058823529411764,0.5,0.5520833333333334,1.115896632732968,0.2823529411764706,0.4,0.48,0.3333333333333333,0.4909090909090909,1.0283442792948496,0.6179775280898876,0.5147058823529411,0.7037037037037037,0.3902439024390244,0.6323529411764706,1.275802752293578,0.38202247191011235,0.4117647058823529,0.2712765957446808,1.0784313725490196,0.0,0.02127659574468085,0.0,0.4666666666666667,0.0797872340425532,1.0666666666666667,0.5283018867924528,0.28191489361702127,1.320754716981132,0.41818181818181815,0.2925531914893617,0.9636363636363636,0.36764705882352944,0.3617021276595745,1.1029411764705883,0.5294117647058824,0.09042553191489362,1.4705882352941178,0.9090909090909091,0.05851063829787234,1.8181818181818181,0.0,0.026595744680851064,0.0,0.0,0.005319148936170213,0.0,0.0,0.005319148936170213,0.0,0.5952380952380952,0.22340425531914893,1.1904761904761905,1.0,0.005319148936170213,2.0,0.5,0.010638297872340425,1.0,0.2857142857142857,0.11170212765957446,0.7619047619047619,0.0,0.005319148936170213,0.0,0.0,0.015957446808510637,0.0,,0.0,,0.4,0.026595744680851064,0.8,33,26,0.7878787878787878,0.17553191489361702,34,13,0.38235294117647056,0.18085106382978725,10,4,0.4,0.05319148936170213,100,36,0.36,0.5319148936170213,20,9,11,27,0.45,0.10638297872340426,1.35,15,8,7,24,0.5333333333333333,0.0797872340425532,1.6,14,4,10,12,0.2857142857142857,0.07446808510638298,0.8571428571428571,28,12,16,36,0.42857142857142855,0.14893617021276595,1.2857142857142858,23,3,20,9,0.13043478260869565,0.12234042553191489,0.391304347826087,1299
8,Liga ACB,51,2025-2026,35852,DJ Stephens,1331,Casademont Zaragoza,19,68,39,29,37,15,22,3,0,96,29,0,16.952864559474044,47,35,12,25,15,10,65,10,4,6,3,0,3,6,42,28,14,20,10,10,50,25,10,15,17,5,12,39,12,11,1,22,10,6,4,12,7,5,2,10,10,5,5,15,28,10,18,30,0,0,0,0,0,0,0,0,1,0,1,0,18,7,11,18,0,0,0,0,8,5,3,10,17,12,5,29,24,13,11,32,33,14,19,41,6,3,3,6,6,6,0,12,1,0,1,0,0,0,0,0,1,0,1,0,8,7,1,14,0,0,0,0,1,1,0,2,4,2,2,6,1,0,1,0,1,0,1,0,1,1,0,2,4,3,1,6,8,7,4,3,2,2,4,3,2,2,0.5441176470588235,0.7586206896551724,0.38461538461538464,0.875,0.6544117647058824,0.0,1.342281879194631,0.5735294117647058,0.5319148936170213,0.8333333333333334,0.42857142857142855,0.6914893617021277,1.3945857260049221,0.8245614035087719,0.3,0.5,0.0,0.3,0.7352941176470588,0.17543859649122806,0.47619047619047616,0.7142857142857143,0.35714285714285715,0.5952380952380952,1.2111517367458866,0.6268656716417911,0.68,0.8,0.5,0.78,1.5842349304482226,0.373134328358209,0.3888888888888889,0.2647058823529412,1.0,,0.0,,0.625,0.11764705882352941,1.25,0.7058823529411765,0.25,1.7058823529411764,0.5416666666666666,0.35294117647058826,1.3333333333333333,0.42424242424242425,0.4852941176470588,1.2424242424242424,0.5,0.08823529411764706,1.0,1.0,0.08823529411764706,2.0,0.0,0.014705882352941176,0.0,,0.0,,0.0,0.014705882352941176,0.0,0.875,0.11764705882352941,1.75,,0.0,,1.0,0.014705882352941176,2.0,0.5,0.058823529411764705,1.5,0.0,0.014705882352941176,0.0,0.0,0.014705882352941176,0.0,1.0,0.014705882352941176,2.0,0.75,0.058823529411764705,1.5,12,11,0.9166666666666666,0.17647058823529413,10,6,0.6,0.14705882352941177,7,5,0.7142857142857143,0.10294117647058823,38,15,0.39473684210526316,0.5588235294117647,5,4,1,12,0.8,0.07352941176470588,2.4,5,1,4,3,0.2,0.07352941176470588,0.6,5,1,4,3,0.2,0.07352941176470588,0.6,13,5,8,15,0.38461538461538464,0.19117647058823528,1.1538461538461537,10,4,6,12,0.4,0.14705882352941177,1.2,574
8,Liga ACB,51,2025-2026,35877,Yannis Morin,1336,Club Joventut Badalona,2,4,0,4,1,0,1,1,0,4,0,1,4.398134855341736,2,0,2,0,0,0,0,1,0,1,1,0,1,2,4,0,4,1,0,1,2,0,0,0,0,0,0,0,3,1,2,2,1,0,1,0,0,0,0,0,0,0,0,0,0,0,0,0,0,0,0,0,0,0,0,0,0,0,0,0,2,0,2,0,1,0,1,0,0,0,0,0,0,0,0,0,1,1,0,2,0,0,0,0,0,0,0,0,0,0,0,0,0,0,0,0,0,0,0,0,0,0,0,0,2,1,1,2,0,0,0,0,0,0,0,0,1,0,1,0,0,0,0,0,0,0,0,0,0,0,0,0,1,0,1,0,2,2,0,0,0,0,2,2,0,0,0.25,0.25,,1.0,0.25,0.0,0.819672131147541,0.0,0.0,0.0,,0.0,0.0,0.6666666666666666,1.0,1.0,,1.0,2.0,0.3333333333333333,0.25,0.25,,0.25,0.819672131147541,1.0,,,,,,0.0,0.0,0.5,0.0,0.0,0.25,0.0,,0.0,,,0.0,,1.0,0.25,2.0,,0.0,,,0.0,,,0.0,,,0.0,,,0.0,,,0.0,,0.5,0.5,1.0,,0.0,,,0.0,,0.0,0.25,0.0,,0.0,,,0.0,,,0.0,,0.0,0.25,0.0,3,1,0.3333333333333333,0.75,1,0,0.0,0.25,0,0,,0.0,0,0,,0.0,0,0,0,0,,0.0,,0,0,0,0,,0.0,,0,0,0,0,,0.0,,0,0,0,0,,0.0,,0,0,0,0,,0.0,,28
8,Liga ACB,51,2025-2026,36019,Walter Tavares,1338,Real Madrid,21,95,0,95,72,0,72,27,7,196,53,2,4.350364652337871,59,0,59,48,0,48,96,27,0,27,17,0,17,34,59,0,59,40,0,40,80,35,0,35,31,0,31,62,51,43,8,86,42,28,14,56,1,0,1,0,0,0,0,0,0,0,0,0,0,0,0,0,0,0,0,0,1,1,0,2,13,10,3,20,2,0,2,0,6,5,1,10,29,26,3,52,44,30,14,60,2,0,2,0,1,0,1,0,28,26,2,52,5,2,3,4,0,0,0,0,12,7,5,14,29,22,7,44,0,0,0,0,7,7,0,14,2,2,0,4,1,0,1,0,0,0,0,0,0,0,0,0,7,5,2,10,69,52,23,17,13,10,42,34,4,2,0.7578947368421053,0.7578947368421053,,0.7536231884057971,0.7578947368421053,0.25925925925925924,1.5634971282705807,0.0,0.8135593220338984,0.8135593220338984,,0.8135593220338984,1.6348379629629628,0.686046511627907,0.6296296296296297,0.6296296296296297,,0.6296296296296297,1.3447432762836187,0.313953488372093,0.6779661016949152,0.6779661016949152,,0.6779661016949152,1.4713474445018069,0.6276595744680851,0.8857142857142857,0.8857142857142857,,0.8857142857142857,1.7410228509249184,0.3723404255319149,0.7692307692307693,0.1368421052631579,1.5384615384615385,0.0,0.021052631578947368,0.0,0.8333333333333334,0.06315789473684211,1.6666666666666667,0.896551724137931,0.30526315789473685,1.793103448275862,0.6818181818181818,0.4631578947368421,1.3636363636363635,0.0,0.021052631578947368,0.0,0.0,0.010526315789473684,0.0,0.9285714285714286,0.29473684210526313,1.8571428571428572,0.4,0.05263157894736842,0.8,,0.0,,0.5833333333333334,0.12631578947368421,1.1666666666666667,0.7586206896551724,0.30526315789473685,1.5172413793103448,,0.0,,1.0,0.07368421052631578,2.0,1.0,0.021052631578947368,2.0,0.0,0.010526315789473684,0.0,,0.0,,,0.0,,0.7142857142857143,0.07368421052631578,1.4285714285714286,51,43,0.8431372549019608,0.5368421052631579,42,28,0.6666666666666666,0.4421052631578947,1,0,0.0,0.010526315789473684,0,0,,0.0,0,0,0,0,,0.0,,0,0,0,0,,0.0,,0,0,0,0,,0.0,,0,0,0,0,,0.0,,0,0,0,0,,0.0,,861
8,Liga ACB,51,2025-2026,58359,Justin Cobbs,1339,Malaga,12,50,26,24,27,12,15,6,1,82,8,1,19.07770236229111,13,13,0,6,6,0,18,36,12,24,21,6,15,48,34,18,16,19,8,11,46,14,6,8,6,2,4,14,1,1,0,2,9,6,3,12,14,8,6,16,3,1,2,3,21,9,12,27,0,0,0,0,0,0,0,0,2,2,0,6,17,8,9,21,1,0,1,0,1,1,0,3,13,5,8,11,16,11,5,25,9,3,6,9,27,13,14,31,0,0,0,0,4,3,1,6,0,0,0,0,0,0,0,0,5,4,1,8,0,0,0,0,0,0,0,0,3,2,1,6,0,0,0,0,0,0,0,0,0,0,0,0,0,0,0,0,19,16,3,3,10,7,13,10,0,0,0.54,0.625,0.46153846153846156,0.8421052631578947,0.66,0.16666666666666666,1.4050719671007539,0.52,0.46153846153846156,,0.46153846153846156,0.6923076923076923,1.4664804469273742,0.2653061224489796,0.5833333333333334,0.625,0.5,0.6666666666666666,1.3613861386138615,0.7346938775510204,0.5588235294117647,0.6875,0.4444444444444444,0.6764705882352942,1.4098690835850958,0.7083333333333334,0.42857142857142855,0.5,0.3333333333333333,0.5,1.0,0.2916666666666667,0.47058823529411764,0.34,1.2352941176470589,0.0,0.02,0.0,1.0,0.02,3.0,0.38461538461538464,0.26,0.8461538461538461,0.6875,0.32,1.5625,0.3333333333333333,0.18,1.0,0.48148148148148145,0.54,1.1481481481481481,,0.0,,0.75,0.08,1.5,,0.0,,,0.0,,0.8,0.1,1.6,,0.0,,,0.0,,0.6666666666666666,0.06,2.0,,0.0,,,0.0,,,0.0,,,0.0,,1,1,1.0,0.02,9,6,0.6666666666666666,0.18,14,8,0.5714285714285714,0.28,24,10,0.4166666666666667,0.48,2,1,1,3,0.5,0.04,1.5,1,0,1,0,0.0,0.02,0.0,5,1,4,3,0.2,0.1,0.6,10,4,6,12,0.4,0.2,1.2,6,4,2,12,0.6666666666666666,0.12,2.0,293
8,Liga ACB,51,2025-2026,58361,Gabriel Olaseni,1331,Casademont Zaragoza,3,23,0,23,17,0,17,7,2,42,12,1,4.965807267068383,14,0,14,11,0,11,22,9,0,9,6,0,6,12,15,0,15,10,0,10,20,7,0,7,6,0,6,12,11,9,2,18,11,7,4,14,0,0,0,0,0,0,0,0,0,0,0,0,0,0,0,0,0,0,0,0,1,1,0,2,4,3,1,6,1,0,1,0,2,1,1,2,5,5,0,10,10,7,3,14,0,0,0,0,0,0,0,0,1,1,0,2,1,0,1,0,0,0,0,0,3,1,2,2,14,12,2,24,0,0,0,0,0,0,0,0,3,2,1,4,0,0,0,0,0,0,0,0,0,0,0,0,0,0,0,0,12,8,5,2,7,6,12,8,0,0,0.7391304347826086,0.7391304347826086,,0.6666666666666666,0.7391304347826086,0.2857142857142857,1.4851485148514851,0.0,0.7857142857142857,0.7857142857142857,,0.7857142857142857,1.4814814814814816,0.6086956521739131,0.6666666666666666,0.6666666666666666,,0.6666666666666666,1.490066225165563,0.391304347826087,0.6666666666666666,0.6666666666666666,,0.6666666666666666,1.3806706114398422,0.6818181818181818,0.8571428571428571,0.8571428571428571,,0.8571428571428571,1.7142857142857142,0.3181818181818182,0.75,0.17391304347826086,1.5,0.0,0.043478260869565216,0.0,0.5,0.08695652173913043,1.0,1.0,0.21739130434782608,2.0,0.7,0.43478260869565216,1.4,,0.0,,,0.0,,1.0,0.043478260869565216,2.0,0.0,0.043478260869565216,0.0,,0.0,,0.3333333333333333,0.13043478260869565,0.6666666666666666,0.8571428571428571,0.6086956521739131,1.7142857142857142,,0.0,,,0.0,,0.6666666666666666,0.13043478260869565,1.3333333333333333,,0.0,,,0.0,,,0.0,,,0.0,,11,9,0.8181818181818182,0.4782608695652174,11,7,0.6363636363636364,0.4782608695652174,0,0,,0.0,0,0,,0.0,0,0,0,0,,0.0,,0,0,0,0,,0.0,,0,0,0,0,,0.0,,0,0,0,0,,0.0,,0,0,0,0,,0.0,,129
8,Liga ACB,51,2025-2026,58436,Derek Ryan Needham,1315,Basquet Girona,20,146,86,60,57,35,22,5,0,168,24,4,18.404817506073517,60,55,5,25,23,2,73,82,29,53,32,12,20,76,105,58,47,34,18,16,86,38,27,11,23,17,6,63,11,5,6,10,23,10,13,20,24,7,17,14,12,4,8,12,73,31,42,93,0,0,0,0,0,0,0,0,3,0,3,0,41,15,26,39,4,0,4,0,13,7,6,18,25,16,9,45,60,19,41,47,28,13,15,39,47,14,33,39,1,0,1,0,6,5,1,10,0,0,0,0,1,0,1,0,23,11,12,22,0,0,0,0,0,0,0,0,31,11,20,32,0,0,0,0,2,1,1,3,3,1,2,2,1,1,0,2,20,19,0,0,9,8,9,8,0,0,0.3904109589041096,0.36666666666666664,0.4069767441860465,0.95,0.5102739726027398,0.0,1.0852713178294573,0.589041095890411,0.4166666666666667,0.4,0.41818181818181815,0.6083333333333333,1.2166666666666666,0.4225352112676056,0.3902439024390244,0.37735849056603776,0.41379310344827586,0.4634146341463415,0.977198697068404,0.5774647887323944,0.3238095238095238,0.3404255319148936,0.3103448275862069,0.4095238095238095,0.8627019089574156,0.7342657342657343,0.6052631578947368,0.5454545454545454,0.6296296296296297,0.8289473684210527,1.6578947368421053,0.26573426573426573,0.36585365853658536,0.2808219178082192,0.9512195121951219,0.0,0.0273972602739726,0.0,0.5384615384615384,0.08904109589041095,1.3846153846153846,0.64,0.17123287671232876,1.8,0.31666666666666665,0.410958904109589,0.7833333333333333,0.4642857142857143,0.1917808219178082,1.3928571428571428,0.2978723404255319,0.3219178082191781,0.8297872340425532,0.0,0.00684931506849315,0.0,0.8333333333333334,0.0410958904109589,1.6666666666666667,,0.0,,0.0,0.00684931506849315,0.0,0.4782608695652174,0.15753424657534246,0.9565217391304348,,0.0,,,0.0,,0.3548387096774194,0.21232876712328766,1.032258064516129,,0.0,,0.5,0.0136986301369863,1.5,0.3333333333333333,0.02054794520547945,0.6666666666666666,1.0,0.00684931506849315,2.0,11,5,0.45454545454545453,0.07534246575342465,23,10,0.43478260869565216,0.15753424657534246,24,7,0.2916666666666667,0.1643835616438356,85,35,0.4117647058823529,0.5821917808219178,7,3,4,9,0.42857142857142855,0.04794520547945205,1.2857142857142858,5,1,4,3,0.2,0.03424657534246575,0.6,30,15,15,45,0.5,0.2054794520547945,1.5,17,7,10,21,0.4117647058823529,0.11643835616438356,1.2352941176470589,26,9,17,27,0.34615384615384615,0.1780821917808219,1.0384615384615385,804
8,Liga ACB,51,2025-2026,58474,DeWayne Russell,1322,Leche Rio Breogan,31,278,80,198,117,27,90,24,7,297,15,12,13.60216450580107,29,20,9,9,6,3,24,240,58,182,104,21,83,229,199,65,134,74,22,52,170,74,11,63,42,5,37,89,29,14,15,28,116,56,60,112,52,19,33,38,6,2,4,6,70,25,45,75,0,0,0,0,0,0,0,0,5,1,4,2,71,31,40,74,12,0,12,0,29,18,11,39,45,24,21,50,116,43,73,96,14,4,10,12,116,48,68,114,0,0,0,0,34,17,17,34,0,0,0,0,1,0,1,0,84,40,44,80,2,1,1,2,0,0,0,0,10,3,7,8,0,0,0,0,2,0,2,0,10,3,7,9,0,0,0,0,49,36,2,2,34,25,30,22,6,5,0.420863309352518,0.45454545454545453,0.3375,0.7346938775510204,0.4694244604316547,0.2916666666666667,0.9914541327280011,0.28776978417266186,0.3103448275862069,0.3333333333333333,0.3,0.41379310344827586,0.8701472556894244,0.10780669144981413,0.43333333333333335,0.45604395604395603,0.3620689655172414,0.47708333333333336,0.9962347034828992,0.8921933085501859,0.37185929648241206,0.3880597014925373,0.3384615384615385,0.4271356783919598,0.9048067860508955,0.7289377289377289,0.5675675675675675,0.5873015873015873,0.45454545454545453,0.6013513513513513,1.2265135699373695,0.27106227106227104,0.43661971830985913,0.25539568345323743,1.0422535211267605,0.0,0.04316546762589928,0.0,0.6206896551724138,0.10431654676258993,1.3448275862068966,0.5333333333333333,0.1618705035971223,1.1111111111111112,0.3706896551724138,0.4172661870503597,0.8275862068965517,0.2857142857142857,0.050359712230215826,0.8571428571428571,0.41379310344827586,0.4172661870503597,0.9827586206896551,,0.0,,0.5,0.1223021582733813,1.0,,0.0,,0.0,0.0035971223021582736,0.0,0.47619047619047616,0.302158273381295,0.9523809523809523,0.5,0.007194244604316547,1.0,,0.0,,0.3,0.03597122302158273,0.8,,0.0,,0.0,0.007194244604316547,0.0,0.3,0.03597122302158273,0.9,,0.0,,29,14,0.4827586206896552,0.10431654676258993,116,56,0.4827586206896552,0.4172661870503597,52,19,0.36538461538461536,0.18705035971223022,76,27,0.35526315789473684,0.2733812949640288,4,1,3,3,0.25,0.014388489208633094,0.75,2,1,1,3,0.5,0.007194244604316547,1.5,23,6,17,18,0.2608695652173913,0.08273381294964029,0.782608695652174,29,14,15,42,0.4827586206896552,0.10431654676258993,1.4482758620689655,18,5,13,15,0.2777777777777778,0.06474820143884892,0.8333333333333334,1244
8,Liga ACB,51,2025-2026,58524,Will Clyburn,1340,BC Barcelona,20,175,90,85,82,37,45,18,2,248,42,3,16.166409616698054,58,49,9,29,22,7,80,110,41,69,51,15,36,117,138,79,59,57,31,26,145,32,10,22,22,6,16,50,32,20,12,40,32,16,16,32,17,6,11,12,15,8,7,24,73,29,44,87,0,0,0,0,1,0,1,0,5,3,2,6,47,22,25,62,3,0,3,0,5,2,3,4,27,20,7,46,88,35,53,83,34,17,17,51,50,19,31,53,8,8,0,16,7,3,4,6,0,0,0,0,11,5,6,10,37,22,15,44,0,0,0,0,1,0,1,0,14,5,9,15,0,0,0,0,1,0,1,0,6,0,6,0,1,0,1,0,63,47,4,1,31,22,35,23,0,0,0.4685714285714286,0.5294117647058824,0.4111111111111111,0.746031746031746,0.5742857142857143,0.1111111111111111,1.22336227308603,0.5142857142857142,0.5,0.7777777777777778,0.4489795918367347,0.6896551724137931,1.355421686746988,0.34523809523809523,0.4636363636363636,0.5217391304347826,0.36585365853658536,0.5318181818181819,1.1242316402458752,0.6547619047619048,0.41304347826086957,0.4406779661016949,0.3924050632911392,0.5253623188405797,1.0951760104302477,0.8117647058823529,0.6875,0.7272727272727273,0.6,0.78125,1.5625,0.18823529411764706,0.46808510638297873,0.26857142857142857,1.3191489361702127,0.0,0.017142857142857144,0.0,0.4,0.02857142857142857,0.8,0.7407407407407407,0.15428571428571428,1.7037037037037037,0.3977272727272727,0.5028571428571429,0.9431818181818182,0.5,0.19428571428571428,1.5,0.38,0.2857142857142857,1.06,1.0,0.045714285714285714,2.0,0.42857142857142855,0.04,0.8571428571428571,,0.0,,0.45454545454545453,0.06285714285714286,0.9090909090909091,0.5945945945945946,0.21142857142857144,1.1891891891891893,,0.0,,0.0,0.005714285714285714,0.0,0.35714285714285715,0.08,1.0714285714285714,,0.0,,0.0,0.005714285714285714,0.0,0.0,0.03428571428571429,0.0,0.0,0.005714285714285714,0.0,32,20,0.625,0.18285714285714286,32,16,0.5,0.18285714285714286,17,6,0.35294117647058826,0.09714285714285714,88,37,0.42045454545454547,0.5028571428571429,11,6,5,18,0.5454545454545454,0.06285714285714286,1.6363636363636365,4,2,2,6,0.5,0.022857142857142857,1.5,23,8,15,24,0.34782608695652173,0.13142857142857142,1.0434782608695652,31,13,18,39,0.41935483870967744,0.17714285714285713,1.2580645161290323,19,8,11,24,0.42105263157894735,0.10857142857142857,1.263157894736842,869
8,Liga ACB,51,2025-2026,58528,Torrian Corey Walden,1323,ICG Forca Lleida,31,121,69,52,40,15,25,13,4,124,20,6,17.402753721959627,57,50,7,17,13,4,47,55,17,38,19,2,17,40,82,49,33,24,12,12,60,35,18,17,15,3,12,33,16,10,6,20,20,9,11,18,14,5,9,10,15,6,9,18,51,9,42,27,1,0,1,0,0,0,0,0,4,1,3,2,31,7,24,18,6,0,6,0,3,2,1,4,32,13,19,29,45,17,28,42,36,10,26,30,17,2,15,6,0,0,0,0,6,2,4,4,1,0,1,0,2,0,2,0,33,20,13,40,0,0,0,0,0,0,0,0,15,3,12,9,0,0,0,0,4,1,3,2,3,1,2,2,0,0,0,0,36,29,4,2,12,11,16,12,3,3,0.3305785123966942,0.4807692307692308,0.21739130434782608,0.8055555555555556,0.3925619834710744,0.3076923076923077,0.9061677871967261,0.5702479338842975,0.2982456140350877,0.5714285714285714,0.26,0.41228070175438597,0.8339006126616746,0.5089285714285714,0.34545454545454546,0.4473684210526316,0.11764705882352941,0.36363636363636365,0.8460517584605176,0.49107142857142855,0.2926829268292683,0.36363636363636365,0.24489795918367346,0.36585365853658536,0.8086253369272237,0.7008547008547008,0.42857142857142855,0.7058823529411765,0.16666666666666666,0.4714285714285714,0.9911894273127754,0.29914529914529914,0.22580645161290322,0.256198347107438,0.5806451612903226,0.0,0.049586776859504134,0.0,0.6666666666666666,0.024793388429752067,1.3333333333333333,0.40625,0.2644628099173554,0.90625,0.37777777777777777,0.371900826446281,0.9333333333333333,0.2777777777777778,0.2975206611570248,0.8333333333333334,0.11764705882352941,0.14049586776859505,0.35294117647058826,,0.0,,0.3333333333333333,0.049586776859504134,0.6666666666666666,0.0,0.008264462809917356,0.0,0.0,0.01652892561983471,0.0,0.6060606060606061,0.2727272727272727,1.2121212121212122,,0.0,,,0.0,,0.2,0.12396694214876033,0.6,,0.0,,0.25,0.03305785123966942,0.5,0.3333333333333333,0.024793388429752067,0.6666666666666666,,0.0,,16,10,0.625,0.1322314049586777,20,9,0.45,0.1652892561983471,14,5,0.35714285714285715,0.11570247933884298,66,15,0.22727272727272727,0.5454545454545454,9,3,6,9,0.3333333333333333,0.0743801652892562,1.0,6,3,3,9,0.5,0.049586776859504134,1.5,10,2,8,6,0.2,0.08264462809917356,0.6,27,5,22,15,0.18518518518518517,0.2231404958677686,0.5555555555555556,14,2,12,6,0.14285714285714285,0.11570247933884298,0.42857142857142855,1027
8,Liga ACB,51,2025-2026,58537,Kristers Zoriks,1323,ICG Forca Lleida,14,52,29,23,17,8,9,8,2,59,6,5,17.262425149252405,18,17,1,5,5,0,15,33,12,21,12,3,9,27,38,19,19,10,5,5,25,14,10,4,7,3,4,17,5,2,3,4,12,5,7,10,6,2,4,4,4,2,2,6,23,6,17,18,1,0,1,0,1,0,1,0,0,0,0,0,17,4,13,12,5,0,5,0,3,1,2,2,11,6,5,15,16,6,10,13,10,3,7,9,12,3,9,8,0,0,0,0,4,1,3,2,1,0,1,0,0,0,0,0,17,7,10,14,0,0,0,0,0,0,0,0,7,2,5,6,0,0,0,0,0,0,0,0,1,1,0,3,0,0,0,0,26,17,0,0,15,9,14,9,1,0,0.3269230769230769,0.391304347826087,0.27586206896551724,0.6538461538461539,0.40384615384615385,0.25,0.9300126103404792,0.5576923076923077,0.2777777777777778,0.0,0.29411764705882354,0.4166666666666667,0.8333333333333334,0.35294117647058826,0.36363636363636365,0.42857142857142855,0.25,0.4090909090909091,0.9090909090909091,0.6470588235294118,0.2631578947368421,0.2631578947368421,0.2631578947368421,0.32894736842105265,0.7699275362318841,0.7307692307692307,0.5,1.0,0.3,0.6071428571428571,1.1772853185595569,0.2692307692307692,0.23529411764705882,0.3269230769230769,0.7058823529411765,0.0,0.09615384615384616,0.0,0.3333333333333333,0.057692307692307696,0.6666666666666666,0.5454545454545454,0.21153846153846154,1.3636363636363635,0.375,0.3076923076923077,0.8125,0.3,0.19230769230769232,0.9,0.25,0.23076923076923078,0.6666666666666666,,0.0,,0.25,0.07692307692307693,0.5,0.0,0.019230769230769232,0.0,,0.0,,0.4117647058823529,0.3269230769230769,0.8235294117647058,,0.0,,,0.0,,0.2857142857142857,0.1346153846153846,0.8571428571428571,,0.0,,,0.0,,1.0,0.019230769230769232,3.0,,0.0,,5,2,0.4,0.09615384615384616,12,5,0.4166666666666667,0.23076923076923078,6,2,0.3333333333333333,0.11538461538461539,27,8,0.2962962962962963,0.5192307692307693,2,1,1,3,0.5,0.038461538461538464,1.5,2,1,1,3,0.5,0.038461538461538464,1.5,6,1,5,3,0.16666666666666666,0.11538461538461539,0.5,9,3,6,9,0.3333333333333333,0.17307692307692307,1.0,8,2,6,6,0.25,0.15384615384615385,0.75,354
8,Liga ACB,51,2025-2026,58577,Amar Alibegovic,1319,Coviran Granada,20,213,85,128,99,31,68,14,4,250,67,6,14.050185672770525,119,69,50,60,26,34,146,81,13,68,33,4,29,70,140,51,89,61,20,41,142,70,31,39,38,11,27,87,45,31,14,62,53,28,25,56,30,9,21,18,12,6,6,18,70,25,45,75,0,0,0,0,0,0,0,0,3,0,3,0,63,29,34,70,5,0,5,0,20,9,11,22,50,29,21,65,72,32,40,72,57,22,35,64,31,8,23,20,14,12,2,24,13,6,7,12,0,0,0,0,9,3,6,6,51,34,17,68,0,0,0,0,0,0,0,0,20,7,13,20,3,1,2,2,0,0,0,0,5,2,3,5,7,4,3,8,31,21,9,5,12,10,16,10,6,6,0.4647887323943662,0.53125,0.36470588235294116,0.6774193548387096,0.5375586854460094,0.2857142857142857,1.1030709495234734,0.39906103286384975,0.5042016806722689,0.68,0.37681159420289856,0.6134453781512605,1.2280416395575797,0.595,0.4074074074074074,0.4264705882352941,0.3076923076923077,0.43209876543209874,0.9272137227630969,0.405,0.4357142857142857,0.4606741573033708,0.39215686274509803,0.5071428571428571,1.0337323177366704,0.6666666666666666,0.5428571428571428,0.6923076923076923,0.3548387096774194,0.6214285714285714,1.2802863436123348,0.3333333333333333,0.4603174603174603,0.29577464788732394,1.1111111111111112,0.0,0.023474178403755867,0.0,0.45,0.09389671361502347,1.1,0.58,0.2347417840375587,1.3,0.4444444444444444,0.3380281690140845,1.0,0.38596491228070173,0.2676056338028169,1.1228070175438596,0.25806451612903225,0.14553990610328638,0.6451612903225806,0.8571428571428571,0.06572769953051644,1.7142857142857142,0.46153846153846156,0.06103286384976526,0.9230769230769231,,0.0,,0.3333333333333333,0.04225352112676056,0.6666666666666666,0.6666666666666666,0.23943661971830985,1.3333333333333333,,0.0,,,0.0,,0.35,0.09389671361502347,1.0,0.3333333333333333,0.014084507042253521,0.6666666666666666,,0.0,,0.4,0.023474178403755867,1.0,0.5714285714285714,0.03286384976525822,1.1428571428571428,45,31,0.6888888888888889,0.2112676056338028,53,28,0.5283018867924528,0.24882629107981222,30,9,0.3,0.14084507042253522,82,31,0.3780487804878049,0.38497652582159625,6,4,2,12,0.6666666666666666,0.028169014084507043,2.0,6,2,4,6,0.3333333333333333,0.028169014084507043,1.0,19,6,13,18,0.3157894736842105,0.0892018779342723,0.9473684210526315,16,7,9,21,0.4375,0.07511737089201878,1.3125,35,12,23,36,0.34285714285714286,0.1643192488262911,1.0285714285714285,970
8,Liga ACB,51,2025-2026,58625,Derek Needham,1315,Basquet Girona,14,129,84,45,60,40,20,6,1,174,28,4,18.98087075611016,67,60,7,29,28,1,86,59,23,36,28,11,17,67,97,63,34,44,30,14,118,30,20,10,15,9,6,39,12,7,5,14,16,8,8,16,16,5,11,10,11,6,5,18,72,33,39,99,0,0,0,0,0,0,0,0,2,1,1,3,47,27,20,73,4,0,4,0,12,8,4,21,18,7,11,18,46,17,29,45,30,13,17,39,34,15,19,38,0,0,0,0,3,0,3,0,0,0,0,0,0,0,0,0,22,13,9,26,0,0,0,0,0,0,0,0,34,15,19,45,1,0,1,0,3,3,0,9,0,0,0,0,0,0,0,0,14,14,5,5,6,6,9,9,2,2,0.46511627906976744,0.4444444444444444,0.47619047619047616,1.0,0.6201550387596899,0.16666666666666666,1.287363125184966,0.6511627906976745,0.43283582089552236,0.14285714285714285,0.4666666666666667,0.6417910447761194,1.315028901734104,0.5317460317460317,0.4745762711864407,0.4722222222222222,0.4782608695652174,0.5677966101694916,1.1842959117456198,0.46825396825396826,0.4536082474226804,0.4117647058823529,0.47619047619047616,0.6082474226804123,1.2579239302694136,0.7637795275590551,0.5,0.6,0.45,0.65,1.327720207253886,0.23622047244094488,0.574468085106383,0.3643410852713178,1.553191489361702,0.0,0.031007751937984496,0.0,0.6666666666666666,0.09302325581395349,1.75,0.3888888888888889,0.13953488372093023,1.0,0.3695652173913043,0.35658914728682173,0.9782608695652174,0.43333333333333335,0.23255813953488372,1.3,0.4411764705882353,0.26356589147286824,1.1176470588235294,,0.0,,0.0,0.023255813953488372,0.0,,0.0,,,0.0,,0.5909090909090909,0.17054263565891473,1.1818181818181819,,0.0,,,0.0,,0.4411764705882353,0.26356589147286824,1.3235294117647058,0.0,0.007751937984496124,0.0,1.0,0.023255813953488372,3.0,,0.0,,,0.0,,12,7,0.5833333333333334,0.09302325581395349,16,8,0.5,0.12403100775193798,16,5,0.3125,0.12403100775193798,83,39,0.46987951807228917,0.6434108527131783,4,2,2,6,0.5,0.031007751937984496,1.5,7,4,3,12,0.5714285714285714,0.05426356589147287,1.7142857142857142,40,19,21,57,0.475,0.31007751937984496,1.425,15,6,9,18,0.4,0.11627906976744186,1.2,17,8,9,24,0.47058823529411764,0.13178294573643412,1.411764705882353,579
8,Liga ACB,51,2025-2026,58696,Jan Vesely,1340,BC Barcelona,24,121,17,104,71,8,63,9,2,171,59,2,13.584694867556609,102,16,86,59,7,52,125,17,1,16,11,1,10,23,78,13,65,40,5,35,85,42,4,38,30,3,27,63,19,15,4,30,34,23,11,46,50,24,26,48,0,0,0,0,17,8,9,24,0,0,0,0,0,0,0,0,1,1,0,2,52,26,26,56,2,0,2,0,15,10,5,23,27,20,7,40,24,14,10,29,42,19,23,44,2,1,1,3,9,8,1,16,5,4,1,8,0,0,0,0,3,2,1,4,16,13,3,26,0,0,0,0,1,1,0,2,30,16,14,33,7,3,4,6,4,3,1,6,0,0,0,0,1,0,1,0,30,21,8,6,4,2,14,10,0,0,0.5867768595041323,0.6057692307692307,0.47058823529411764,0.7,0.6198347107438017,0.2222222222222222,1.2742175856929956,0.14049586776859505,0.5784313725490197,0.6046511627906976,0.4375,0.6127450980392157,1.2414708112206216,0.8571428571428571,0.6470588235294118,0.625,1.0,0.6764705882352942,1.3326226012793176,0.14285714285714285,0.5128205128205128,0.5384615384615384,0.38461538461538464,0.5448717948717948,1.1288022813688214,0.65,0.7142857142857143,0.7105263157894737,0.75,0.75,1.5,0.35,0.5,0.4297520661157025,1.0769230769230769,0.0,0.01652892561983471,0.0,0.6666666666666666,0.12396694214876033,1.5333333333333334,0.7407407407407407,0.2231404958677686,1.4814814814814814,0.5833333333333334,0.19834710743801653,1.2083333333333333,0.4523809523809524,0.34710743801652894,1.0476190476190477,0.5,0.01652892561983471,1.5,0.8888888888888888,0.0743801652892562,1.7777777777777777,0.8,0.04132231404958678,1.6,,0.0,,0.6666666666666666,0.024793388429752067,1.3333333333333333,0.8125,0.1322314049586777,1.625,,0.0,,1.0,0.008264462809917356,2.0,0.5333333333333333,0.24793388429752067,1.1,0.42857142857142855,0.05785123966942149,0.8571428571428571,0.75,0.03305785123966942,1.5,,0.0,,0.0,0.008264462809917356,0.0,19,15,0.7894736842105263,0.15702479338842976,34,23,0.6764705882352942,0.2809917355371901,50,24,0.48,0.4132231404958678,17,8,0.47058823529411764,0.14049586776859505,0,0,0,0,,0.0,,0,0,0,0,,0.0,,12,5,7,15,0.4166666666666667,0.09917355371900827,1.25,2,1,1,3,0.5,0.01652892561983471,1.5,3,2,1,6,0.6666666666666666,0.024793388429752067,2.0,710
8,Liga ACB,51,2025-2026,58700,David Kravish,1339,Malaga,10,63,12,51,25,2,23,3,1,58,23,0,13.633454282317977,49,11,38,20,2,18,42,7,0,7,5,0,5,10,37,6,31,16,1,15,33,24,5,19,9,1,8,19,6,4,2,8,18,9,9,18,26,10,16,20,0,0,0,0,11,2,9,6,0,0,0,0,0,0,0,0,2,0,2,0,18,8,10,16,0,0,0,0,2,0,2,0,22,9,13,19,19,8,11,17,20,7,13,16,5,1,4,2,1,1,0,2,3,1,2,2,0,0,0,0,3,1,2,2,11,8,3,16,0,0,0,0,2,1,1,2,15,5,10,10,0,0,0,0,0,0,0,0,0,0,0,0,1,0,1,0,7,6,2,1,3,3,5,4,0,0,0.3968253968253968,0.45098039215686275,0.16666666666666666,0.8571428571428571,0.4126984126984127,0.3333333333333333,0.87772397094431,0.19047619047619047,0.40816326530612246,0.47368421052631576,0.18181818181818182,0.42857142857142855,0.8620689655172413,0.875,0.7142857142857143,0.7142857142857143,,0.7142857142857143,1.5625,0.125,0.43243243243243246,0.4838709677419355,0.16666666666666666,0.44594594594594594,0.943877551020408,0.6065573770491803,0.375,0.42105263157894735,0.2,0.3958333333333333,0.7916666666666666,0.39344262295081966,0.4444444444444444,0.2857142857142857,0.8888888888888888,,0.0,,0.0,0.031746031746031744,0.0,0.4090909090909091,0.3492063492063492,0.8636363636363636,0.42105263157894735,0.30158730158730157,0.8947368421052632,0.35,0.31746031746031744,0.8,0.2,0.07936507936507936,0.4,1.0,0.015873015873015872,2.0,0.3333333333333333,0.047619047619047616,0.6666666666666666,,0.0,,0.3333333333333333,0.047619047619047616,0.6666666666666666,0.7272727272727273,0.1746031746031746,1.4545454545454546,,0.0,,0.5,0.031746031746031744,1.0,0.3333333333333333,0.23809523809523808,0.6666666666666666,,0.0,,,0.0,,,0.0,,0.0,0.015873015873015872,0.0,6,4,0.6666666666666666,0.09523809523809523,18,9,0.5,0.2857142857142857,26,10,0.38461538461538464,0.4126984126984127,11,2,0.18181818181818182,0.1746031746031746,0,0,0,0,,0.0,,0,0,0,0,,0.0,,5,1,4,3,0.2,0.07936507936507936,0.6,2,1,1,3,0.5,0.031746031746031744,1.5,4,0,4,0,0.0,0.06349206349206349,0.0,308
8,Liga ACB,51,2025-2026,58771,Mihajlo Andric,1322,Leche Rio Breogan,30,182,123,59,90,60,30,10,1,272,65,5,18.824115315048974,122,110,12,60,53,7,173,51,11,40,25,5,20,55,108,70,38,47,32,15,126,65,45,20,37,23,14,97,19,10,9,20,14,8,6,16,25,11,14,22,42,23,19,69,73,32,41,96,0,0,0,0,0,0,0,0,9,6,3,17,56,27,29,76,5,0,5,0,13,8,5,21,52,29,23,76,47,20,27,50,67,34,33,100,20,11,9,27,0,0,0,0,7,4,3,8,0,0,0,0,3,2,1,4,23,11,12,22,0,0,0,0,1,1,0,2,45,20,25,58,0,0,0,0,5,0,5,0,0,0,0,0,2,1,1,2,39,32,4,3,12,11,14,12,3,3,0.4945054945054945,0.5084745762711864,0.4878048780487805,0.8205128205128205,0.6593406593406593,0.1,1.3657360915846555,0.6758241758241759,0.4918032786885246,0.5833333333333334,0.4818181818181818,0.7090163934426229,1.4221073044602455,0.7052023121387283,0.49019607843137253,0.5,0.45454545454545453,0.5392156862745098,1.1727078891257996,0.2947976878612717,0.4351851851851852,0.39473684210526316,0.45714285714285713,0.5833333333333334,1.2088297126839525,0.6242774566473989,0.5692307692307692,0.7,0.5111111111111111,0.7461538461538462,1.5078407720144755,0.37572254335260113,0.48214285714285715,0.3076923076923077,1.3571428571428572,0.0,0.027472527472527472,0.0,0.6153846153846154,0.07142857142857142,1.6153846153846154,0.5576923076923077,0.2857142857142857,1.4615384615384615,0.425531914893617,0.25824175824175827,1.0638297872340425,0.5074626865671642,0.36813186813186816,1.492537313432836,0.55,0.10989010989010989,1.35,,0.0,,0.5714285714285714,0.038461538461538464,1.1428571428571428,,0.0,,0.6666666666666666,0.016483516483516484,1.3333333333333333,0.4782608695652174,0.12637362637362637,0.9565217391304348,,0.0,,1.0,0.005494505494505495,2.0,0.4444444444444444,0.24725274725274726,1.288888888888889,,0.0,,0.0,0.027472527472527472,0.0,,0.0,,0.5,0.01098901098901099,1.0,19,10,0.5263157894736842,0.1043956043956044,14,8,0.5714285714285714,0.07692307692307693,25,11,0.44,0.13736263736263737,115,55,0.4782608695652174,0.6318681318681318,15,9,6,27,0.6,0.08241758241758242,1.8,27,14,13,42,0.5185185185185185,0.14835164835164835,1.5555555555555556,25,13,12,39,0.52,0.13736263736263737,1.56,20,10,10,30,0.5,0.10989010989010989,1.5,28,9,19,27,0.32142857142857145,0.15384615384615385,0.9642857142857143,1306
8,Liga ACB,51,2025-2026,58880,Tyler Kalinosky,1339,Malaga,30,187,119,68,65,37,28,6,0,192,46,9,19.261393860087985,114,94,20,40,29,11,109,57,17,40,20,5,15,45,120,78,42,45,28,17,118,59,36,23,19,8,11,46,18,6,12,12,17,8,9,16,30,14,16,28,15,6,9,18,97,30,67,90,2,0,2,0,0,0,0,0,8,1,7,3,49,22,27,59,9,0,9,0,10,2,8,6,49,17,32,40,62,23,39,59,48,15,33,44,39,16,23,39,0,0,0,0,7,2,5,4,0,0,0,0,1,0,1,0,25,12,13,24,0,0,0,0,0,0,0,0,51,18,33,51,2,0,2,0,0,0,0,0,3,0,3,0,3,1,2,2,32,25,8,4,8,7,11,8,5,3,0.34759358288770054,0.4117647058823529,0.31092436974789917,0.78125,0.446524064171123,0.0,0.954843843246469,0.6363636363636364,0.3508771929824561,0.55,0.30851063829787234,0.4780701754385965,0.9615384615384616,0.6666666666666666,0.3508771929824561,0.375,0.29411764705882354,0.39473684210526316,0.8592200925313945,0.3333333333333333,0.375,0.40476190476190477,0.358974358974359,0.49166666666666664,1.0092918936238384,0.6703910614525139,0.3220338983050847,0.4782608695652174,0.2222222222222222,0.3898305084745763,0.8006535947712418,0.329608938547486,0.4489795918367347,0.2620320855614973,1.2040816326530612,0.0,0.0481283422459893,0.0,0.2,0.053475935828877004,0.6,0.3469387755102041,0.2620320855614973,0.8163265306122449,0.3709677419354839,0.3315508021390374,0.9516129032258065,0.3125,0.25668449197860965,0.9166666666666666,0.41025641025641024,0.20855614973262032,1.0,,0.0,,0.2857142857142857,0.0374331550802139,0.5714285714285714,,0.0,,0.0,0.0053475935828877,0.0,0.48,0.13368983957219252,0.96,,0.0,,,0.0,,0.35294117647058826,0.2727272727272727,1.0,0.0,0.0106951871657754,0.0,,0.0,,0.0,0.016042780748663103,0.0,0.3333333333333333,0.016042780748663103,0.6666666666666666,18,6,0.3333333333333333,0.0962566844919786,17,8,0.47058823529411764,0.09090909090909091,30,14,0.4666666666666667,0.16042780748663102,112,36,0.32142857142857145,0.5989304812834224,7,3,4,9,0.42857142857142855,0.0374331550802139,1.2857142857142858,8,3,5,9,0.375,0.0427807486631016,1.125,16,6,10,18,0.375,0.0855614973262032,1.125,38,12,26,36,0.3157894736842105,0.20320855614973263,0.9473684210526315,43,12,31,36,0.27906976744186046,0.22994652406417113,0.8372093023255814,1101
8,Liga ACB,51,2025-2026,59036,Howard Sant-Roos,1334,CB UCAM Murcia,31,141,47,94,74,16,58,36,12,222,32,3,12.1412450695066,57,38,19,26,14,12,66,82,8,74,47,2,45,96,96,28,68,47,8,39,102,42,17,25,26,8,18,60,43,32,11,64,37,17,20,34,13,8,5,16,16,4,12,12,26,11,15,33,0,0,0,0,3,1,2,3,3,1,2,2,31,17,14,37,3,0,3,0,6,6,0,12,36,20,16,48,62,30,32,65,33,11,22,33,17,7,10,15,4,3,1,6,1,0,1,0,1,1,0,3,0,0,0,0,66,43,23,86,0,0,0,0,0,0,0,0,7,3,4,8,3,1,2,2,1,1,0,2,3,2,1,5,2,1,1,2,76,58,8,6,51,38,56,43,3,1,0.524822695035461,0.6170212765957447,0.3404255319148936,0.7631578947368421,0.5815602836879432,0.3333333333333333,1.2726438890162808,0.3333333333333333,0.45614035087719296,0.631578947368421,0.3684210526315789,0.5789473684210527,1.1896893588896231,0.41007194244604317,0.573170731707317,0.6081081081081081,0.25,0.5853658536585366,1.2830333205668327,0.5899280575539568,0.4895833333333333,0.5735294117647058,0.2857142857142857,0.53125,1.2019230769230769,0.6956521739130435,0.6190476190476191,0.72,0.47058823529411764,0.7142857142857143,1.4081255771006465,0.30434782608695654,0.5483870967741935,0.2198581560283688,1.1935483870967742,0.0,0.02127659574468085,0.0,1.0,0.0425531914893617,2.0,0.5555555555555556,0.2553191489361702,1.3333333333333333,0.4838709677419355,0.4397163120567376,1.0483870967741935,0.3333333333333333,0.23404255319148937,1.0,0.4117647058823529,0.12056737588652482,0.8823529411764706,0.75,0.028368794326241134,1.5,0.0,0.0070921985815602835,0.0,1.0,0.0070921985815602835,3.0,,0.0,,0.6515151515151515,0.46808510638297873,1.303030303030303,,0.0,,,0.0,,0.42857142857142855,0.04964539007092199,1.1428571428571428,0.3333333333333333,0.02127659574468085,0.6666666666666666,1.0,0.0070921985815602835,2.0,0.6666666666666666,0.02127659574468085,1.6666666666666667,0.5,0.014184397163120567,1.0,43,32,0.7441860465116279,0.3049645390070922,37,17,0.4594594594594595,0.2624113475177305,13,8,0.6153846153846154,0.09219858156028368,42,15,0.35714285714285715,0.2978723404255319,5,0,5,0,0.0,0.03546099290780142,0.0,11,4,7,12,0.36363636363636365,0.07801418439716312,1.0909090909090908,3,2,1,6,0.6666666666666666,0.02127659574468085,2.0,6,2,4,6,0.3333333333333333,0.0425531914893617,1.0,17,7,10,21,0.4117647058823529,0.12056737588652482,1.2352941176470589,1226
8,Liga ACB,51,2025-2026,59075,Augusto Lima,1316,San Pablo Burgos,5,2,0,2,1,0,1,1,0,3,0,0,4.209670094893566,0,0,0,0,0,0,0,1,0,1,0,0,0,0,2,0,2,1,0,1,2,0,0,0,0,0,0,0,1,1,0,2,1,0,1,0,0,0,0,0,0,0,0,0,0,0,0,0,0,0,0,0,0,0,0,0,0,0,0,0,0,0,0,0,0,0,0,0,0,0,0,0,0,0,0,0,2,1,1,2,0,0,0,0,0,0,0,0,0,0,0,0,0,0,0,0,0,0,0,0,1,0,1,0,0,0,0,0,0,0,0,0,0,0,0,0,0,0,0,0,0,0,0,0,0,0,0,0,0,0,0,0,1,1,0,2,2,1,2,1,0,0,2,1,0,0,0.5,0.5,,0.5,0.5,0.0,1.0416666666666667,0.0,,,,,1.1363636363636365,0.0,0.0,0.0,,0.0,0.0,1.0,0.5,0.5,,0.5,1.0416666666666667,1.0,,,,,,0.0,,0.0,,,0.0,,,0.0,,,0.0,,0.5,1.0,1.0,,0.0,,,0.0,,,0.0,,,0.0,,,0.0,,0.0,0.5,0.0,,0.0,,,0.0,,,0.0,,,0.0,,,0.0,,,0.0,,,0.0,,1.0,0.5,2.0,1,1,1.0,0.5,1,0,0.0,0.5,0,0,,0.0,0,0,,0.0,0,0,0,0,,0.0,,0,0,0,0,,0.0,,0,0,0,0,,0.0,,0,0,0,0,,0.0,,0,0,0,0,,0.0,,35
8,Liga ACB,51,2025-2026,59089,Moussa Diagne,1334,CB UCAM Murcia,17,22,0,22,13,0,13,3,1,42,11,1,8.271895734508805,19,0,19,11,0,11,22,2,0,2,1,0,1,2,13,0,13,6,0,6,12,9,0,9,7,0,7,14,8,7,1,14,8,4,4,8,6,2,4,4,0,0,0,0,0,0,0,0,0,0,0,0,0,0,0,0,0,0,0,0,3,2,1,4,1,0,1,0,4,3,1,6,5,4,1,8,9,4,5,8,4,0,4,0,0,0,0,0,2,2,0,4,2,1,1,2,0,0,0,0,2,0,2,0,8,6,2,12,0,0,0,0,0,0,0,0,3,3,0,6,0,0,0,0,0,0,0,0,0,0,0,0,1,1,0,2,21,16,5,4,0,0,4,3,1,1,0.5909090909090909,0.5909090909090909,,0.7619047619047619,0.5909090909090909,0.3333333333333333,1.3444302176696543,0.0,0.5789473684210527,0.5789473684210527,,0.5789473684210527,1.2264150943396226,0.9047619047619048,0.5,0.5,,0.5,1.0,0.09523809523809523,0.46153846153846156,0.46153846153846156,,0.46153846153846156,1.016260162601626,0.5909090909090909,0.7777777777777778,0.7777777777777778,,0.7777777777777778,1.5889830508474576,0.4090909090909091,0.6666666666666666,0.13636363636363635,1.3333333333333333,0.0,0.045454545454545456,0.0,0.75,0.18181818181818182,1.5,0.8,0.22727272727272727,1.6,0.4444444444444444,0.4090909090909091,0.8888888888888888,0.0,0.18181818181818182,0.0,,0.0,,1.0,0.09090909090909091,2.0,0.5,0.09090909090909091,1.0,,0.0,,0.0,0.09090909090909091,0.0,0.75,0.36363636363636365,1.5,,0.0,,,0.0,,1.0,0.13636363636363635,2.0,,0.0,,,0.0,,,0.0,,1.0,0.045454545454545456,2.0,8,7,0.875,0.36363636363636365,8,4,0.5,0.36363636363636365,6,2,0.3333333333333333,0.2727272727272727,0,0,,0.0,0,0,0,0,,0.0,,0,0,0,0,,0.0,,0,0,0,0,,0.0,,0,0,0,0,,0.0,,0,0,0,0,,0.0,,248
8,Liga ACB,51,2025-2026,59090,Emanuel Ion Cate,1334,CB UCAM Murcia,31,132,0,132,76,0,76,21,9,196,50,5,5.9158333299405665,80,0,80,49,0,49,98,40,0,40,24,0,24,48,84,0,84,43,0,43,86,46,0,46,32,0,32,64,68,43,25,86,41,22,19,44,21,10,11,20,0,0,0,0,0,0,0,0,0,0,0,0,0,0,0,0,2,1,1,2,33,20,13,40,5,0,5,0,11,5,6,10,35,27,8,54,46,23,23,46,12,6,6,12,2,1,1,2,9,8,1,16,3,2,1,4,0,0,0,0,14,7,7,14,66,42,24,84,0,0,0,0,2,1,1,2,9,4,5,8,2,1,1,2,2,0,2,0,0,0,0,0,9,3,6,6,64,44,13,6,10,7,26,15,3,3,0.5757575757575758,0.5757575757575758,,0.6875,0.5757575757575758,0.42857142857142855,1.2237762237762237,0.0,0.6125,0.6125,,0.6125,1.2132524498366775,0.6666666666666666,0.6,0.6,,0.6,1.2387387387387387,0.3333333333333333,0.5119047619047619,0.5119047619047619,,0.5119047619047619,1.0582564962279968,0.6461538461538462,0.6956521739130435,0.6956521739130435,,0.6956521739130435,1.4158918005071852,0.35384615384615387,0.6060606060606061,0.25,1.2121212121212122,0.0,0.03787878787878788,0.0,0.45454545454545453,0.08333333333333333,0.9090909090909091,0.7714285714285715,0.26515151515151514,1.542857142857143,0.5,0.3484848484848485,1.0,0.5,0.09090909090909091,1.0,0.5,0.015151515151515152,1.0,0.8888888888888888,0.06818181818181818,1.7777777777777777,0.6666666666666666,0.022727272727272728,1.3333333333333333,,0.0,,0.5,0.10606060606060606,1.0,0.6363636363636364,0.5,1.2727272727272727,,0.0,,0.5,0.015151515151515152,1.0,0.4444444444444444,0.06818181818181818,0.8888888888888888,0.5,0.015151515151515152,1.0,0.0,0.015151515151515152,0.0,,0.0,,0.3333333333333333,0.06818181818181818,0.6666666666666666,68,43,0.6323529411764706,0.5151515151515151,41,22,0.5365853658536586,0.3106060606060606,21,10,0.47619047619047616,0.1590909090909091,0,0,,0.0,0,0,0,0,,0.0,,0,0,0,0,,0.0,,0,0,0,0,,0.0,,0,0,0,0,,0.0,,0,0,0,0,,0.0,,1122
8,Liga ACB,51,2025-2026,59091,Sander Raieste,1334,CB UCAM Murcia,26,113,60,53,45,17,28,17,2,134,36,3,14.838924316847509,76,55,21,30,16,14,76,31,3,28,12,0,12,24,78,43,35,25,12,13,62,33,16,17,18,4,14,40,25,15,10,30,21,9,12,18,6,3,3,6,29,8,21,24,29,8,21,24,0,0,0,0,1,0,1,0,2,2,0,5,43,15,28,41,3,0,3,0,7,3,4,7,26,15,11,33,32,10,22,21,47,13,34,39,7,1,6,3,10,10,0,20,0,0,0,0,0,0,0,0,5,2,3,4,30,13,17,26,0,0,0,0,2,1,1,2,7,2,5,6,1,0,1,0,1,0,1,0,0,0,0,0,1,1,0,2,38,27,11,9,11,7,28,20,1,1,0.39823008849557523,0.5283018867924528,0.2833333333333333,0.7105263157894737,0.47345132743362833,0.11764705882352941,1.0329941412272587,0.5309734513274337,0.39473684210526316,0.6666666666666666,0.2909090909090909,0.5,1.0514596734289956,0.7102803738317757,0.3870967741935484,0.42857142857142855,0.0,0.3870967741935484,0.8649553571428571,0.2897196261682243,0.32051282051282054,0.37142857142857144,0.27906976744186046,0.3974358974358974,0.9078830823737821,0.7027027027027027,0.5454545454545454,0.8235294117647058,0.25,0.6060606060606061,1.2260765550239234,0.2972972972972973,0.3488372093023256,0.3805309734513274,0.9534883720930233,0.0,0.02654867256637168,0.0,0.42857142857142855,0.061946902654867256,1.0,0.5769230769230769,0.23008849557522124,1.2692307692307692,0.3125,0.2831858407079646,0.65625,0.2765957446808511,0.415929203539823,0.8297872340425532,0.14285714285714285,0.061946902654867256,0.42857142857142855,1.0,0.08849557522123894,2.0,,0.0,,,0.0,,0.4,0.04424778761061947,0.8,0.43333333333333335,0.26548672566371684,0.8666666666666667,,0.0,,0.5,0.017699115044247787,1.0,0.2857142857142857,0.061946902654867256,0.8571428571428571,0.0,0.008849557522123894,0.0,0.0,0.008849557522123894,0.0,,0.0,,1.0,0.008849557522123894,2.0,25,15,0.6,0.22123893805309736,21,9,0.42857142857142855,0.18584070796460178,6,3,0.5,0.05309734513274336,58,16,0.27586206896551724,0.5132743362831859,14,5,9,15,0.35714285714285715,0.12389380530973451,1.0714285714285714,15,3,12,9,0.2,0.13274336283185842,0.6,2,2,0,6,1.0,0.017699115044247787,3.0,10,2,8,6,0.2,0.08849557522123894,0.6,17,4,13,12,0.23529411764705882,0.1504424778761062,0.7058823529411765,999
8,Liga ACB,51,2025-2026,59092,Toni Nakic,1334,CB UCAM Murcia,30,135,104,31,57,39,18,12,2,189,48,3,20.366825084770564,105,92,13,43,34,9,120,24,7,17,11,3,8,25,94,71,23,33,23,10,89,36,28,8,21,13,8,55,13,11,2,22,10,4,6,8,8,3,5,6,29,14,15,42,70,22,48,66,0,0,0,0,0,0,0,0,5,3,2,9,46,17,29,47,3,0,3,0,9,4,5,12,27,17,10,43,45,16,29,42,66,26,40,78,12,5,7,14,1,0,1,0,1,1,0,2,0,0,0,0,1,0,1,0,19,15,4,30,0,0,0,0,0,0,0,0,28,7,21,20,0,0,0,0,1,0,1,0,1,0,1,0,0,0,0,0,41,36,14,13,8,7,21,19,0,0,0.4222222222222222,0.5806451612903226,0.375,0.8780487804878049,0.5666666666666667,0.16666666666666666,1.234971249346576,0.7703703703703704,0.4095238095238095,0.6923076923076923,0.3695652173913043,0.5714285714285714,1.1964735516372795,0.813953488372093,0.4583333333333333,0.47058823529411764,0.42857142857142855,0.5208333333333334,1.1627906976744187,0.18604651162790697,0.35106382978723405,0.43478260869565216,0.323943661971831,0.4734042553191489,1.0461061604029447,0.7230769230769231,0.5833333333333334,1.0,0.4642857142857143,0.7638888888888888,1.5277777777777777,0.27692307692307694,0.3695652173913043,0.34074074074074073,1.0217391304347827,0.0,0.022222222222222223,0.0,0.4444444444444444,0.06666666666666667,1.3333333333333333,0.6296296296296297,0.2,1.5925925925925926,0.35555555555555557,0.3333333333333333,0.9333333333333333,0.3939393939393939,0.4888888888888889,1.1818181818181819,0.4166666666666667,0.08888888888888889,1.1666666666666667,0.0,0.007407407407407408,0.0,1.0,0.007407407407407408,2.0,,0.0,,0.0,0.007407407407407408,0.0,0.7894736842105263,0.14074074074074075,1.5789473684210527,,0.0,,,0.0,,0.25,0.2074074074074074,0.7142857142857143,,0.0,,0.0,0.007407407407407408,0.0,0.0,0.007407407407407408,0.0,,0.0,,13,11,0.8461538461538461,0.0962962962962963,10,4,0.4,0.07407407407407407,8,3,0.375,0.05925925925925926,99,36,0.36363636363636365,0.7333333333333333,15,9,6,27,0.6,0.1111111111111111,1.8,14,5,9,15,0.35714285714285715,0.1037037037037037,1.0714285714285714,16,7,9,21,0.4375,0.11851851851851852,1.3125,30,7,23,21,0.23333333333333334,0.2222222222222222,0.7,24,8,16,24,0.3333333333333333,0.17777777777777778,1.0,1148
8,Liga ACB,51,2025-2026,59093,Wilhelm Falk,1334,CB UCAM Murcia,29,64,20,44,24,2,22,12,6,77,14,5,10.23232441649055,48,18,30,17,1,16,35,10,1,9,6,1,5,13,36,7,29,12,1,11,25,26,11,15,12,1,11,25,24,14,10,28,18,7,11,14,2,1,1,2,2,0,2,0,16,2,14,6,0,0,0,0,0,0,0,0,2,0,2,0,12,4,8,8,5,0,5,0,5,4,1,8,21,8,13,17,19,8,11,17,16,1,15,3,0,0,0,0,4,4,0,8,2,1,1,2,0,0,0,0,1,0,1,0,30,16,14,32,0,0,0,0,0,0,0,0,2,0,2,0,0,0,0,0,1,1,0,3,0,0,0,0,6,1,5,2,38,27,14,8,4,2,15,9,3,1,0.375,0.5,0.1,0.7105263157894737,0.390625,0.5,0.9539147670961348,0.3125,0.3541666666666667,0.5333333333333333,0.05555555555555555,0.3645833333333333,0.7939438700147711,0.8275862068965517,0.6,0.5555555555555556,1.0,0.65,1.2755102040816326,0.1724137931034483,0.3333333333333333,0.3793103448275862,0.14285714285714285,0.3472222222222222,0.7981220657276995,0.5806451612903226,0.46153846153846156,0.7333333333333333,0.09090909090909091,0.4807692307692308,0.9516837481698389,0.41935483870967744,0.3333333333333333,0.1875,0.6666666666666666,0.0,0.078125,0.0,0.8,0.078125,1.6,0.38095238095238093,0.328125,0.8095238095238095,0.42105263157894735,0.296875,0.8947368421052632,0.0625,0.25,0.1875,,0.0,,1.0,0.0625,2.0,0.5,0.03125,1.0,,0.0,,0.0,0.015625,0.0,0.5333333333333333,0.46875,1.0666666666666667,,0.0,,,0.0,,0.0,0.03125,0.0,,0.0,,1.0,0.015625,3.0,,0.0,,0.16666666666666666,0.09375,0.3333333333333333,24,14,0.5833333333333334,0.375,18,7,0.3888888888888889,0.28125,2,1,0.5,0.03125,18,2,0.1111111111111111,0.28125,0,0,0,0,,0.0,,2,0,2,0,0.0,0.03125,0.0,3,0,3,0,0.0,0.046875,0.0,7,1,6,3,0.14285714285714285,0.109375,0.42857142857142855,6,1,5,3,0.16666666666666666,0.09375,0.5,653
8,Liga ACB,51,2025-2026,59095,Dylan Ennis,1334,CB UCAM Murcia,24,228,106,122,88,34,54,21,6,256,37,15,14.902534143281946,58,50,8,24,18,6,66,167,55,112,64,16,48,144,166,75,91,53,22,31,128,57,28,29,32,11,21,75,56,27,29,54,48,21,27,42,16,4,12,8,18,12,6,36,82,21,61,63,1,0,1,0,2,0,2,0,5,3,2,7,53,22,31,56,15,0,15,0,17,7,10,16,40,25,15,59,98,31,67,72,35,11,24,33,57,15,42,42,2,2,0,4,7,3,4,6,2,0,2,0,3,1,2,2,87,41,46,82,1,0,1,0,0,0,0,0,13,6,7,18,1,0,1,0,1,0,1,0,13,6,7,16,1,0,1,0,62,46,3,1,35,28,32,24,8,6,0.38596491228070173,0.4426229508196721,0.32075471698113206,0.7419354838709677,0.4605263157894737,0.2857142857142857,1.0028204324663115,0.4649122807017544,0.41379310344827586,0.75,0.36,0.5689655172413793,1.129467296021578,0.2577777777777778,0.38323353293413176,0.42857142857142855,0.2909090909090909,0.4311377245508982,0.9429824561403508,0.7422222222222222,0.3192771084337349,0.34065934065934067,0.29333333333333333,0.3855421686746988,0.8440693025322078,0.7443946188340808,0.5614035087719298,0.7241379310344828,0.39285714285714285,0.6578947368421053,1.338400528750826,0.2556053811659193,0.41509433962264153,0.2324561403508772,1.0566037735849056,0.0,0.06578947368421052,0.0,0.4117647058823529,0.07456140350877193,0.9411764705882353,0.625,0.17543859649122806,1.475,0.3163265306122449,0.4298245614035088,0.7346938775510204,0.3142857142857143,0.15350877192982457,0.9428571428571428,0.2631578947368421,0.25,0.7368421052631579,1.0,0.008771929824561403,2.0,0.42857142857142855,0.03070175438596491,0.8571428571428571,0.0,0.008771929824561403,0.0,0.3333333333333333,0.013157894736842105,0.6666666666666666,0.47126436781609193,0.3815789473684211,0.9425287356321839,0.0,0.0043859649122807015,0.0,,0.0,,0.46153846153846156,0.05701754385964912,1.3846153846153846,0.0,0.0043859649122807015,0.0,0.0,0.0043859649122807015,0.0,0.46153846153846156,0.05701754385964912,1.2307692307692308,0.0,0.0043859649122807015,0.0,56,27,0.48214285714285715,0.24561403508771928,48,21,0.4375,0.21052631578947367,16,4,0.25,0.07017543859649122,100,33,0.33,0.43859649122807015,10,6,4,18,0.6,0.043859649122807015,1.8,8,6,2,18,0.75,0.03508771929824561,2.25,28,8,20,24,0.2857142857142857,0.12280701754385964,0.8571428571428571,36,9,27,27,0.25,0.15789473684210525,0.75,18,4,14,12,0.2222222222222222,0.07894736842105263,0.6666666666666666,1144
8,Liga ACB,51,2025-2026,59096,Ante Tomic,1336,Club Joventut Badalona,23,211,5,206,117,2,115,34,14,291,79,5,7.1428337182159725,104,4,100,62,2,60,126,86,0,86,42,0,42,84,139,1,138,71,0,71,142,70,4,66,45,2,43,92,55,42,13,84,126,62,64,124,23,10,13,20,0,0,0,0,5,2,3,6,0,0,0,0,0,0,0,0,2,1,1,2,39,25,14,50,5,0,5,0,22,13,9,26,48,32,16,66,95,46,49,92,7,4,3,10,5,1,4,2,3,3,0,6,30,13,17,26,0,0,0,0,68,31,37,62,77,55,22,110,1,1,0,2,0,0,0,0,5,3,2,6,5,1,4,2,2,0,2,0,0,0,0,0,6,4,2,8,80,55,14,9,30,22,46,33,8,5,0.5545023696682464,0.558252427184466,0.4,0.6875,0.5592417061611374,0.4117647058823529,1.181965881397238,0.023696682464454975,0.5961538461538461,0.6,0.5,0.6057692307692307,1.2254901960784315,0.5473684210526316,0.4883720930232558,0.4883720930232558,,0.4883720930232558,1.0685483870967742,0.45263157894736844,0.5107913669064749,0.5144927536231884,0.0,0.5107913669064749,1.098970108013062,0.6650717703349283,0.6428571428571429,0.6515151515151515,0.5,0.6571428571428571,1.31936887921654,0.3349282296650718,0.6410256410256411,0.1848341232227488,1.2820512820512822,0.0,0.023696682464454975,0.0,0.5909090909090909,0.10426540284360189,1.1818181818181819,0.6666666666666666,0.22748815165876776,1.375,0.4842105263157895,0.45023696682464454,0.968421052631579,0.5714285714285714,0.03317535545023697,1.4285714285714286,0.2,0.023696682464454975,0.4,1.0,0.014218009478672985,2.0,0.43333333333333335,0.14218009478672985,0.8666666666666667,,0.0,,0.45588235294117646,0.3222748815165877,0.9117647058823529,0.7142857142857143,0.36492890995260663,1.4285714285714286,1.0,0.004739336492890996,2.0,,0.0,,0.6,0.023696682464454975,1.2,0.2,0.023696682464454975,0.4,0.0,0.009478672985781991,0.0,,0.0,,0.6666666666666666,0.02843601895734597,1.3333333333333333,55,42,0.7636363636363637,0.26066350710900477,126,62,0.49206349206349204,0.5971563981042654,23,10,0.43478260869565216,0.10900473933649289,5,2,0.4,0.023696682464454975,0,0,0,0,,0.0,,0,0,0,0,,0.0,,5,2,3,6,0.4,0.023696682464454975,1.2,0,0,0,0,,0.0,,0,0,0,0,,0.0,,888
8,Liga ACB,51,2025-2026,59097,Adam Hanga,1336,Club Joventut Badalona,31,172,95,77,72,22,50,13,2,187,46,3,16.189280289229888,93,69,24,38,18,20,94,72,23,49,33,4,29,70,115,72,43,38,14,24,90,54,21,33,32,7,25,71,27,21,6,42,42,24,18,48,7,4,3,8,23,4,19,12,67,17,50,51,1,0,1,0,2,0,2,0,3,2,1,5,59,17,42,46,3,0,3,0,11,7,4,16,43,25,18,55,53,21,32,44,61,16,45,48,18,3,15,8,2,2,0,4,13,7,6,14,2,0,2,0,3,1,2,2,52,37,15,74,0,0,0,0,0,0,0,0,8,2,6,6,1,0,1,0,2,1,1,3,4,0,4,0,3,1,2,2,32,21,11,5,13,10,19,13,5,2,0.4186046511627907,0.6493506493506493,0.23157894736842105,0.65625,0.48255813953488375,0.15384615384615385,1.004944110060189,0.5523255813953488,0.40860215053763443,0.8333333333333334,0.2608695652173913,0.5053763440860215,1.0118560915780865,0.5636363636363636,0.4583333333333333,0.5918367346938775,0.17391304347826086,0.4861111111111111,1.029336078229542,0.43636363636363634,0.33043478260869563,0.5581395348837209,0.19444444444444445,0.391304347826087,0.8349546044098574,0.6804733727810651,0.5925925925925926,0.7575757575757576,0.3333333333333333,0.6574074074074074,1.298932384341637,0.31952662721893493,0.288135593220339,0.3430232558139535,0.7796610169491526,0.0,0.01744186046511628,0.0,0.6363636363636364,0.06395348837209303,1.4545454545454546,0.5813953488372093,0.25,1.2790697674418605,0.39622641509433965,0.3081395348837209,0.8301886792452831,0.26229508196721313,0.3546511627906977,0.7868852459016393,0.16666666666666666,0.10465116279069768,0.4444444444444444,1.0,0.011627906976744186,2.0,0.5384615384615384,0.0755813953488372,1.0769230769230769,0.0,0.011627906976744186,0.0,0.3333333333333333,0.01744186046511628,0.6666666666666666,0.7115384615384616,0.3023255813953488,1.4230769230769231,,0.0,,,0.0,,0.25,0.046511627906976744,0.75,0.0,0.005813953488372093,0.0,0.5,0.011627906976744186,1.5,0.0,0.023255813953488372,0.0,0.3333333333333333,0.01744186046511628,0.6666666666666666,27,21,0.7777777777777778,0.1569767441860465,42,24,0.5714285714285714,0.2441860465116279,7,4,0.5714285714285714,0.040697674418604654,90,21,0.23333333333333334,0.5232558139534884,15,2,13,6,0.13333333333333333,0.0872093023255814,0.4,8,2,6,6,0.25,0.046511627906976744,0.75,21,5,16,15,0.23809523809523808,0.12209302325581395,0.7142857142857143,28,6,22,18,0.21428571428571427,0.16279069767441862,0.6428571428571429,18,6,12,18,0.3333333333333333,0.10465116279069768,1.0,1260
8,Liga ACB,51,2025-2026,59098,Guillem Vives,1336,Club Joventut Badalona,27,82,65,17,40,31,9,2,0,119,22,2,21.907826391155997,40,36,4,20,18,2,58,40,27,13,20,13,7,53,53,45,8,27,23,4,77,28,19,9,13,8,5,34,5,3,2,6,10,5,5,10,2,1,1,2,12,7,5,21,50,24,26,72,1,0,1,0,1,0,1,0,1,0,1,0,32,18,14,53,2,0,2,0,2,0,2,0,26,13,13,34,19,9,10,24,32,17,15,51,27,12,15,35,0,0,0,0,5,3,2,6,0,0,0,0,0,0,0,0,10,5,5,10,0,0,0,0,0,0,0,0,4,1,3,3,0,0,0,0,3,2,1,6,0,0,0,0,0,0,0,0,10,8,2,2,0,0,2,2,0,0,0.4878048780487805,0.5294117647058824,0.47692307692307695,0.8,0.676829268292683,0.0,1.3773148148148147,0.7926829268292683,0.5,0.5,0.5,0.725,1.4677103718199607,0.5,0.5,0.5384615384615384,0.48148148148148145,0.6625,1.325,0.5,0.5094339622641509,0.5,0.5111111111111111,0.7264150943396226,1.4662212323682255,0.654320987654321,0.4642857142857143,0.5555555555555556,0.42105263157894735,0.6071428571428571,1.2142857142857142,0.345679012345679,0.5625,0.3902439024390244,1.65625,0.0,0.024390243902439025,0.0,0.0,0.024390243902439025,0.0,0.5,0.3170731707317073,1.3076923076923077,0.47368421052631576,0.23170731707317074,1.263157894736842,0.53125,0.3902439024390244,1.59375,0.4444444444444444,0.32926829268292684,1.2962962962962963,,0.0,,0.6,0.06097560975609756,1.2,,0.0,,,0.0,,0.5,0.12195121951219512,1.0,,0.0,,,0.0,,0.25,0.04878048780487805,0.75,,0.0,,0.6666666666666666,0.036585365853658534,2.0,,0.0,,,0.0,,5,3,0.6,0.06097560975609756,10,5,0.5,0.12195121951219512,2,1,0.5,0.024390243902439025,62,31,0.5,0.7560975609756098,9,4,5,12,0.4444444444444444,0.10975609756097561,1.3333333333333333,3,3,0,9,1.0,0.036585365853658534,3.0,20,10,10,30,0.5,0.24390243902439024,1.5,21,7,14,21,0.3333333333333333,0.25609756097560976,1.0,9,7,2,21,0.7777777777777778,0.10975609756097561,2.3333333333333335,681
8,Liga ACB,51,2025-2026,59099,Ludvig Hakanson,1336,Club Joventut Badalona,31,200,123,77,88,47,41,7,0,262,45,6,18.554371688708592,73,57,16,42,28,14,112,125,65,60,44,18,26,106,120,73,47,40,20,20,100,78,49,29,47,27,20,121,20,15,5,30,26,11,15,22,30,14,16,28,9,5,4,15,113,42,71,126,0,0,0,0,0,0,0,0,2,1,1,2,65,20,45,53,6,0,6,0,22,16,6,41,56,31,25,80,49,20,29,47,31,13,18,39,88,29,59,76,0,0,0,0,7,2,5,4,0,0,0,0,0,0,0,0,36,23,13,46,1,0,1,0,0,0,0,0,27,17,10,49,1,1,0,2,5,2,3,5,2,0,2,0,0,0,0,0,41,39,0,0,19,17,19,17,0,0,0.44,0.5324675324675324,0.3821138211382114,0.9512195121951219,0.5575,0.0,1.2016143826820767,0.615,0.5753424657534246,0.875,0.49122807017543857,0.7671232876712328,1.5342465753424657,0.3686868686868687,0.352,0.43333333333333335,0.27692307692307694,0.424,0.9223155368926214,0.6313131313131313,0.3333333333333333,0.425531914893617,0.273972602739726,0.4166666666666667,0.9114989093175443,0.6060606060606061,0.6025641025641025,0.6896551724137931,0.5510204081632653,0.7756410256410257,1.5512820512820513,0.3939393939393939,0.3076923076923077,0.325,0.8153846153846154,0.0,0.03,0.0,0.7272727272727273,0.11,1.8636363636363635,0.5535714285714286,0.28,1.4285714285714286,0.40816326530612246,0.245,0.9591836734693877,0.41935483870967744,0.155,1.2580645161290323,0.32954545454545453,0.44,0.8636363636363636,,0.0,,0.2857142857142857,0.035,0.5714285714285714,,0.0,,,0.0,,0.6388888888888888,0.18,1.2777777777777777,0.0,0.005,0.0,,0.0,,0.6296296296296297,0.135,1.8148148148148149,1.0,0.005,2.0,0.4,0.025,1.0,0.0,0.01,0.0,,0.0,,20,15,0.75,0.1,26,11,0.4230769230769231,0.13,30,14,0.4666666666666667,0.15,122,47,0.38524590163934425,0.61,7,5,2,15,0.7142857142857143,0.035,2.142857142857143,2,0,2,0,0.0,0.01,0.0,43,17,26,51,0.3953488372093023,0.215,1.186046511627907,36,12,24,36,0.3333333333333333,0.18,1.0,34,13,21,39,0.38235294117647056,0.17,1.1470588235294117,1125
8,Liga ACB,51,2025-2026,59100,Yannick Kraag,1336,Club Joventut Badalona,32,153,80,73,68,23,45,15,5,183,52,5,15.004498175239636,110,74,36,46,21,25,113,34,6,28,17,2,15,36,96,51,45,40,17,23,97,54,27,27,27,6,21,60,35,26,9,52,28,17,11,34,9,1,8,2,34,12,22,36,44,11,33,33,0,0,0,0,0,0,0,0,3,1,2,2,52,23,29,57,5,0,5,0,11,4,7,8,43,23,20,52,39,17,22,40,65,20,45,59,7,2,5,5,13,13,0,26,3,1,2,2,0,0,0,0,7,2,5,4,34,25,9,50,0,0,0,0,2,1,1,2,12,2,10,6,0,0,0,0,4,1,3,3,0,0,0,0,3,0,3,0,34,24,13,8,12,11,24,19,1,0,0.4444444444444444,0.6164383561643836,0.2875,0.7058823529411765,0.5196078431372549,0.3333333333333333,1.0895451297928078,0.5228758169934641,0.41818181818181815,0.6944444444444444,0.28378378378378377,0.5136363636363637,1.0456273764258555,0.7638888888888888,0.5,0.5357142857142857,0.3333333333333333,0.5294117647058824,1.1965376782077393,0.2361111111111111,0.4166666666666667,0.5111111111111111,0.3333333333333333,0.5052083333333334,1.0885885885885886,0.64,0.5,0.7777777777777778,0.2222222222222222,0.5555555555555556,1.1021307861866276,0.36,0.4423076923076923,0.33986928104575165,1.0961538461538463,0.0,0.032679738562091505,0.0,0.36363636363636365,0.0718954248366013,0.7272727272727273,0.5348837209302325,0.28104575163398693,1.2093023255813953,0.4358974358974359,0.2549019607843137,1.0256410256410255,0.3076923076923077,0.42483660130718953,0.9076923076923077,0.2857142857142857,0.0457516339869281,0.7142857142857143,1.0,0.08496732026143791,2.0,0.3333333333333333,0.0196078431372549,0.6666666666666666,,0.0,,0.2857142857142857,0.0457516339869281,0.5714285714285714,0.7352941176470589,0.2222222222222222,1.4705882352941178,,0.0,,0.5,0.013071895424836602,1.0,0.16666666666666666,0.0784313725490196,0.5,,0.0,,0.25,0.026143790849673203,0.75,,0.0,,0.0,0.0196078431372549,0.0,35,26,0.7428571428571429,0.22875816993464052,28,17,0.6071428571428571,0.1830065359477124,9,1,0.1111111111111111,0.058823529411764705,78,23,0.2948717948717949,0.5098039215686274,17,6,11,18,0.35294117647058826,0.1111111111111111,1.0588235294117647,17,6,11,18,0.35294117647058826,0.1111111111111111,1.0588235294117647,7,2,5,6,0.2857142857142857,0.0457516339869281,0.8571428571428571,18,5,13,15,0.2777777777777778,0.11764705882352941,0.8333333333333334,19,4,15,12,0.21052631578947367,0.12418300653594772,0.631578947368421,1344
8,Liga ACB,51,2025-2026,59101,Miguel Allen Montesdeoca,1336,Club Joventut Badalona,21,35,4,31,20,1,19,10,2,48,13,1,7.867124537312022,21,4,17,13,1,12,27,11,0,11,4,0,4,8,25,3,22,13,1,12,27,10,1,9,7,0,7,14,14,10,4,20,12,8,4,16,5,1,4,2,2,1,1,3,2,0,2,0,0,0,0,0,0,0,0,0,0,0,0,0,10,6,4,13,1,0,1,0,3,3,0,6,7,4,3,8,14,7,7,14,5,1,4,3,2,0,2,0,1,1,0,2,5,2,3,4,0,0,0,0,4,2,2,4,13,10,3,20,0,0,0,0,2,2,0,4,1,1,0,2,0,0,0,0,0,0,0,0,0,0,0,0,2,1,1,2,18,7,11,5,5,2,18,7,0,0,0.5714285714285714,0.6129032258064516,0.25,0.3888888888888889,0.5857142857142857,0.2,1.1183597390493942,0.11428571428571428,0.6190476190476191,0.7058823529411765,0.25,0.6428571428571429,1.238390092879257,0.65625,0.36363636363636365,0.36363636363636365,,0.36363636363636365,0.7575757575757576,0.34375,0.52,0.5454545454545454,0.3333333333333333,0.54,1.0328068043742404,0.7142857142857143,0.7,0.7777777777777778,0.0,0.7,1.4,0.2857142857142857,0.6,0.2857142857142857,1.3,0.0,0.02857142857142857,0.0,1.0,0.08571428571428572,2.0,0.5714285714285714,0.2,1.1428571428571428,0.5,0.4,1.0,0.2,0.14285714285714285,0.6,0.0,0.05714285714285714,0.0,1.0,0.02857142857142857,2.0,0.4,0.14285714285714285,0.8,,0.0,,0.5,0.11428571428571428,1.0,0.7692307692307693,0.37142857142857144,1.5384615384615385,,0.0,,1.0,0.05714285714285714,2.0,1.0,0.02857142857142857,2.0,,0.0,,,0.0,,,0.0,,0.5,0.05714285714285714,1.0,14,10,0.7142857142857143,0.4,12,8,0.6666666666666666,0.34285714285714286,5,1,0.2,0.14285714285714285,4,1,0.25,0.11428571428571428,1,0,1,0,0.0,0.02857142857142857,0.0,1,1,0,3,1.0,0.02857142857142857,3.0,0,0,0,0,,0.0,,1,0,1,0,0.0,0.02857142857142857,0.0,1,0,1,0,0.0,0.02857142857142857,0.0,332
8,Liga ACB,51,2025-2026,59102,Michael Ruzic,1336,Club Joventut Badalona,27,129,31,98,73,11,62,18,6,182,56,4,10.049383962778299,100,29,71,55,11,44,121,23,2,21,16,0,16,32,78,17,61,40,7,33,87,50,13,37,33,4,29,70,46,33,13,66,40,25,15,50,12,4,8,8,3,0,3,0,27,11,16,33,0,0,0,0,0,0,0,0,1,0,1,0,34,17,17,39,4,0,4,0,10,4,6,8,40,29,11,62,40,23,17,48,33,13,20,37,3,1,2,2,17,15,2,30,8,3,5,6,0,0,0,0,15,11,4,22,36,24,12,48,0,0,0,0,0,0,0,0,6,2,4,4,4,2,2,4,0,0,0,0,0,0,0,0,6,2,4,4,38,25,9,7,13,7,24,13,4,4,0.5658914728682171,0.6326530612244898,0.3548387096774194,0.6578947368421053,0.6085271317829457,0.3333333333333333,1.2489706286028,0.24031007751937986,0.55,0.6197183098591549,0.3793103448275862,0.605,1.2312427856868027,0.8130081300813008,0.6956521739130435,0.7619047619047619,0.0,0.6956521739130435,1.3579387186629528,0.18699186991869918,0.5128205128205128,0.5409836065573771,0.4117647058823529,0.5576923076923077,1.1291779584462511,0.609375,0.66,0.7837837837837838,0.3076923076923077,0.7,1.4296754250386399,0.390625,0.5,0.26356589147286824,1.1470588235294117,0.0,0.031007751937984496,0.0,0.4,0.07751937984496124,0.8,0.725,0.31007751937984496,1.55,0.575,0.31007751937984496,1.2,0.3939393939393939,0.2558139534883721,1.121212121212121,0.3333333333333333,0.023255813953488372,0.6666666666666666,0.8823529411764706,0.13178294573643412,1.7647058823529411,0.375,0.06201550387596899,0.75,,0.0,,0.7333333333333333,0.11627906976744186,1.4666666666666666,0.6666666666666666,0.27906976744186046,1.3333333333333333,,0.0,,,0.0,,0.3333333333333333,0.046511627906976744,0.6666666666666666,0.5,0.031007751937984496,1.0,,0.0,,,0.0,,0.3333333333333333,0.046511627906976744,0.6666666666666666,46,33,0.717391304347826,0.35658914728682173,40,25,0.625,0.31007751937984496,12,4,0.3333333333333333,0.09302325581395349,30,11,0.36666666666666664,0.23255813953488372,2,0,2,0,0.0,0.015503875968992248,0.0,1,0,1,0,0.0,0.007751937984496124,0.0,8,4,4,12,0.5,0.06201550387596899,1.5,7,3,4,9,0.42857142857142855,0.05426356589147287,1.2857142857142858,12,4,8,12,0.3333333333333333,0.09302325581395349,1.0,880
8,Liga ACB,51,2025-2026,59103,Dragan Apic,1322,Leche Rio Breogan,33,94,1,93,58,0,58,19,6,146,42,6,4.667997241894626,57,0,57,41,0,41,82,33,1,32,15,0,15,30,69,0,69,37,0,37,74,25,1,24,21,0,21,42,48,34,14,68,40,22,18,44,5,2,3,4,0,0,0,0,1,0,1,0,0,0,0,0,0,0,0,0,0,0,0,0,13,8,5,16,6,0,6,0,8,6,2,12,17,15,2,30,50,29,21,58,2,1,1,2,2,0,2,0,9,9,0,18,2,1,1,2,0,0,0,0,17,9,8,18,53,31,22,62,0,0,0,0,1,1,0,2,1,1,0,2,0,0,0,0,0,0,0,0,0,0,0,0,7,5,2,10,58,30,15,10,14,7,24,15,7,3,0.6170212765957447,0.6236559139784946,0.0,0.5172413793103449,0.6170212765957447,0.3157894736842105,1.2215528781793843,0.010638297872340425,0.7192982456140351,0.7192982456140351,,0.7192982456140351,1.4465408805031446,0.6333333333333333,0.45454545454545453,0.46875,0.0,0.45454545454545453,0.944841675178754,0.36666666666666664,0.5362318840579711,0.5362318840579711,,0.5362318840579711,1.1186525892408246,0.7340425531914894,0.84,0.875,0.0,0.84,1.6025641025641026,0.26595744680851063,0.6153846153846154,0.13829787234042554,1.2307692307692308,0.0,0.06382978723404255,0.0,0.75,0.0851063829787234,1.5,0.8823529411764706,0.18085106382978725,1.7647058823529411,0.58,0.5319148936170213,1.16,0.5,0.02127659574468085,1.0,0.0,0.02127659574468085,0.0,1.0,0.09574468085106383,2.0,0.5,0.02127659574468085,1.0,,0.0,,0.5294117647058824,0.18085106382978725,1.0588235294117647,0.5849056603773585,0.5638297872340425,1.169811320754717,,0.0,,1.0,0.010638297872340425,2.0,1.0,0.010638297872340425,2.0,,0.0,,,0.0,,,0.0,,0.7142857142857143,0.07446808510638298,1.4285714285714286,48,34,0.7083333333333334,0.5106382978723404,40,22,0.55,0.425531914893617,5,2,0.4,0.05319148936170213,1,0,0.0,0.010638297872340425,0,0,0,0,,0.0,,0,0,0,0,,0.0,,0,0,0,0,,0.0,,1,0,1,0,0.0,0.010638297872340425,0.0,0,0,0,0,,0.0,,697
8,Liga ACB,51,2025-2026,59104,Dominik Mavra,1322,Leche Rio Breogan,34,240,93,147,108,30,78,18,4,299,22,8,15.131163280508485,30,21,9,16,10,6,42,197,69,128,86,20,66,192,161,60,101,66,16,50,148,72,30,42,40,14,26,94,23,18,5,36,97,48,49,96,23,10,13,20,5,5,0,15,83,25,58,75,0,0,0,0,2,0,2,0,7,2,5,4,60,30,30,68,7,0,7,0,16,5,11,12,56,35,21,82,94,36,58,80,16,8,8,24,67,22,45,59,0,0,0,0,57,28,29,56,0,0,0,0,2,1,1,2,67,36,31,72,1,1,0,2,0,0,0,0,5,2,3,6,0,0,0,0,3,1,2,3,13,5,8,14,2,2,0,4,70,53,9,6,25,20,30,23,2,1,0.45,0.5306122448979592,0.3225806451612903,0.7571428571428571,0.5125,0.2222222222222222,1.1041358936484489,0.3875,0.5333333333333333,0.6666666666666666,0.47619047619047616,0.7,1.4134275618374559,0.13215859030837004,0.4365482233502538,0.515625,0.2898550724637681,0.4873096446700508,1.0192307692307692,0.8678414096916299,0.40993788819875776,0.49504950495049505,0.26666666666666666,0.45962732919254656,0.981630309988519,0.6909871244635193,0.5555555555555556,0.6190476190476191,0.4666666666666667,0.6527777777777778,1.3035126234906698,0.3090128755364807,0.5,0.25,1.1333333333333333,0.0,0.029166666666666667,0.0,0.3125,0.06666666666666667,0.75,0.625,0.23333333333333334,1.4642857142857142,0.3829787234042553,0.39166666666666666,0.851063829787234,0.5,0.06666666666666667,1.5,0.3283582089552239,0.2791666666666667,0.8805970149253731,,0.0,,0.49122807017543857,0.2375,0.9824561403508771,,0.0,,0.5,0.008333333333333333,1.0,0.5373134328358209,0.2791666666666667,1.0746268656716418,1.0,0.004166666666666667,2.0,,0.0,,0.4,0.020833333333333332,1.2,,0.0,,0.3333333333333333,0.0125,1.0,0.38461538461538464,0.05416666666666667,1.0769230769230769,1.0,0.008333333333333333,2.0,23,18,0.782608695652174,0.09583333333333334,97,48,0.4948453608247423,0.4041666666666667,23,10,0.43478260869565216,0.09583333333333334,88,30,0.3409090909090909,0.36666666666666664,3,3,0,9,1.0,0.0125,3.0,2,2,0,6,1.0,0.008333333333333333,3.0,47,12,35,36,0.2553191489361702,0.19583333333333333,0.7659574468085106,16,5,11,15,0.3125,0.06666666666666667,0.9375,20,8,12,24,0.4,0.08333333333333333,1.2,1296
8,Liga ACB,51,2025-2026,59105,Arturs Kurucs,1322,Leche Rio Breogan,34,200,140,60,72,44,28,10,2,200,50,6,19.326132949224988,116,103,13,43,33,10,119,76,30,46,26,9,17,61,132,93,39,45,28,17,118,62,43,19,26,15,11,67,28,17,11,34,16,8,8,16,14,3,11,6,41,16,25,48,93,27,66,81,2,0,2,0,0,0,0,0,6,1,5,3,60,25,35,67,6,0,6,0,18,5,13,14,44,21,23,53,66,20,46,51,51,17,34,51,40,11,29,30,0,0,0,0,1,0,1,0,2,0,2,0,1,1,0,2,40,23,17,46,0,0,0,0,0,0,0,0,53,17,36,50,0,0,0,0,4,1,3,3,2,1,1,3,0,0,0,0,22,12,7,5,8,4,12,8,1,0,0.36,0.4666666666666667,0.3142857142857143,0.5454545454545454,0.47,0.2,0.9538344143456695,0.7,0.3706896551724138,0.7692307692307693,0.32038834951456313,0.5129310344827587,1.0413167618407793,0.6041666666666666,0.34210526315789475,0.3695652173913043,0.3,0.40131578947368424,0.8174044265593562,0.3958333333333333,0.3409090909090909,0.4358974358974359,0.3010752688172043,0.44696969696969696,0.9178321678321678,0.6804123711340206,0.41935483870967744,0.5789473684210527,0.3488372093023256,0.5403225806451613,1.0730301089045484,0.31958762886597936,0.4166666666666667,0.3,1.1166666666666667,0.0,0.03,0.0,0.2777777777777778,0.09,0.7777777777777778,0.4772727272727273,0.22,1.2045454545454546,0.30303030303030304,0.33,0.7727272727272727,0.3333333333333333,0.255,1.0,0.275,0.2,0.75,,0.0,,0.0,0.005,0.0,0.0,0.01,0.0,1.0,0.005,2.0,0.575,0.2,1.15,,0.0,,,0.0,,0.32075471698113206,0.265,0.9433962264150944,,0.0,,0.25,0.02,0.75,0.5,0.01,1.5,,0.0,,28,17,0.6071428571428571,0.14,16,8,0.5,0.08,14,3,0.21428571428571427,0.07,134,43,0.3208955223880597,0.67,24,11,13,33,0.4583333333333333,0.12,1.375,17,5,12,15,0.29411764705882354,0.085,0.8823529411764706,27,9,18,27,0.3333333333333333,0.135,1.0,33,9,24,27,0.2727272727272727,0.165,0.8181818181818182,33,9,24,27,0.2727272727272727,0.165,0.8181818181818182,1338
8,Liga ACB,51,2025-2026,59106,Jordan Sakho,1322,Leche Rio Breogan,29,92,0,92,62,0,62,17,7,155,41,3,4.372761316520387,55,0,55,42,0,42,84,28,0,28,15,0,15,30,63,0,63,36,0,36,72,29,0,29,26,0,26,52,57,43,14,86,27,17,10,34,8,2,6,4,0,0,0,0,0,0,0,0,0,0,0,0,0,0,0,0,0,0,0,0,21,14,7,28,3,0,3,0,7,7,0,14,22,19,3,38,39,22,17,44,1,0,1,0,2,0,2,0,5,5,0,10,0,0,0,0,0,0,0,0,15,7,8,14,60,45,15,90,0,0,0,0,0,0,0,0,1,1,0,2,1,0,1,0,1,0,1,0,0,0,0,0,6,4,2,8,47,31,18,12,6,5,25,19,2,1,0.6739130434782609,0.6739130434782609,,0.6595744680851063,0.6739130434782609,0.4117647058823529,1.3755768548100815,0.0,0.7636363636363637,0.7636363636363637,,0.7636363636363637,1.5257469802924348,0.6626506024096386,0.5357142857142857,0.5357142857142857,,0.5357142857142857,1.1422976501305482,0.3373493975903614,0.5714285714285714,0.5714285714285714,,0.5714285714285714,1.2297297297297298,0.6847826086956522,0.896551724137931,0.896551724137931,,0.896551724137931,1.7737617135207497,0.31521739130434784,0.6666666666666666,0.22826086956521738,1.3333333333333333,0.0,0.03260869565217391,0.0,1.0,0.07608695652173914,2.0,0.8636363636363636,0.2391304347826087,1.7272727272727273,0.5641025641025641,0.42391304347826086,1.1282051282051282,0.0,0.010869565217391304,0.0,0.0,0.021739130434782608,0.0,1.0,0.05434782608695652,2.0,,0.0,,,0.0,,0.4666666666666667,0.16304347826086957,0.9333333333333333,0.75,0.6521739130434783,1.5,,0.0,,,0.0,,1.0,0.010869565217391304,2.0,0.0,0.010869565217391304,0.0,0.0,0.010869565217391304,0.0,,0.0,,0.6666666666666666,0.06521739130434782,1.3333333333333333,57,43,0.7543859649122807,0.6195652173913043,27,17,0.6296296296296297,0.29347826086956524,8,2,0.25,0.08695652173913043,0,0,,0.0,0,0,0,0,,0.0,,0,0,0,0,,0.0,,0,0,0,0,,0.0,,0,0,0,0,,0.0,,0,0,0,0,,0.0,,867
8,Liga ACB,51,2025-2026,59107,Aleksandar Aranitovic,1322,Leche Rio Breogan,34,197,109,88,83,40,43,16,1,242,65,4,18.01859250892593,112,87,25,54,37,17,145,75,17,58,27,2,25,56,132,76,56,50,28,22,128,62,30,32,33,12,21,78,27,19,8,38,29,14,15,28,32,10,22,20,39,18,21,54,64,22,42,66,2,0,2,0,1,0,1,0,3,0,3,0,57,23,34,60,4,0,4,0,10,2,8,4,52,31,21,74,71,27,44,68,66,30,36,89,51,18,33,39,1,0,1,0,0,0,0,0,2,0,2,0,3,1,2,2,35,23,12,46,1,1,0,2,0,0,0,0,24,10,14,28,1,0,1,0,6,0,6,0,2,0,2,0,2,0,2,0,43,36,9,8,18,16,23,19,6,6,0.4213197969543147,0.48863636363636365,0.3669724770642202,0.8372093023255814,0.5228426395939086,0.0625,1.1207854761022602,0.5532994923857868,0.48214285714285715,0.68,0.42528735632183906,0.6473214285714286,1.3194204898240773,0.5989304812834224,0.36,0.43103448275862066,0.11764705882352941,0.37333333333333335,0.8683068017366136,0.40106951871657753,0.3787878787878788,0.39285714285714285,0.3684210526315789,0.48484848484848486,1.0343371798480157,0.6804123711340206,0.532258064516129,0.65625,0.4,0.6290322580645161,1.2995049504950495,0.31958762886597936,0.40350877192982454,0.2893401015228426,1.0526315789473684,0.0,0.02030456852791878,0.0,0.2,0.050761421319796954,0.4,0.5961538461538461,0.2639593908629442,1.4230769230769231,0.38028169014084506,0.3604060913705584,0.9577464788732394,0.45454545454545453,0.3350253807106599,1.3484848484848484,0.35294117647058826,0.25888324873096447,0.7647058823529411,0.0,0.005076142131979695,0.0,,0.0,,0.0,0.01015228426395939,0.0,0.3333333333333333,0.015228426395939087,0.6666666666666666,0.6571428571428571,0.17766497461928935,1.3142857142857143,1.0,0.005076142131979695,2.0,,0.0,,0.4166666666666667,0.1218274111675127,1.1666666666666667,0.0,0.005076142131979695,0.0,0.0,0.030456852791878174,0.0,0.0,0.01015228426395939,0.0,0.0,0.01015228426395939,0.0,27,19,0.7037037037037037,0.13705583756345177,29,14,0.4827586206896552,0.14720812182741116,32,10,0.3125,0.16243654822335024,103,40,0.3883495145631068,0.5228426395939086,25,14,11,42,0.56,0.12690355329949238,1.68,14,4,10,12,0.2857142857142857,0.07106598984771574,0.8571428571428571,18,4,14,12,0.2222222222222222,0.09137055837563451,0.6666666666666666,20,9,11,27,0.45,0.10152284263959391,1.35,26,9,17,27,0.34615384615384615,0.1319796954314721,1.0384615384615385,1414
8,Liga ACB,51,2025-2026,59108,Bakary Dibba,1322,Leche Rio Breogan,31,164,67,97,74,19,55,30,6,211,45,12,12.393847545825631,107,64,43,48,19,29,115,34,3,31,15,0,15,30,98,48,50,26,12,14,64,63,18,45,47,7,40,101,52,36,16,72,38,18,20,36,5,0,5,0,32,12,20,36,32,7,25,21,2,0,2,0,0,0,0,0,3,1,2,2,46,14,32,37,11,0,11,0,14,10,4,22,49,37,12,79,41,12,29,27,58,19,39,57,4,0,4,0,16,15,1,30,0,0,0,0,2,0,2,0,0,0,0,0,51,27,24,54,0,0,0,0,7,4,3,8,6,0,6,0,0,0,0,0,0,0,0,0,1,0,1,0,16,8,8,16,57,44,15,10,35,28,42,31,9,8,0.45121951219512196,0.5670103092783505,0.2835820895522388,0.7719298245614035,0.5091463414634146,0.2,1.1159297651787603,0.40853658536585363,0.4485981308411215,0.6744186046511628,0.296875,0.5373831775700935,1.1003521126760565,0.7588652482269503,0.4411764705882353,0.4838709677419355,0.0,0.4411764705882353,1.174089068825911,0.24113475177304963,0.2653061224489796,0.28,0.25,0.32653061224489793,0.8155906593406593,0.6086956521739131,0.746031746031746,0.8888888888888888,0.3888888888888889,0.8015873015873016,1.6278375149342892,0.391304347826087,0.30434782608695654,0.2804878048780488,0.8043478260869565,0.0,0.06707317073170732,0.0,0.7142857142857143,0.08536585365853659,1.5714285714285714,0.7551020408163265,0.29878048780487804,1.6122448979591837,0.2926829268292683,0.25,0.6585365853658537,0.3275862068965517,0.35365853658536583,0.9827586206896551,0.0,0.024390243902439025,0.0,0.9375,0.0975609756097561,1.875,,0.0,,0.0,0.012195121951219513,0.0,,0.0,,0.5294117647058824,0.31097560975609756,1.0588235294117647,,0.0,,0.5714285714285714,0.042682926829268296,1.1428571428571428,0.0,0.036585365853658534,0.0,,0.0,,,0.0,,0.0,0.006097560975609756,0.0,0.5,0.0975609756097561,1.0,52,36,0.6923076923076923,0.3170731707317073,38,18,0.47368421052631576,0.23170731707317074,5,0,0.0,0.03048780487804878,64,19,0.296875,0.3902439024390244,21,6,15,18,0.2857142857142857,0.12804878048780488,0.8571428571428571,11,6,5,18,0.5454545454545454,0.06707317073170732,1.6363636363636365,1,0,1,0,0.0,0.006097560975609756,0.0,18,3,15,9,0.16666666666666666,0.10975609756097561,0.5,13,4,9,12,0.3076923076923077,0.07926829268292683,0.9230769230769231,1077
8,Liga ACB,51,2025-2026,59109,Erik Quintela,1322,Leche Rio Breogan,18,23,6,17,12,2,10,3,1,29,3,1,11.117779163551496,9,6,3,3,2,1,8,12,0,12,8,0,8,16,14,2,12,7,1,6,15,8,3,5,4,0,4,8,5,3,2,6,9,6,3,12,3,1,2,2,1,0,1,0,4,1,3,3,0,0,0,0,0,0,0,0,1,1,0,3,7,3,4,7,1,0,1,0,1,1,0,2,7,3,4,6,6,4,2,8,5,0,5,0,2,0,2,0,0,0,0,0,5,4,1,8,0,0,0,0,0,0,0,0,8,6,2,12,0,0,0,0,0,0,0,0,1,1,0,3,0,0,0,0,0,0,0,0,0,0,0,0,1,0,1,0,11,3,0,0,3,0,5,2,0,0,0.5217391304347826,0.5882352941176471,0.3333333333333333,0.2727272727272727,0.5652173913043478,0.3333333333333333,1.0416666666666667,0.2608695652173913,0.3333333333333333,0.3333333333333333,0.3333333333333333,0.4444444444444444,0.8888888888888888,0.42857142857142855,0.6666666666666666,0.6666666666666666,,0.6666666666666666,1.2012012012012012,0.5714285714285714,0.5,0.5,0.5,0.5357142857142857,1.0493827160493827,0.6363636363636364,0.5,0.8,0.0,0.5,1.0,0.36363636363636365,0.42857142857142855,0.30434782608695654,1.0,0.0,0.043478260869565216,0.0,1.0,0.043478260869565216,2.0,0.42857142857142855,0.30434782608695654,0.8571428571428571,0.6666666666666666,0.2608695652173913,1.3333333333333333,0.0,0.21739130434782608,0.0,0.0,0.08695652173913043,0.0,,0.0,,0.8,0.21739130434782608,1.6,,0.0,,,0.0,,0.75,0.34782608695652173,1.5,,0.0,,,0.0,,1.0,0.043478260869565216,3.0,,0.0,,,0.0,,,0.0,,0.0,0.043478260869565216,0.0,5,3,0.6,0.21739130434782608,9,6,0.6666666666666666,0.391304347826087,3,1,0.3333333333333333,0.13043478260869565,5,1,0.2,0.21739130434782608,1,0,1,0,0.0,0.043478260869565216,0.0,0,0,0,0,,0.0,,2,1,1,3,0.5,0.08695652173913043,1.5,2,0,2,0,0.0,0.08695652173913043,0.0,0,0,0,0,,0.0,,170
8,Liga ACB,51,2025-2026,59110,Danko Brankovic,1322,Leche Rio Breogan,34,247,43,204,157,16,141,25,9,382,130,14,8.485759393005184,200,39,161,135,15,120,285,20,3,17,7,1,6,15,153,32,121,82,12,70,176,90,10,80,73,4,69,150,103,83,20,166,78,44,34,88,20,12,8,24,2,1,1,3,39,15,24,45,0,0,0,0,1,0,1,0,4,2,2,4,81,54,27,119,14,0,14,0,19,13,6,27,71,60,11,123,58,28,30,57,45,21,24,55,8,3,5,7,27,22,5,44,7,3,4,6,0,0,0,0,12,7,5,14,79,53,26,106,0,0,0,0,30,26,4,52,14,7,7,16,3,1,2,2,2,1,1,2,0,0,0,0,16,11,5,22,66,52,29,22,3,3,37,31,4,3,0.6356275303643725,0.6911764705882353,0.37209302325581395,0.7878787878787878,0.6680161943319838,0.36,1.3838574119692797,0.17408906882591094,0.675,0.7453416149068323,0.38461538461538464,0.7125,1.4429404023312653,0.9090909090909091,0.35,0.35294117647058826,0.3333333333333333,0.375,0.8442776735459662,0.09090909090909091,0.5359477124183006,0.5785123966942148,0.375,0.5751633986928104,1.2228260869565217,0.6296296296296297,0.8111111111111111,0.8625,0.4,0.8333333333333334,1.667393199651264,0.37037037037037035,0.6666666666666666,0.32793522267206476,1.4691358024691359,0.0,0.05668016194331984,0.0,0.6842105263157895,0.07692307692307693,1.4210526315789473,0.8450704225352113,0.2874493927125506,1.732394366197183,0.4827586206896552,0.23481781376518218,0.9827586206896551,0.4666666666666667,0.18218623481781376,1.2222222222222223,0.375,0.032388663967611336,0.875,0.8148148148148148,0.10931174089068826,1.6296296296296295,0.42857142857142855,0.02834008097165992,0.8571428571428571,,0.0,,0.5833333333333334,0.048582995951417005,1.1666666666666667,0.6708860759493671,0.31983805668016196,1.3417721518987342,,0.0,,0.8666666666666667,0.1214574898785425,1.7333333333333334,0.5,0.05668016194331984,1.1428571428571428,0.3333333333333333,0.012145748987854251,0.6666666666666666,0.5,0.008097165991902834,1.0,,0.0,,0.6875,0.06477732793522267,1.375,103,83,0.8058252427184466,0.41700404858299595,78,44,0.5641025641025641,0.3157894736842105,20,12,0.6,0.08097165991902834,41,16,0.3902439024390244,0.1659919028340081,0,0,0,0,,0.0,,2,1,1,3,0.5,0.008097165991902834,1.5,26,12,14,36,0.46153846153846156,0.10526315789473684,1.3846153846153846,9,3,6,9,0.3333333333333333,0.03643724696356275,1.0,4,0,4,0,0.0,0.016194331983805668,0.0,1154
8,Liga ACB,51,2025-2026,59112,Joan Sastre,1333,Lenovo Tenerife,22,50,30,20,19,12,7,2,0,56,17,1,16.937745328780522,30,21,9,14,10,4,38,17,9,8,4,2,2,10,29,15,14,9,5,4,23,19,15,4,10,7,3,27,8,3,5,6,9,4,5,8,1,0,1,0,9,4,5,12,21,8,13,24,0,0,0,0,0,0,0,0,2,0,2,0,13,5,8,14,1,0,1,0,5,2,3,6,14,8,6,21,15,4,11,9,20,8,12,24,5,2,3,6,0,0,0,0,3,0,3,0,0,0,0,0,1,1,0,2,12,6,6,12,1,0,1,0,0,0,0,0,2,2,0,6,0,0,0,0,2,0,2,0,1,0,1,0,1,0,1,0,8,6,2,1,2,2,4,3,0,0,0.38,0.35,0.4,0.75,0.5,0.0,1.046337817638266,0.6,0.4666666666666667,0.4444444444444444,0.47619047619047616,0.6333333333333333,1.2629533678756477,0.6382978723404256,0.23529411764705882,0.25,0.2222222222222222,0.29411764705882354,0.6711409395973155,0.3617021276595745,0.3103448275862069,0.2857142857142857,0.3333333333333333,0.39655172413793105,0.8452535760728218,0.6041666666666666,0.5263157894736842,0.75,0.4666666666666667,0.7105263157894737,1.4210526315789473,0.3958333333333333,0.38461538461538464,0.26,1.0769230769230769,0.0,0.02,0.0,0.4,0.1,1.2,0.5714285714285714,0.28,1.5,0.26666666666666666,0.3,0.6,0.4,0.4,1.2,0.4,0.1,1.2,,0.0,,0.0,0.06,0.0,,0.0,,1.0,0.02,2.0,0.5,0.24,1.0,0.0,0.02,0.0,,0.0,,1.0,0.04,3.0,,0.0,,0.0,0.04,0.0,0.0,0.02,0.0,0.0,0.02,0.0,8,3,0.375,0.16,9,4,0.4444444444444444,0.18,1,0,0.0,0.02,30,12,0.4,0.6,4,1,3,3,0.25,0.08,0.75,5,3,2,9,0.6,0.1,1.8,3,1,2,3,0.3333333333333333,0.06,1.0,11,7,4,21,0.6363636363636364,0.22,1.9090909090909092,7,0,7,0,0.0,0.14,0.0,568
8,Liga ACB,51,2025-2026,59113,Aaron Doornekamp,1333,Lenovo Tenerife,29,145,127,18,66,55,11,6,1,208,59,1,22.05304732180793,117,108,9,56,49,7,161,24,16,8,8,5,3,21,107,96,11,47,41,6,135,26,21,5,14,10,4,38,3,3,0,6,5,2,3,4,8,5,3,10,46,23,23,69,70,27,43,81,0,0,0,0,1,1,0,3,12,5,7,14,64,36,28,103,1,0,1,0,12,4,8,12,14,10,4,26,42,11,31,32,77,37,40,108,13,5,8,14,2,2,0,4,0,0,0,0,0,0,0,0,1,0,1,0,3,3,0,6,0,0,0,0,0,0,0,0,30,13,17,38,0,0,0,0,3,1,2,3,4,0,4,0,0,0,0,0,28,21,3,2,3,2,8,6,0,0,0.45517241379310347,0.6111111111111112,0.4330708661417323,0.75,0.6448275862068965,0.16666666666666666,1.322145944571574,0.8758620689655172,0.47863247863247865,0.7777777777777778,0.4537037037037037,0.688034188034188,1.3776200135226506,0.8297872340425532,0.3333333333333333,0.375,0.3125,0.4375,0.9083728278041074,0.1702127659574468,0.4392523364485981,0.5454545454545454,0.4270833333333333,0.6308411214953271,1.2757871878393052,0.8045112781954887,0.5384615384615384,0.8,0.47619047619047616,0.7307692307692307,1.4615384615384615,0.19548872180451127,0.5625,0.4413793103448276,1.609375,0.0,0.006896551724137931,0.0,0.3333333333333333,0.08275862068965517,1.0,0.7142857142857143,0.09655172413793103,1.8571428571428572,0.2619047619047619,0.2896551724137931,0.7619047619047619,0.4805194805194805,0.5310344827586206,1.4025974025974026,0.38461538461538464,0.0896551724137931,1.0769230769230769,1.0,0.013793103448275862,2.0,,0.0,,,0.0,,0.0,0.006896551724137931,0.0,1.0,0.020689655172413793,2.0,,0.0,,,0.0,,0.43333333333333335,0.20689655172413793,1.2666666666666666,,0.0,,0.3333333333333333,0.020689655172413793,1.0,0.0,0.027586206896551724,0.0,,0.0,,3,3,1.0,0.020689655172413793,5,2,0.4,0.034482758620689655,8,5,0.625,0.05517241379310345,116,50,0.43103448275862066,0.8,18,9,9,27,0.5,0.12413793103448276,1.5,28,14,14,42,0.5,0.19310344827586207,1.5,12,6,6,18,0.5,0.08275862068965517,1.5,34,12,22,36,0.35294117647058826,0.23448275862068965,1.0588235294117647,24,9,15,27,0.375,0.16551724137931034,1.125,1174
8,Liga ACB,51,2025-2026,59114,Tim Abromaitis,1333,Lenovo Tenerife,32,127,75,52,60,33,27,19,4,198,44,6,16.468566283309,92,69,23,43,30,13,116,26,1,25,12,1,11,25,83,45,38,34,18,16,86,42,28,14,25,14,11,64,30,20,10,40,11,3,8,6,11,4,7,8,31,14,17,42,41,18,23,54,1,0,1,0,0,0,0,0,2,1,1,3,39,18,21,48,6,0,6,0,11,4,7,10,31,21,10,54,38,16,22,38,52,22,30,66,10,4,6,10,4,3,1,6,2,2,0,4,1,0,1,0,0,0,0,0,31,17,14,34,0,0,0,0,1,1,0,2,20,9,11,26,1,0,1,0,1,0,1,0,1,0,1,0,1,1,0,2,52,45,14,10,15,14,29,25,2,1,0.47244094488188976,0.5192307692307693,0.44,0.8653846153846154,0.6023622047244095,0.21052631578947367,1.3210568454763811,0.5905511811023622,0.4673913043478261,0.5652173913043478,0.43478260869565216,0.6304347826086957,1.2836185819070904,0.7796610169491526,0.46153846153846156,0.44,1.0,0.4807692307692308,1.196319018404908,0.22033898305084745,0.40963855421686746,0.42105263157894735,0.4,0.5180722891566265,1.1591478696741855,0.664,0.5952380952380952,0.7857142857142857,0.5,0.7619047619047619,1.5158582089552237,0.336,0.46153846153846156,0.30708661417322836,1.2307692307692308,0.0,0.047244094488188976,0.0,0.36363636363636365,0.08661417322834646,0.9090909090909091,0.6774193548387096,0.2440944881889764,1.7419354838709677,0.42105263157894735,0.2992125984251969,1.0,0.4230769230769231,0.4094488188976378,1.2692307692307692,0.4,0.07874015748031496,1.0,0.75,0.031496062992125984,1.5,1.0,0.015748031496062992,2.0,0.0,0.007874015748031496,0.0,,0.0,,0.5483870967741935,0.2440944881889764,1.096774193548387,,0.0,,1.0,0.007874015748031496,2.0,0.45,0.15748031496062992,1.3,0.0,0.007874015748031496,0.0,0.0,0.007874015748031496,0.0,0.0,0.007874015748031496,0.0,1.0,0.007874015748031496,2.0,30,20,0.6666666666666666,0.23622047244094488,11,3,0.2727272727272727,0.08661417322834646,11,4,0.36363636363636365,0.08661417322834646,72,32,0.4444444444444444,0.5669291338582677,19,10,9,30,0.5263157894736842,0.14960629921259844,1.5789473684210527,12,4,8,12,0.3333333333333333,0.09448818897637795,1.0,13,5,8,15,0.38461538461538464,0.10236220472440945,1.1538461538461537,18,8,10,24,0.4444444444444444,0.14173228346456693,1.3333333333333333,10,5,5,15,0.5,0.07874015748031496,1.5,1066
8,Liga ACB,51,2025-2026,59115,Thomas Scrubb,1333,Lenovo Tenerife,32,148,63,85,74,18,56,17,7,208,46,3,13.691016769376692,85,58,27,40,18,22,98,57,4,53,30,0,30,60,81,28,53,38,8,30,84,65,35,30,35,10,25,80,32,26,6,52,38,22,16,44,13,7,6,14,31,12,19,36,30,6,24,18,2,0,2,0,0,0,0,0,2,1,1,2,33,19,14,46,3,0,3,0,14,6,8,12,51,29,22,68,45,19,26,38,54,17,37,51,8,0,8,0,0,0,0,0,10,6,4,12,2,0,2,0,10,6,4,12,49,36,13,72,0,0,0,0,1,1,0,2,3,1,2,3,4,1,3,2,0,0,0,0,1,1,0,2,4,4,0,8,52,42,15,12,12,10,27,22,3,3,0.5,0.6588235294117647,0.2857142857142857,0.8076923076923077,0.5608108108108109,0.4117647058823529,1.2172284644194757,0.42567567567567566,0.47058823529411764,0.8148148148148148,0.3103448275862069,0.5764705882352941,1.2008733624454149,0.5985915492957746,0.5263157894736842,0.5660377358490566,0.0,0.5263157894736842,1.1239563262684649,0.4014084507042254,0.4691358024691358,0.5660377358490566,0.2857142857142857,0.5185185185185185,1.141257536606374,0.5547945205479452,0.5384615384615384,0.8333333333333334,0.2857142857142857,0.6153846153846154,1.2515078407720146,0.4452054794520548,0.5757575757575758,0.22297297297297297,1.393939393939394,0.0,0.02027027027027027,0.0,0.42857142857142855,0.0945945945945946,0.8571428571428571,0.5686274509803921,0.34459459459459457,1.3333333333333333,0.4222222222222222,0.30405405405405406,0.8444444444444444,0.3148148148148148,0.36486486486486486,0.9444444444444444,0.0,0.05405405405405406,0.0,,0.0,,0.6,0.06756756756756757,1.2,0.0,0.013513513513513514,0.0,0.6,0.06756756756756757,1.2,0.7346938775510204,0.3310810810810811,1.469387755102041,,0.0,,1.0,0.006756756756756757,2.0,0.3333333333333333,0.02027027027027027,1.0,0.25,0.02702702702702703,0.5,,0.0,,1.0,0.006756756756756757,2.0,1.0,0.02702702702702703,2.0,32,26,0.8125,0.21621621621621623,38,22,0.5789473684210527,0.25675675675675674,13,7,0.5384615384615384,0.08783783783783784,61,18,0.29508196721311475,0.41216216216216217,18,7,11,21,0.3888888888888889,0.12162162162162163,1.1666666666666667,13,5,8,15,0.38461538461538464,0.08783783783783784,1.1538461538461537,6,1,5,3,0.16666666666666666,0.04054054054054054,0.5,10,0,10,0,0.0,0.06756756756756757,0.0,14,5,9,15,0.35714285714285715,0.0945945945945946,1.0714285714285714,1048
8,Liga ACB,51,2025-2026,59116,Jaime Fernandez Bernabe,1333,Lenovo Tenerife,31,241,107,134,107,40,67,20,4,321,23,14,14.73672926599909,48,40,8,19,14,5,52,184,64,120,85,26,59,196,167,67,100,69,24,45,162,71,39,32,37,16,21,90,40,28,12,56,57,24,33,48,35,14,21,28,14,2,12,6,91,38,53,114,0,0,0,0,1,0,1,0,3,1,2,2,63,35,28,85,14,0,14,0,21,11,10,24,50,26,24,66,90,34,56,77,31,10,21,30,73,32,41,86,0,0,0,0,12,3,9,6,1,0,1,0,0,0,0,0,93,51,42,102,0,0,0,0,0,0,0,0,10,4,6,12,0,0,0,0,7,3,4,7,11,3,8,9,0,0,0,0,88,67,2,2,34,24,31,23,5,3,0.44398340248962653,0.5,0.37383177570093457,0.7613636363636364,0.5269709543568465,0.2,1.1475761475761475,0.44398340248962653,0.3958333333333333,0.625,0.35,0.5416666666666666,1.104746317512275,0.20689655172413793,0.46195652173913043,0.49166666666666664,0.40625,0.532608695652174,1.1057498994772819,0.7931034482758621,0.41317365269461076,0.45,0.3582089552238806,0.48502994011976047,1.0241364038972542,0.7016806722689075,0.5211267605633803,0.65625,0.41025641025641024,0.6338028169014085,1.2704918032786885,0.29831932773109243,0.5555555555555556,0.26141078838174275,1.3492063492063493,0.0,0.058091286307053944,0.0,0.5238095238095238,0.08713692946058091,1.1428571428571428,0.52,0.2074688796680498,1.32,0.37777777777777777,0.37344398340248963,0.8555555555555555,0.3225806451612903,0.12863070539419086,0.967741935483871,0.4383561643835616,0.3029045643153527,1.178082191780822,,0.0,,0.25,0.04979253112033195,0.5,0.0,0.004149377593360996,0.0,,0.0,,0.5483870967741935,0.38589211618257263,1.096774193548387,,0.0,,,0.0,,0.4,0.04149377593360996,1.2,,0.0,,0.42857142857142855,0.029045643153526972,1.0,0.2727272727272727,0.04564315352697095,0.8181818181818182,,0.0,,40,28,0.7,0.16597510373443983,57,24,0.42105263157894735,0.23651452282157676,35,14,0.4,0.14522821576763487,105,40,0.38095238095238093,0.43568464730290457,9,2,7,6,0.2222222222222222,0.03734439834024896,0.6666666666666666,5,0,5,0,0.0,0.02074688796680498,0.0,35,15,20,45,0.42857142857142855,0.14522821576763487,1.2857142857142858,27,11,16,33,0.4074074074074074,0.11203319502074689,1.2222222222222223,29,12,17,36,0.41379310344827586,0.12033195020746888,1.2413793103448276,1045
8,Liga ACB,51,2025-2026,59117,Rokas Giedraitis,1333,Lenovo Tenerife,28,140,87,53,61,34,27,18,4,197,47,4,16.556809704259393,94,72,22,45,29,16,119,40,12,28,15,4,11,34,96,62,34,35,23,12,93,40,21,19,25,10,15,60,22,16,6,32,22,8,14,16,9,3,6,6,36,17,19,51,46,16,30,48,0,0,0,0,1,0,1,0,4,1,3,3,47,18,29,48,4,0,4,0,10,5,5,11,30,20,10,49,45,17,28,45,51,19,32,57,11,4,7,12,3,2,1,4,8,3,5,6,0,0,0,0,1,0,1,0,36,21,15,42,1,0,1,0,1,1,0,2,21,10,11,30,0,0,0,0,3,0,3,0,0,0,0,0,0,0,0,0,42,41,16,16,16,15,28,27,6,6,0.4357142857142857,0.5094339622641509,0.39080459770114945,0.9761904761904762,0.5571428571428572,0.2222222222222222,1.2430590610802625,0.6214285714285714,0.4787234042553192,0.7272727272727273,0.4027777777777778,0.6329787234042553,1.336104513064133,0.7014925373134329,0.375,0.39285714285714285,0.3333333333333333,0.425,1.0416666666666667,0.29850746268656714,0.3645833333333333,0.35294117647058826,0.3709677419354839,0.484375,1.1078286558345642,0.7058823529411765,0.625,0.7894736842105263,0.47619047619047616,0.75,1.547842401500938,0.29411764705882354,0.3829787234042553,0.3357142857142857,1.0212765957446808,0.0,0.02857142857142857,0.0,0.5,0.07142857142857142,1.1,0.6666666666666666,0.21428571428571427,1.6333333333333333,0.37777777777777777,0.32142857142857145,1.0,0.37254901960784315,0.36428571428571427,1.1176470588235294,0.36363636363636365,0.07857142857142857,1.0909090909090908,0.6666666666666666,0.02142857142857143,1.3333333333333333,0.375,0.05714285714285714,0.75,,0.0,,0.0,0.007142857142857143,0.0,0.5833333333333334,0.2571428571428571,1.1666666666666667,0.0,0.007142857142857143,0.0,1.0,0.007142857142857143,2.0,0.47619047619047616,0.15,1.4285714285714286,,0.0,,0.0,0.02142857142857143,0.0,,0.0,,,0.0,,22,16,0.7272727272727273,0.15714285714285714,22,8,0.36363636363636365,0.15714285714285714,9,3,0.3333333333333333,0.06428571428571428,82,33,0.4024390243902439,0.5857142857142857,22,9,13,27,0.4090909090909091,0.15714285714285714,1.2272727272727273,14,8,6,24,0.5714285714285714,0.1,1.7142857142857142,10,4,6,12,0.4,0.07142857142857142,1.2,19,4,15,12,0.21052631578947367,0.1357142857142857,0.631578947368421,17,8,9,24,0.47058823529411764,0.12142857142857143,1.411764705882353,928
8,Liga ACB,51,2025-2026,59118,Giorgi Shermadini,1333,Lenovo Tenerife,28,186,0,186,131,0,131,44,13,367,108,10,4.507269133080217,128,0,128,89,0,89,178,42,0,42,30,0,30,60,130,0,130,87,0,87,174,52,0,52,42,0,42,84,107,86,21,172,70,40,30,80,5,3,2,6,0,0,0,0,0,0,0,0,0,0,0,0,0,0,0,0,4,2,2,4,40,32,8,64,10,0,10,0,11,7,4,14,41,35,6,70,80,55,25,110,3,0,3,0,1,1,0,2,29,28,1,56,12,6,6,12,0,0,0,0,18,14,4,28,108,76,32,152,1,1,0,2,4,0,4,0,0,0,0,0,0,0,0,0,0,0,0,0,1,1,0,2,5,2,3,4,127,105,55,43,8,6,68,53,2,1,0.7043010752688172,0.7043010752688172,,0.8267716535433071,0.7043010752688172,0.29545454545454547,1.5172812965106666,0.0,0.6953125,0.6953125,,0.6953125,1.45203679369251,0.7529411764705882,0.7142857142857143,0.7142857142857143,,0.7142857142857143,1.4499121265377855,0.24705882352941178,0.6692307692307692,0.6692307692307692,,0.6692307692307692,1.4194597298649325,0.7142857142857143,0.8076923076923077,0.8076923076923077,,0.8076923076923077,1.607413010590015,0.2857142857142857,0.8,0.21505376344086022,1.6,0.0,0.053763440860215055,0.0,0.6363636363636364,0.05913978494623656,1.2727272727272727,0.8536585365853658,0.22043010752688172,1.7073170731707317,0.6875,0.43010752688172044,1.375,0.0,0.016129032258064516,0.0,1.0,0.005376344086021506,2.0,0.9655172413793104,0.15591397849462366,1.9310344827586208,0.5,0.06451612903225806,1.0,,0.0,,0.7777777777777778,0.0967741935483871,1.5555555555555556,0.7037037037037037,0.5806451612903226,1.4074074074074074,1.0,0.005376344086021506,2.0,0.0,0.021505376344086023,0.0,,0.0,,,0.0,,,0.0,,1.0,0.005376344086021506,2.0,0.4,0.026881720430107527,0.8,107,86,0.8037383177570093,0.5752688172043011,70,40,0.5714285714285714,0.3763440860215054,5,3,0.6,0.026881720430107527,0,0,,0.0,0,0,0,0,,0.0,,0,0,0,0,,0.0,,0,0,0,0,,0.0,,0,0,0,0,,0.0,,0,0,0,0,,0.0,,1089
8,Liga ACB,51,2025-2026,59119,Francisco Guerra,1333,Lenovo Tenerife,32,129,7,122,75,1,74,26,6,203,56,9,5.834504955761959,68,6,62,47,1,46,95,52,1,51,24,0,24,48,91,6,85,44,1,43,89,38,1,37,31,0,31,62,70,50,20,100,42,19,23,38,10,5,5,10,0,0,0,0,7,1,6,3,0,0,0,0,0,0,0,0,0,0,0,0,30,21,9,43,8,0,8,0,5,3,2,6,33,28,5,56,53,23,30,46,8,2,6,5,3,2,1,4,10,7,3,14,0,0,0,0,0,0,0,0,15,6,9,12,82,52,30,104,0,0,0,0,4,3,1,6,2,1,1,2,1,0,1,0,1,1,0,2,1,0,1,0,2,1,1,2,82,52,25,18,12,6,34,20,9,6,0.5813953488372093,0.6065573770491803,0.14285714285714285,0.6341463414634146,0.5852713178294574,0.23076923076923078,1.229706808819966,0.05426356589147287,0.6911764705882353,0.7419354838709677,0.16666666666666666,0.6985294117647058,1.4303797468354431,0.5666666666666667,0.46153846153846156,0.47058823529411764,0.0,0.46153846153846156,0.9427374301675977,0.43333333333333335,0.4835164835164835,0.5058823529411764,0.16666666666666666,0.489010989010989,1.0286900717251795,0.7054263565891473,0.8157894736842105,0.8378378378378378,0.0,0.8157894736842105,1.6205910390848426,0.29457364341085274,0.7,0.23255813953488372,1.4333333333333333,0.0,0.06201550387596899,0.0,0.6,0.03875968992248062,1.2,0.8484848484848485,0.2558139534883721,1.696969696969697,0.4339622641509434,0.4108527131782946,0.8679245283018868,0.25,0.06201550387596899,0.625,0.6666666666666666,0.023255813953488372,1.3333333333333333,0.7,0.07751937984496124,1.4,,0.0,,,0.0,,0.4,0.11627906976744186,0.8,0.6341463414634146,0.6356589147286822,1.2682926829268293,,0.0,,0.75,0.031007751937984496,1.5,0.5,0.015503875968992248,1.0,0.0,0.007751937984496124,0.0,1.0,0.007751937984496124,2.0,0.0,0.007751937984496124,0.0,0.5,0.015503875968992248,1.0,70,50,0.7142857142857143,0.5426356589147286,42,19,0.4523809523809524,0.32558139534883723,10,5,0.5,0.07751937984496124,7,1,0.14285714285714285,0.05426356589147287,0,0,0,0,,0.0,,0,0,0,0,,0.0,,6,1,5,3,0.16666666666666666,0.046511627906976744,0.5,0,0,0,0,,0.0,,1,0,1,0,0.0,0.007751937984496124,0.0,970
8,Liga ACB,51,2025-2026,59120,Bruno Fitipaldo,1333,Lenovo Tenerife,31,183,143,40,72,50,22,6,1,244,30,8,21.258475296380233,66,60,6,28,23,5,79,107,77,30,40,25,15,105,118,91,27,42,29,13,113,60,47,13,29,20,9,78,6,4,2,8,15,6,9,12,19,12,7,24,12,4,8,12,122,44,78,132,2,0,2,0,2,1,1,3,5,1,4,3,58,23,35,66,8,0,8,0,19,8,11,22,41,21,20,56,52,19,33,47,36,18,18,53,85,32,53,90,0,0,0,0,6,3,3,6,2,0,2,0,1,0,1,0,19,10,9,20,0,0,0,0,0,0,0,0,26,7,19,20,0,0,0,0,0,0,0,0,3,1,2,2,0,0,0,0,57,50,0,0,12,12,12,12,0,0,0.39344262295081966,0.55,0.34965034965034963,0.8771929824561403,0.5300546448087432,0.16666666666666666,1.172625913110342,0.7814207650273224,0.42424242424242425,0.8333333333333334,0.38333333333333336,0.5984848484848485,1.196969696969697,0.3815028901734104,0.37383177570093457,0.5,0.3246753246753247,0.49065420560747663,1.0420377627360171,0.6184971098265896,0.3559322033898305,0.48148148148148145,0.31868131868131866,0.4788135593220339,1.0139519792342635,0.6629213483146067,0.48333333333333334,0.6923076923076923,0.425531914893617,0.65,1.3,0.33707865168539325,0.39655172413793105,0.31693989071038253,1.1379310344827587,0.0,0.04371584699453552,0.0,0.42105263157894735,0.10382513661202186,1.1578947368421053,0.5121951219512195,0.22404371584699453,1.3658536585365855,0.36538461538461536,0.28415300546448086,0.9038461538461539,0.5,0.19672131147540983,1.4722222222222223,0.3764705882352941,0.4644808743169399,1.0588235294117647,,0.0,,0.5,0.03278688524590164,1.0,0.0,0.01092896174863388,0.0,0.0,0.00546448087431694,0.0,0.5263157894736842,0.10382513661202186,1.0526315789473684,,0.0,,,0.0,,0.2692307692307692,0.14207650273224043,0.7692307692307693,,0.0,,,0.0,,0.3333333333333333,0.01639344262295082,0.6666666666666666,,0.0,,6,4,0.6666666666666666,0.03278688524590164,15,6,0.4,0.08196721311475409,19,12,0.631578947368421,0.10382513661202186,134,48,0.3582089552238806,0.73224043715847,3,1,2,3,0.3333333333333333,0.01639344262295082,1.0,9,3,6,9,0.3333333333333333,0.04918032786885246,1.0,50,19,31,57,0.38,0.273224043715847,1.14,33,10,23,30,0.30303030303030304,0.18032786885245902,0.9090909090909091,39,15,24,45,0.38461538461538464,0.21311475409836064,1.1538461538461537,1218
8,Liga ACB,51,2025-2026,59121,Hector Alderete Diaz,1333,Lenovo Tenerife,15,12,9,3,8,5,3,0,0,21,7,0,18.654582561285352,11,9,2,7,5,2,19,1,0,1,1,0,1,2,9,7,2,5,3,2,13,3,2,1,3,2,1,8,1,1,0,2,2,2,0,4,0,0,0,0,6,4,2,12,3,1,2,3,0,0,0,0,0,0,0,0,0,0,0,0,7,4,3,11,0,0,0,0,0,0,0,0,3,3,0,8,2,1,1,2,8,4,4,12,0,0,0,0,0,0,0,0,1,1,0,2,0,0,0,0,0,0,0,0,2,2,0,4,0,0,0,0,0,0,0,0,1,1,0,3,0,0,0,0,0,0,0,0,0,0,0,0,0,0,0,0,0,0,0,0,0,0,0,0,0,0,0.6666666666666666,1.0,0.5555555555555556,,0.875,,1.75,0.75,0.6363636363636364,1.0,0.5555555555555556,0.8636363636363636,1.7272727272727273,0.9166666666666666,1.0,1.0,,1.0,2.0,0.08333333333333333,0.5555555555555556,1.0,0.42857142857142855,0.7222222222222222,1.4444444444444444,0.75,1.0,1.0,1.0,1.3333333333333333,2.6666666666666665,0.25,0.5714285714285714,0.5833333333333334,1.5714285714285714,,0.0,,,0.0,,1.0,0.25,2.6666666666666665,0.5,0.16666666666666666,1.0,0.5,0.6666666666666666,1.5,,0.0,,,0.0,,1.0,0.08333333333333333,2.0,,0.0,,,0.0,,1.0,0.16666666666666666,2.0,,0.0,,,0.0,,1.0,0.08333333333333333,3.0,,0.0,,,0.0,,,0.0,,,0.0,,1,1,1.0,0.08333333333333333,2,2,1.0,0.16666666666666666,0,0,,0.0,9,5,0.5555555555555556,0.75,2,1,1,3,0.5,0.16666666666666666,1.5,4,3,1,9,0.75,0.3333333333333333,2.25,1,0,1,0,0.0,0.08333333333333333,0.0,2,1,1,3,0.5,0.16666666666666666,1.5,0,0,0,0,,0.0,,192
8,Liga ACB,51,2025-2026,59122,Marcelinho Huertas,1333,Lenovo Tenerife,27,325,70,255,163,27,136,26,8,429,26,24,15.029314664519339,47,34,13,17,11,6,45,262,33,229,141,14,127,296,183,40,143,79,16,63,174,138,26,112,82,9,73,173,14,9,5,18,93,42,51,84,148,85,63,170,4,2,2,6,61,23,38,69,0,0,0,0,1,0,1,0,4,2,2,6,93,47,46,108,24,0,24,0,33,15,18,33,105,67,38,140,66,32,34,66,21,8,13,23,146,80,66,173,0,0,0,0,59,33,26,66,1,0,1,0,5,2,3,4,53,25,28,50,1,0,1,0,0,0,0,0,17,5,12,13,3,2,1,4,11,5,6,11,3,1,2,3,1,0,1,0,81,76,4,4,38,36,33,31,13,13,0.5015384615384615,0.5333333333333333,0.38571428571428573,0.9382716049382716,0.5430769230769231,0.3076923076923077,1.1895519077196097,0.2153846153846154,0.3617021276595745,0.46153846153846156,0.3235294117647059,0.4787234042553192,1.0049220672682526,0.15210355987055016,0.5381679389312977,0.5545851528384279,0.42424242424242425,0.5648854961832062,1.1911595866819746,0.8478964401294499,0.43169398907103823,0.4405594405594406,0.4,0.47540983606557374,1.0378695828270554,0.5700934579439252,0.5942028985507246,0.6517857142857143,0.34615384615384615,0.6268115942028986,1.2941831338714167,0.42990654205607476,0.5053763440860215,0.28615384615384615,1.1612903225806452,0.0,0.07384615384615385,0.0,0.45454545454545453,0.10153846153846154,1.0,0.638095238095238,0.3230769230769231,1.3333333333333333,0.48484848484848486,0.20307692307692307,1.0,0.38095238095238093,0.06461538461538462,1.0952380952380953,0.547945205479452,0.4492307692307692,1.1849315068493151,,0.0,,0.559322033898305,0.18153846153846154,1.11864406779661,0.0,0.003076923076923077,0.0,0.4,0.015384615384615385,0.8,0.4716981132075472,0.16307692307692306,0.9433962264150944,0.0,0.003076923076923077,0.0,,0.0,,0.29411764705882354,0.052307692307692305,0.7647058823529411,0.6666666666666666,0.009230769230769232,1.3333333333333333,0.45454545454545453,0.033846153846153845,1.0,0.3333333333333333,0.009230769230769232,1.0,0.0,0.003076923076923077,0.0,14,9,0.6428571428571429,0.043076923076923075,93,42,0.45161290322580644,0.28615384615384615,148,85,0.5743243243243243,0.4553846153846154,65,25,0.38461538461538464,0.2,2,1,1,3,0.5,0.006153846153846154,1.5,2,1,1,3,0.5,0.006153846153846154,1.5,25,10,15,30,0.4,0.07692307692307693,1.2,18,5,13,15,0.2777777777777778,0.055384615384615386,0.8333333333333334,18,8,10,24,0.4444444444444444,0.055384615384615386,1.3333333333333333,1199
8,Liga ACB,51,2025-2026,59123,Alberto Diaz,1339,Malaga,30,115,74,41,51,28,23,12,1,167,27,0,20.802443478995798,55,50,5,25,20,5,70,55,24,31,23,8,15,54,62,42,20,24,15,9,63,49,30,19,25,13,12,63,5,3,2,6,12,8,4,16,22,10,12,20,9,7,2,21,60,21,39,63,2,0,2,0,1,0,1,0,4,2,2,4,40,18,22,49,0,0,0,0,13,7,6,18,36,18,18,45,22,6,16,14,37,16,21,47,42,17,25,42,0,0,0,0,4,1,3,2,2,0,2,0,0,0,0,0,12,8,4,16,0,0,0,0,0,0,0,0,11,5,6,15,0,0,0,0,0,0,0,0,3,2,1,4,0,0,0,0,43,37,7,7,23,20,23,21,7,6,0.4434782608695652,0.5609756097560976,0.3783783783783784,0.8604651162790697,0.5652173913043478,0.08333333333333333,1.2470131421744326,0.6434782608695652,0.45454545454545453,1.0,0.4,0.6363636363636364,1.3257575757575757,0.5,0.41818181818181815,0.4838709677419355,0.3333333333333333,0.4909090909090909,1.1363636363636362,0.5,0.3870967741935484,0.45,0.35714285714285715,0.5080645161290323,1.1647254575707153,0.5585585585585585,0.5102040816326531,0.631578947368421,0.43333333333333335,0.6428571428571429,1.3248847926267282,0.44144144144144143,0.45,0.34782608695652173,1.225,,0.0,,0.5384615384615384,0.11304347826086956,1.3846153846153846,0.5,0.3130434782608696,1.25,0.2727272727272727,0.19130434782608696,0.6363636363636364,0.43243243243243246,0.3217391304347826,1.2702702702702702,0.40476190476190477,0.3652173913043478,1.0,,0.0,,0.25,0.034782608695652174,0.5,0.0,0.017391304347826087,0.0,,0.0,,0.6666666666666666,0.10434782608695652,1.3333333333333333,,0.0,,,0.0,,0.45454545454545453,0.09565217391304348,1.3636363636363635,,0.0,,,0.0,,0.6666666666666666,0.02608695652173913,1.3333333333333333,,0.0,,5,3,0.6,0.043478260869565216,12,8,0.6666666666666666,0.10434782608695652,22,10,0.45454545454545453,0.19130434782608696,69,28,0.4057971014492754,0.6,2,1,1,3,0.5,0.017391304347826087,1.5,7,6,1,18,0.8571428571428571,0.06086956521739131,2.5714285714285716,20,5,15,15,0.25,0.17391304347826086,0.75,19,9,10,27,0.47368421052631576,0.16521739130434782,1.4210526315789473,21,7,14,21,0.3333333333333333,0.1826086956521739,1.0,1086
8,Liga ACB,51,2025-2026,59124,Augustine Rubit,1339,Malaga,20,92,7,85,46,1,45,23,6,132,23,3,11.978918814814193,32,3,29,20,1,19,41,54,3,51,23,0,23,46,66,2,64,32,0,32,64,24,4,20,13,1,12,27,21,13,8,26,21,11,10,22,42,20,22,40,0,0,0,0,4,1,3,3,1,0,1,0,1,0,1,0,2,1,1,2,25,14,11,28,3,0,3,0,7,3,4,6,17,10,7,21,38,18,20,36,14,9,5,19,16,6,10,12,0,0,0,0,2,1,1,2,2,0,2,0,11,5,6,10,27,18,9,36,1,0,1,0,0,0,0,0,5,3,2,6,3,0,3,0,8,3,5,6,0,0,0,0,1,0,1,0,54,39,4,3,34,23,38,27,2,1,0.5,0.5294117647058824,0.14285714285714285,0.7222222222222222,0.5054347826086957,0.2608695652173913,1.1402902557014511,0.07608695652173914,0.625,0.6551724137931034,0.3333333333333333,0.640625,1.3033175355450237,0.37209302325581395,0.42592592592592593,0.45098039215686275,0.0,0.42592592592592593,1.0005800464037125,0.627906976744186,0.48484848484848486,0.5,0.0,0.48484848484848486,1.1000967117988394,0.7333333333333333,0.5416666666666666,0.6,0.25,0.5625,1.1254019292604502,0.26666666666666666,0.56,0.2717391304347826,1.12,0.0,0.03260869565217391,0.0,0.42857142857142855,0.07608695652173914,0.8571428571428571,0.5882352941176471,0.18478260869565216,1.2352941176470589,0.47368421052631576,0.41304347826086957,0.9473684210526315,0.6428571428571429,0.15217391304347827,1.3571428571428572,0.375,0.17391304347826086,0.75,,0.0,,0.5,0.021739130434782608,1.0,0.0,0.021739130434782608,0.0,0.45454545454545453,0.11956521739130435,0.9090909090909091,0.6666666666666666,0.29347826086956524,1.3333333333333333,0.0,0.010869565217391304,0.0,,0.0,,0.6,0.05434782608695652,1.2,0.0,0.03260869565217391,0.0,0.375,0.08695652173913043,0.75,,0.0,,0.0,0.010869565217391304,0.0,21,13,0.6190476190476191,0.22826086956521738,21,11,0.5238095238095238,0.22826086956521738,42,20,0.47619047619047616,0.45652173913043476,4,1,0.25,0.043478260869565216,0,0,0,0,,0.0,,0,0,0,0,,0.0,,0,0,0,0,,0.0,,3,1,2,3,0.3333333333333333,0.03260869565217391,1.0,1,0,1,0,0.0,0.010869565217391304,0.0,503
8,Liga ACB,51,2025-2026,59125,Jonathan Barreiro,1339,Malaga,32,118,79,39,46,22,24,12,4,140,34,2,17.579509908571755,94,72,22,33,21,12,87,19,6,13,10,1,9,21,80,50,30,30,15,15,75,36,27,9,16,7,9,39,24,16,8,32,12,7,5,14,3,1,2,2,33,8,25,24,44,14,30,42,0,0,0,0,0,0,0,0,2,0,2,0,52,20,32,55,2,0,2,0,7,2,5,6,29,14,15,33,26,10,16,20,42,13,29,39,6,0,6,0,1,0,1,0,0,0,0,0,0,0,0,0,1,0,1,0,30,20,10,40,1,0,1,0,0,0,0,0,30,8,22,24,0,0,0,0,0,0,0,0,1,1,0,3,4,4,0,8,40,26,10,4,10,10,18,14,0,0,0.3898305084745763,0.6153846153846154,0.27848101265822783,0.65,0.4830508474576271,0.3333333333333333,1.032448377581121,0.6694915254237288,0.35106382978723405,0.5454545454545454,0.2916666666666667,0.4627659574468085,0.9247967479674796,0.831858407079646,0.5263157894736842,0.6923076923076923,0.16666666666666666,0.5526315789473685,1.324786324786325,0.168141592920354,0.375,0.5,0.3,0.46875,1.0122838944494996,0.6896551724137931,0.4444444444444444,1.0,0.25925925925925924,0.5416666666666666,1.0833333333333333,0.3103448275862069,0.38461538461538464,0.4406779661016949,1.0576923076923077,0.0,0.01694915254237288,0.0,0.2857142857142857,0.059322033898305086,0.8571428571428571,0.4827586206896552,0.2457627118644068,1.1379310344827587,0.38461538461538464,0.22033898305084745,0.7692307692307693,0.30952380952380953,0.3559322033898305,0.9285714285714286,0.0,0.05084745762711865,0.0,0.0,0.00847457627118644,0.0,,0.0,,,0.0,,0.0,0.00847457627118644,0.0,0.6666666666666666,0.2542372881355932,1.3333333333333333,0.0,0.00847457627118644,0.0,,0.0,,0.26666666666666666,0.2542372881355932,0.8,,0.0,,,0.0,,1.0,0.00847457627118644,3.0,1.0,0.03389830508474576,2.0,24,16,0.6666666666666666,0.2033898305084746,12,7,0.5833333333333334,0.1016949152542373,3,1,0.3333333333333333,0.025423728813559324,77,22,0.2857142857142857,0.652542372881356,22,4,18,12,0.18181818181818182,0.1864406779661017,0.5454545454545454,11,4,7,12,0.36363636363636365,0.09322033898305085,1.0909090909090908,10,3,7,9,0.3,0.0847457627118644,0.9,16,5,11,15,0.3125,0.13559322033898305,0.9375,18,6,12,18,0.3333333333333333,0.15254237288135594,1.0,959
8,Liga ACB,51,2025-2026,59126,Emir Sulejmanovic,1339,Malaga,28,143,52,91,71,19,52,13,0,181,53,4,11.872548729836902,92,48,44,50,18,32,118,43,4,39,17,1,16,35,89,32,57,36,11,25,83,51,18,33,34,8,26,76,49,35,14,70,35,16,19,32,6,0,6,0,9,3,6,9,40,16,24,48,1,0,1,0,0,0,0,0,3,1,2,2,37,19,18,46,4,0,4,0,11,9,2,22,40,25,15,54,48,17,31,37,37,14,23,41,2,1,1,3,6,6,0,12,7,0,7,0,1,0,1,0,20,7,13,14,45,33,12,66,0,0,0,0,0,0,0,0,12,5,7,15,0,0,0,0,3,0,3,0,0,0,0,0,7,4,3,8,46,20,12,7,12,4,26,12,0,0,0.4965034965034965,0.5714285714285714,0.36538461538461536,0.43478260869565216,0.5629370629370629,0.0,1.1087968635138445,0.36363636363636365,0.5434782608695652,0.7272727272727273,0.375,0.6413043478260869,1.2849506578947367,0.6814814814814815,0.3953488372093023,0.41025641025641024,0.25,0.4069767441860465,0.8077879038939519,0.31851851851851853,0.4044943820224719,0.43859649122807015,0.34375,0.46629213483146065,0.9458383114297093,0.6357142857142857,0.6666666666666666,0.7878787878787878,0.4444444444444444,0.7450980392156863,1.4901960784313726,0.36428571428571427,0.5135135135135135,0.25874125874125875,1.2432432432432432,0.0,0.027972027972027972,0.0,0.8181818181818182,0.07692307692307693,2.0,0.625,0.27972027972027974,1.35,0.3541666666666667,0.3356643356643357,0.7708333333333334,0.3783783783783784,0.25874125874125875,1.1081081081081081,0.5,0.013986013986013986,1.5,1.0,0.04195804195804196,2.0,0.0,0.04895104895104895,0.0,0.0,0.006993006993006993,0.0,0.35,0.13986013986013987,0.7,0.7333333333333333,0.3146853146853147,1.4666666666666666,,0.0,,,0.0,,0.4166666666666667,0.08391608391608392,1.25,,0.0,,0.0,0.02097902097902098,0.0,,0.0,,0.5714285714285714,0.04895104895104895,1.1428571428571428,49,35,0.7142857142857143,0.34265734265734266,35,16,0.45714285714285713,0.24475524475524477,6,0,0.0,0.04195804195804196,49,19,0.3877551020408163,0.34265734265734266,5,2,3,6,0.4,0.03496503496503497,1.2,4,1,3,3,0.25,0.027972027972027972,0.75,22,7,15,21,0.3181818181818182,0.15384615384615385,0.9545454545454546,7,3,4,9,0.42857142857142855,0.04895104895104895,1.2857142857142858,11,6,5,18,0.5454545454545454,0.07692307692307693,1.6363636363636365,782
8,Liga ACB,51,2025-2026,59127,Aleksander Balcerowski,1339,Malaga,33,189,16,173,119,5,114,69,21,348,78,9,5.977304065264124,101,14,87,72,5,67,149,69,1,68,36,0,36,72,126,9,117,72,3,69,147,62,6,56,47,2,45,96,102,72,30,144,61,38,23,76,10,4,6,8,0,0,0,0,15,5,10,15,0,0,0,0,0,0,0,0,1,0,1,0,53,36,17,74,9,0,9,0,6,5,1,10,56,42,14,86,64,36,28,73,16,5,11,15,3,1,2,2,24,23,1,46,2,0,2,0,0,0,0,0,14,8,6,16,101,66,35,132,0,0,0,0,7,6,1,12,2,0,2,0,2,1,1,2,1,1,0,2,0,0,0,0,16,8,8,16,163,105,40,24,56,41,110,70,9,6,0.6296296296296297,0.6589595375722543,0.3125,0.6441717791411042,0.6428571428571429,0.30434782608695654,1.33476526541884,0.08465608465608465,0.7128712871287128,0.7701149425287356,0.35714285714285715,0.7376237623762376,1.4586846543001688,0.5941176470588235,0.5217391304347826,0.5294117647058824,0.0,0.5217391304347826,1.2067492524562153,0.40588235294117647,0.5714285714285714,0.5897435897435898,0.3333333333333333,0.5833333333333334,1.2442660550458715,0.6702127659574468,0.7580645161290323,0.8035714285714286,0.3333333333333333,0.7741935483870968,1.5463917525773196,0.32978723404255317,0.6792452830188679,0.2804232804232804,1.3962264150943395,0.0,0.047619047619047616,0.0,0.8333333333333334,0.031746031746031744,1.6666666666666667,0.75,0.2962962962962963,1.5357142857142858,0.5625,0.3386243386243386,1.140625,0.3125,0.08465608465608465,0.9375,0.3333333333333333,0.015873015873015872,0.6666666666666666,0.9583333333333334,0.12698412698412698,1.9166666666666667,0.0,0.010582010582010581,0.0,,0.0,,0.5714285714285714,0.07407407407407407,1.1428571428571428,0.6534653465346535,0.5343915343915344,1.306930693069307,,0.0,,0.8571428571428571,0.037037037037037035,1.7142857142857142,0.0,0.010582010582010581,0.0,0.5,0.010582010582010581,1.0,1.0,0.005291005291005291,2.0,,0.0,,0.5,0.08465608465608465,1.0,102,72,0.7058823529411765,0.5396825396825397,61,38,0.6229508196721312,0.32275132275132273,10,4,0.4,0.05291005291005291,15,5,0.3333333333333333,0.07936507936507936,0,0,0,0,,0.0,,0,0,0,0,,0.0,,9,2,7,6,0.2222222222222222,0.047619047619047616,0.6666666666666666,3,1,2,3,0.3333333333333333,0.015873015873015872,1.0,3,2,1,6,0.6666666666666666,0.015873015873015872,2.0,1250
8,Liga ACB,51,2025-2026,59129,Nihad Djedovic,1339,Malaga,15,85,30,55,46,10,36,7,1,119,30,4,11.682974338786204,41,25,16,22,8,14,52,44,5,39,24,2,22,50,58,21,37,26,8,18,60,25,7,18,20,2,18,42,26,21,5,42,21,11,10,22,8,4,4,8,4,4,0,12,24,6,18,18,0,0,0,0,0,0,0,0,2,0,2,0,21,12,9,29,4,0,4,0,6,5,1,10,19,15,4,32,33,14,19,31,20,8,12,24,7,5,2,12,1,0,1,0,6,1,5,2,0,0,0,0,2,1,1,2,41,30,11,60,0,0,0,0,0,0,0,0,4,0,4,0,1,1,0,2,0,0,0,0,1,0,1,0,0,0,0,0,29,17,0,0,13,7,13,7,0,0,0.5411764705882353,0.6545454545454545,0.3333333333333333,0.5862068965517241,0.6,0.14285714285714285,1.217266775777414,0.35294117647058826,0.5365853658536586,0.875,0.32,0.6341463414634146,1.2682926829268293,0.4823529411764706,0.5454545454545454,0.5641025641025641,0.4,0.5681818181818182,1.1464199517296862,0.5176470588235295,0.4482758620689655,0.4864864864864865,0.38095238095238093,0.5172413793103449,1.051475204017577,0.6987951807228916,0.8,1.0,0.2857142857142857,0.84,1.68,0.30120481927710846,0.5714285714285714,0.24705882352941178,1.380952380952381,0.0,0.047058823529411764,0.0,0.8333333333333334,0.07058823529411765,1.6666666666666667,0.7894736842105263,0.2235294117647059,1.6842105263157894,0.42424242424242425,0.38823529411764707,0.9393939393939394,0.4,0.23529411764705882,1.2,0.7142857142857143,0.08235294117647059,1.7142857142857142,0.0,0.011764705882352941,0.0,0.16666666666666666,0.07058823529411765,0.3333333333333333,,0.0,,0.5,0.023529411764705882,1.0,0.7317073170731707,0.4823529411764706,1.4634146341463414,,0.0,,,0.0,,0.0,0.047058823529411764,0.0,1.0,0.011764705882352941,2.0,,0.0,,0.0,0.011764705882352941,0.0,,0.0,,26,21,0.8076923076923077,0.3058823529411765,21,11,0.5238095238095238,0.24705882352941178,8,4,0.5,0.09411764705882353,28,10,0.35714285714285715,0.32941176470588235,1,1,0,3,1.0,0.011764705882352941,3.0,3,3,0,9,1.0,0.03529411764705882,3.0,4,2,2,6,0.5,0.047058823529411764,1.5,5,1,4,3,0.2,0.058823529411764705,0.6,15,3,12,9,0.2,0.17647058823529413,0.6,501
8,Liga ACB,51,2025-2026,59130,Dani Diez,1316,San Pablo Burgos,21,140,84,56,59,27,32,3,1,159,49,5,17.816268359762326,103,68,35,44,20,24,108,26,9,17,12,5,7,29,90,60,30,27,14,13,68,45,21,24,30,12,18,72,23,15,8,30,15,6,9,12,16,10,6,20,11,6,5,18,70,20,50,60,0,0,0,0,0,0,0,0,5,2,3,5,46,15,31,40,5,0,5,0,11,7,4,18,34,23,11,54,39,12,27,28,47,13,34,37,23,11,12,28,1,0,1,0,1,1,0,2,0,0,0,0,0,0,0,0,30,19,11,38,0,0,0,0,1,0,1,0,26,10,16,28,1,0,1,0,2,2,0,5,0,0,0,0,3,1,2,2,17,14,6,6,0,0,3,3,3,3,0.42142857142857143,0.5714285714285714,0.32142857142857145,0.8235294117647058,0.5178571428571429,0.3333333333333333,1.078112286411717,0.6,0.42718446601941745,0.6857142857142857,0.29411764705882354,0.5242718446601942,1.079136690647482,0.7984496124031008,0.46153846153846156,0.4117647058823529,0.5555555555555556,0.5576923076923077,1.1153846153846154,0.20155038759689922,0.3,0.43333333333333335,0.23333333333333334,0.37777777777777777,0.7774857643451599,0.6666666666666666,0.6666666666666666,0.75,0.5714285714285714,0.8,1.6191709844559585,0.3333333333333333,0.32608695652173914,0.32857142857142857,0.8695652173913043,0.0,0.03571428571428571,0.0,0.6363636363636364,0.07857142857142857,1.6363636363636365,0.6764705882352942,0.24285714285714285,1.588235294117647,0.3076923076923077,0.2785714285714286,0.717948717948718,0.2765957446808511,0.3357142857142857,0.7872340425531915,0.4782608695652174,0.16428571428571428,1.2173913043478262,0.0,0.007142857142857143,0.0,1.0,0.007142857142857143,2.0,,0.0,,,0.0,,0.6333333333333333,0.21428571428571427,1.2666666666666666,,0.0,,0.0,0.007142857142857143,0.0,0.38461538461538464,0.18571428571428572,1.0769230769230769,0.0,0.007142857142857143,0.0,1.0,0.014285714285714285,2.5,,0.0,,0.3333333333333333,0.02142857142857143,0.6666666666666666,23,15,0.6521739130434783,0.16428571428571428,15,6,0.4,0.10714285714285714,16,10,0.625,0.11428571428571428,81,26,0.32098765432098764,0.5785714285714286,6,4,2,12,0.6666666666666666,0.04285714285714286,2.0,5,2,3,6,0.4,0.03571428571428571,1.2,19,5,14,15,0.2631578947368421,0.1357142857142857,0.7894736842105263,31,10,21,30,0.3225806451612903,0.22142857142857142,0.967741935483871,20,5,15,15,0.25,0.14285714285714285,0.75,835
8,Liga ACB,51,2025-2026,59131,Pablo Almazan Sierra,1316,San Pablo Burgos,27,43,27,16,16,7,9,1,0,41,12,0,18.207310084316248,31,26,5,10,7,3,27,11,1,10,5,0,5,10,28,19,9,10,6,4,26,14,8,6,5,1,4,11,3,3,0,6,8,3,5,6,4,2,2,4,13,4,9,12,13,3,10,9,0,0,0,0,1,0,1,0,1,1,0,2,15,6,9,17,0,0,0,0,2,0,2,0,12,5,7,11,13,4,9,9,25,8,17,23,4,2,2,4,0,0,0,0,0,0,0,0,1,0,1,0,1,0,1,0,8,5,3,10,0,0,0,0,0,0,0,0,3,0,3,0,0,0,0,0,0,0,0,0,0,0,0,0,0,0,0,0,4,2,2,1,0,0,0,0,2,1,0.37209302325581395,0.5625,0.25925925925925924,0.5,0.45348837209302323,0.0,0.9159964253798034,0.627906976744186,0.3225806451612903,0.6,0.2692307692307692,0.43548387096774194,0.8782936010037642,0.7380952380952381,0.45454545454545453,0.5,0.0,0.45454545454545453,0.9090909090909091,0.2619047619047619,0.35714285714285715,0.4444444444444444,0.3157894736842105,0.4642857142857143,0.9285714285714286,0.6666666666666666,0.35714285714285715,0.6666666666666666,0.125,0.39285714285714285,0.8064516129032258,0.3333333333333333,0.4,0.3488372093023256,1.1333333333333333,,0.0,,0.0,0.046511627906976744,0.0,0.4166666666666667,0.27906976744186046,0.9166666666666666,0.3076923076923077,0.3023255813953488,0.6923076923076923,0.32,0.5813953488372093,0.92,0.5,0.09302325581395349,1.0,,0.0,,,0.0,,0.0,0.023255813953488372,0.0,0.0,0.023255813953488372,0.0,0.625,0.18604651162790697,1.25,,0.0,,,0.0,,0.0,0.06976744186046512,0.0,,0.0,,,0.0,,,0.0,,,0.0,,3,3,1.0,0.06976744186046512,8,3,0.375,0.18604651162790697,4,2,0.5,0.09302325581395349,26,7,0.2692307692307692,0.6046511627906976,12,3,9,9,0.25,0.27906976744186046,0.75,1,1,0,3,1.0,0.023255813953488372,3.0,1,0,1,0,0.0,0.023255813953488372,0.0,2,0,2,0,0.0,0.046511627906976744,0.0,10,3,7,9,0.3,0.23255813953488372,0.9,547
8,Liga ACB,51,2025-2026,59132,Luke Fischer,1316,San Pablo Burgos,29,155,0,155,86,0,86,34,9,218,70,10,5.774357106394472,90,0,90,55,0,55,110,35,0,35,17,0,17,34,111,0,111,53,0,53,106,38,0,38,28,0,28,56,68,46,22,92,68,30,38,60,13,5,8,10,0,0,0,0,0,0,0,0,0,0,0,0,0,0,0,0,6,5,1,10,48,28,20,56,10,0,10,0,9,5,4,10,29,23,6,46,53,25,28,50,5,1,4,2,4,1,3,2,7,6,1,12,15,9,6,18,0,0,0,0,19,7,12,14,65,42,23,84,1,1,0,2,6,5,1,10,4,2,2,4,6,1,5,2,1,0,1,0,0,0,0,0,16,6,10,12,69,46,33,20,15,13,53,37,3,2,0.5548387096774193,0.5548387096774193,,0.6666666666666666,0.5548387096774193,0.2647058823529412,1.1760897712559344,0.0,0.6111111111111112,0.6111111111111112,,0.6111111111111112,1.2437810945273633,0.72,0.4857142857142857,0.4857142857142857,,0.4857142857142857,1.1298076923076923,0.28,0.4774774774774775,0.4774774774774775,,0.4774774774774775,1.0646217986896962,0.7449664429530202,0.7368421052631579,0.7368421052631579,,0.7368421052631579,1.4750762970498474,0.2550335570469799,0.5833333333333334,0.3096774193548387,1.1666666666666667,0.0,0.06451612903225806,0.0,0.5555555555555556,0.05806451612903226,1.1111111111111112,0.7931034482758621,0.1870967741935484,1.5862068965517242,0.4716981132075472,0.3419354838709677,0.9433962264150944,0.2,0.03225806451612903,0.4,0.25,0.025806451612903226,0.5,0.8571428571428571,0.04516129032258064,1.7142857142857142,0.6,0.0967741935483871,1.2,,0.0,,0.3684210526315789,0.12258064516129032,0.7368421052631579,0.6461538461538462,0.41935483870967744,1.2923076923076924,1.0,0.0064516129032258064,2.0,0.8333333333333334,0.03870967741935484,1.6666666666666667,0.5,0.025806451612903226,1.0,0.16666666666666666,0.03870967741935484,0.3333333333333333,0.0,0.0064516129032258064,0.0,,0.0,,0.375,0.1032258064516129,0.75,68,46,0.6764705882352942,0.43870967741935485,68,30,0.4411764705882353,0.43870967741935485,13,5,0.38461538461538464,0.08387096774193549,0,0,,0.0,0,0,0,0,,0.0,,0,0,0,0,,0.0,,0,0,0,0,,0.0,,0,0,0,0,,0.0,,0,0,0,0,,0.0,,921
8,Liga ACB,51,2025-2026,59133,Leonardo Simoes Meindl,1316,San Pablo Burgos,32,313,120,193,116,28,88,43,15,333,58,15,12.514328357447072,144,95,49,51,22,29,124,152,23,129,57,6,51,120,238,89,149,83,23,60,189,69,27,42,32,5,27,69,77,46,31,92,91,34,57,68,23,7,16,14,42,12,30,36,73,16,57,48,0,0,0,0,1,0,1,0,6,1,5,2,83,34,49,81,15,0,15,0,22,6,16,14,47,26,21,55,140,49,91,108,64,19,45,57,33,7,26,18,7,5,2,10,11,4,7,8,1,0,1,0,12,6,6,12,129,64,65,128,0,0,0,0,0,0,0,0,32,4,28,11,2,1,1,2,3,1,2,3,6,3,3,7,7,1,6,2,100,73,18,15,42,30,60,44,6,5,0.3706070287539936,0.45595854922279794,0.23333333333333334,0.73,0.41533546325878595,0.3488372093023256,0.9327731092436975,0.38338658146964855,0.3541666666666667,0.5918367346938775,0.23157894736842105,0.4305555555555556,0.9149552395997894,0.4864864864864865,0.375,0.3953488372093023,0.2608695652173913,0.39473684210526316,0.8798686062881277,0.5135135135135135,0.3487394957983193,0.40268456375838924,0.25842696629213485,0.39705882352941174,0.8812405446293495,0.7752442996742671,0.463768115942029,0.6428571428571429,0.18518518518518517,0.5,1.0329424902289224,0.2247557003257329,0.40963855421686746,0.26517571884984026,0.9759036144578314,0.0,0.04792332268370607,0.0,0.2727272727272727,0.07028753993610223,0.6363636363636364,0.5531914893617021,0.1501597444089457,1.1702127659574468,0.35,0.4472843450479233,0.7714285714285715,0.296875,0.20447284345047922,0.890625,0.21212121212121213,0.10543130990415335,0.5454545454545454,0.7142857142857143,0.022364217252396165,1.4285714285714286,0.36363636363636365,0.03514376996805112,0.7272727272727273,0.0,0.003194888178913738,0.0,0.5,0.038338658146964855,1.0,0.49612403100775193,0.41214057507987223,0.9922480620155039,,0.0,,,0.0,,0.125,0.10223642172523961,0.34375,0.5,0.006389776357827476,1.0,0.3333333333333333,0.009584664536741214,1.0,0.5,0.019169329073482427,1.1666666666666667,0.14285714285714285,0.022364217252396165,0.2857142857142857,77,46,0.5974025974025974,0.24600638977635783,91,34,0.37362637362637363,0.29073482428115016,23,7,0.30434782608695654,0.07348242811501597,115,28,0.24347826086956523,0.36741214057507987,28,7,21,21,0.25,0.08945686900958466,0.75,14,5,9,15,0.35714285714285715,0.04472843450479233,1.0714285714285714,13,1,12,3,0.07692307692307693,0.04153354632587859,0.23076923076923078,33,7,26,21,0.21212121212121213,0.10543130990415335,0.6363636363636364,27,8,19,24,0.2962962962962963,0.08626198083067092,0.8888888888888888,1572
8,Liga ACB,51,2025-2026,59134,Gonzalo Corbalan,1316,San Pablo Burgos,32,355,152,203,168,49,119,49,15,493,80,10,14.183376412116557,133,84,49,69,31,38,169,199,63,136,93,18,75,204,238,99,139,109,36,73,254,106,45,61,57,12,45,126,89,61,28,122,83,44,39,88,28,13,15,26,23,9,14,27,116,38,78,114,3,0,3,0,2,1,1,3,11,2,9,5,96,44,52,106,9,0,9,0,18,8,10,18,88,49,39,108,133,65,68,148,56,18,38,54,83,30,53,77,9,9,0,18,4,0,4,0,2,1,1,3,4,2,2,4,131,82,49,164,1,1,0,2,3,2,1,4,30,16,14,44,4,0,4,0,2,0,2,0,7,3,4,6,8,2,6,4,135,108,22,17,60,49,69,57,13,9,0.4732394366197183,0.5862068965517241,0.3223684210526316,0.8,0.5422535211267606,0.30612244897959184,1.1896718146718148,0.428169014084507,0.518796992481203,0.7755102040816326,0.36904761904761907,0.6353383458646616,1.3036164844407063,0.4006024096385542,0.46733668341708545,0.5514705882352942,0.2857142857142857,0.5125628140703518,1.1224489795918366,0.5993975903614458,0.4579831932773109,0.5251798561151079,0.36363636363636365,0.5336134453781513,1.1588910418840364,0.6918604651162791,0.5377358490566038,0.7377049180327869,0.26666666666666666,0.5943396226415094,1.2083780880773363,0.3081395348837209,0.4583333333333333,0.2704225352112676,1.1041666666666667,0.0,0.02535211267605634,0.0,0.4444444444444444,0.05070422535211268,1.0,0.5568181818181818,0.24788732394366197,1.2272727272727273,0.48872180451127817,0.37464788732394366,1.112781954887218,0.32142857142857145,0.15774647887323945,0.9642857142857143,0.3614457831325301,0.23380281690140844,0.927710843373494,1.0,0.02535211267605634,2.0,0.0,0.011267605633802818,0.0,0.5,0.005633802816901409,1.5,0.5,0.011267605633802818,1.0,0.6259541984732825,0.36901408450704226,1.251908396946565,1.0,0.0028169014084507044,2.0,0.6666666666666666,0.008450704225352112,1.3333333333333333,0.5333333333333333,0.08450704225352113,1.4666666666666666,0.0,0.011267605633802818,0.0,0.0,0.005633802816901409,0.0,0.42857142857142855,0.01971830985915493,0.8571428571428571,0.25,0.022535211267605635,0.5,89,61,0.6853932584269663,0.2507042253521127,83,44,0.5301204819277109,0.23380281690140844,28,13,0.4642857142857143,0.07887323943661972,139,47,0.3381294964028777,0.39154929577464787,13,7,6,21,0.5384615384615384,0.036619718309859155,1.6153846153846154,10,2,8,6,0.2,0.028169014084507043,0.6,42,11,31,33,0.2619047619047619,0.11830985915492957,0.7857142857142857,40,14,26,42,0.35,0.11267605633802817,1.05,34,13,21,39,0.38235294117647056,0.09577464788732394,1.1470588235294117,1683
8,Liga ACB,51,2025-2026,59135,Matteo Spagnolo,1326,Bitci Baskonia,31,176,39,137,84,13,71,26,3,233,25,17,11.497900232487051,45,22,23,18,5,13,41,130,17,113,65,8,57,138,123,23,100,51,9,42,111,52,16,36,32,4,28,68,55,36,19,72,47,22,25,44,34,12,22,24,12,3,9,9,25,10,15,30,2,0,2,0,0,0,0,0,1,1,0,2,34,15,19,36,17,0,17,0,8,3,5,6,44,29,15,62,72,36,36,75,17,4,13,12,45,22,23,50,5,4,1,8,7,1,6,2,2,0,2,0,2,1,1,2,77,43,34,86,0,0,0,0,2,2,0,4,9,2,7,5,3,1,2,2,3,0,3,0,2,2,0,6,1,1,0,2,64,52,1,1,45,35,41,32,9,7,0.4772727272727273,0.5182481751824818,0.3333333333333333,0.8125,0.5142045454545454,0.11538461538461539,1.1412617554858935,0.2215909090909091,0.4,0.5652173913043478,0.22727272727272727,0.45555555555555555,0.9242957746478874,0.2571428571428571,0.5,0.504424778761062,0.47058823529411764,0.5307692307692308,1.1548731642189585,0.7428571428571429,0.4146341463414634,0.42,0.391304347826087,0.45121951219512196,1.0138967668746455,0.7028571428571428,0.6153846153846154,0.7777777777777778,0.25,0.6538461538461539,1.34024303073624,0.29714285714285715,0.4411764705882353,0.19318181818181818,1.0588235294117647,0.0,0.09659090909090909,0.0,0.375,0.045454545454545456,0.75,0.6590909090909091,0.25,1.4090909090909092,0.5,0.4090909090909091,1.0416666666666667,0.23529411764705882,0.09659090909090909,0.7058823529411765,0.4888888888888889,0.2556818181818182,1.1111111111111112,0.8,0.028409090909090908,1.6,0.14285714285714285,0.03977272727272727,0.2857142857142857,0.0,0.011363636363636364,0.0,0.5,0.011363636363636364,1.0,0.5584415584415584,0.4375,1.1168831168831168,,0.0,,1.0,0.011363636363636364,2.0,0.2222222222222222,0.05113636363636364,0.5555555555555556,0.3333333333333333,0.017045454545454544,0.6666666666666666,0.0,0.017045454545454544,0.0,1.0,0.011363636363636364,3.0,1.0,0.005681818181818182,2.0,55,36,0.6545454545454545,0.3125,47,22,0.46808510638297873,0.26704545454545453,34,12,0.35294117647058826,0.19318181818181818,37,13,0.35135135135135137,0.21022727272727273,4,2,2,6,0.5,0.022727272727272728,1.5,8,1,7,3,0.125,0.045454545454545456,0.375,8,4,4,12,0.5,0.045454545454545456,1.5,12,4,8,12,0.3333333333333333,0.06818181818181818,1.0,5,2,3,6,0.4,0.028409090909090908,1.2,1224
8,Liga ACB,51,2025-2026,59136,Gytis Radzevicius,1326,Bitci Baskonia,23,88,43,45,44,20,24,7,1,117,30,1,15.47120072055893,53,38,15,28,16,12,72,30,5,25,15,4,11,34,54,26,28,23,11,12,57,31,16,15,20,9,11,49,13,11,2,22,17,9,8,18,13,3,10,6,16,7,9,21,26,13,13,39,0,0,0,0,0,0,0,0,3,1,2,2,22,10,12,28,1,0,1,0,3,2,1,4,28,18,10,45,31,13,18,29,27,11,16,32,11,5,6,13,0,0,0,0,6,0,6,0,0,0,0,0,5,3,2,6,19,16,3,32,1,1,0,2,0,0,0,0,13,6,7,18,0,0,0,0,0,0,0,0,1,1,0,3,2,0,2,0,14,9,7,6,5,2,9,6,3,2,0.5,0.5333333333333333,0.46511627906976744,0.6428571428571429,0.6136363636363636,0.14285714285714285,1.2425658453695838,0.48863636363636365,0.5283018867924528,0.8,0.42105263157894735,0.6792452830188679,1.3908701854493581,0.6385542168674698,0.5,0.44,0.8,0.5666666666666667,1.1180124223602483,0.3614457831325301,0.42592592592592593,0.42857142857142855,0.4230769230769231,0.5277777777777778,1.0869565217391304,0.6352941176470588,0.6451612903225806,0.7333333333333333,0.5625,0.7903225806451613,1.577970297029703,0.36470588235294116,0.45454545454545453,0.25,1.2727272727272727,0.0,0.011363636363636364,0.0,0.6666666666666666,0.03409090909090909,1.3333333333333333,0.6428571428571429,0.3181818181818182,1.6071428571428572,0.41935483870967744,0.3522727272727273,0.9354838709677419,0.4074074074074074,0.3068181818181818,1.1851851851851851,0.45454545454545453,0.125,1.1818181818181819,,0.0,,0.0,0.06818181818181818,0.0,,0.0,,0.6,0.056818181818181816,1.2,0.8421052631578947,0.2159090909090909,1.6842105263157894,1.0,0.011363636363636364,2.0,,0.0,,0.46153846153846156,0.14772727272727273,1.3846153846153846,,0.0,,,0.0,,1.0,0.011363636363636364,3.0,0.0,0.022727272727272728,0.0,13,11,0.8461538461538461,0.14772727272727273,17,9,0.5294117647058824,0.19318181818181818,13,3,0.23076923076923078,0.14772727272727273,42,20,0.47619047619047616,0.4772727272727273,11,5,6,15,0.45454545454545453,0.125,1.3636363636363635,5,2,3,6,0.4,0.056818181818181816,1.2,7,4,3,12,0.5714285714285714,0.07954545454545454,1.7142857142857142,11,3,8,9,0.2727272727272727,0.125,0.8181818181818182,8,6,2,18,0.75,0.09090909090909091,2.25,864
8,Liga ACB,51,2025-2026,59137,Clement Frisch,1326,Bitci Baskonia,31,119,70,49,45,27,18,3,1,127,32,4,16.877177840919845,79,61,18,34,25,9,93,31,6,25,8,2,6,18,82,45,37,31,19,12,81,33,23,10,13,8,5,34,18,10,8,20,18,4,14,8,11,3,8,6,23,12,11,36,45,15,30,45,0,0,0,0,0,0,0,0,4,1,3,2,43,18,25,52,4,0,4,0,5,2,3,4,28,11,17,30,35,13,22,29,47,20,27,60,16,3,13,7,3,2,1,4,3,1,2,2,0,0,0,0,4,2,2,4,17,8,9,16,0,0,0,0,0,0,0,0,18,5,13,15,1,0,1,0,1,1,0,3,0,0,0,0,5,2,3,4,12,10,2,2,3,1,5,3,0,0,0.37815126050420167,0.3673469387755102,0.38571428571428573,0.8333333333333334,0.49159663865546216,0.3333333333333333,1.021886063727068,0.5882352941176471,0.43037974683544306,0.5,0.4098360655737705,0.5886075949367089,1.1892839258888332,0.7181818181818181,0.25806451612903225,0.24,0.3333333333333333,0.2903225806451613,0.5878712871287128,0.2818181818181818,0.3780487804878049,0.32432432432432434,0.4222222222222222,0.49390243902439024,0.997624703087886,0.7130434782608696,0.3939393939393939,0.5,0.34782608695652173,0.5151515151515151,1.0303030303030303,0.28695652173913044,0.4186046511627907,0.36134453781512604,1.2093023255813953,0.0,0.03361344537815126,0.0,0.4,0.04201680672268908,0.8,0.39285714285714285,0.23529411764705882,1.0714285714285714,0.37142857142857144,0.29411764705882354,0.8285714285714286,0.425531914893617,0.3949579831932773,1.2765957446808511,0.1875,0.13445378151260504,0.4375,0.6666666666666666,0.025210084033613446,1.3333333333333333,0.3333333333333333,0.025210084033613446,0.6666666666666666,,0.0,,0.5,0.03361344537815126,1.0,0.47058823529411764,0.14285714285714285,0.9411764705882353,,0.0,,,0.0,,0.2777777777777778,0.15126050420168066,0.8333333333333334,0.0,0.008403361344537815,0.0,1.0,0.008403361344537815,3.0,,0.0,,0.4,0.04201680672268908,0.8,18,10,0.5555555555555556,0.15126050420168066,18,4,0.2222222222222222,0.15126050420168066,11,3,0.2727272727272727,0.09243697478991597,68,27,0.39705882352941174,0.5714285714285714,13,7,6,21,0.5384615384615384,0.1092436974789916,1.6153846153846154,10,5,5,15,0.5,0.08403361344537816,1.5,10,5,5,15,0.5,0.08403361344537816,1.5,15,7,8,21,0.4666666666666667,0.12605042016806722,1.4,20,3,17,9,0.15,0.16806722689075632,0.45,815
8,Liga ACB,51,2025-2026,59138,Khalifa Diop,1326,Bitci Baskonia,19,39,2,37,24,1,23,6,1,67,17,6,4.772705259501673,23,2,21,15,1,14,31,14,0,14,8,0,8,16,24,2,22,11,1,10,23,15,0,15,13,0,13,26,23,16,7,32,14,7,7,14,0,0,0,0,0,0,0,0,2,1,1,3,0,0,0,0,0,0,0,0,0,0,0,0,9,6,3,13,6,0,6,0,3,2,1,4,12,11,1,22,9,5,4,10,2,1,1,3,0,0,0,0,7,6,1,12,0,0,0,0,0,0,0,0,5,1,4,2,23,14,9,28,0,0,0,0,0,0,0,0,1,1,0,2,0,0,0,0,0,0,0,0,0,0,0,0,1,1,0,2,25,18,7,5,4,2,11,7,0,0,0.6153846153846154,0.6216216216216216,0.5,0.72,0.6282051282051282,0.16666666666666666,1.34,0.05128205128205128,0.6521739130434783,0.6666666666666666,0.5,0.6739130434782609,1.3803680981595092,0.6216216216216216,0.5714285714285714,0.5714285714285714,,0.5714285714285714,1.1421319796954315,0.3783783783783784,0.4583333333333333,0.45454545454545453,0.5,0.4791666666666667,1.0402219140083218,0.6153846153846154,0.8666666666666667,0.8666666666666667,,0.8666666666666667,1.7333333333333334,0.38461538461538464,0.6666666666666666,0.23076923076923078,1.4444444444444444,0.0,0.15384615384615385,0.0,0.6666666666666666,0.07692307692307693,1.3333333333333333,0.9166666666666666,0.3076923076923077,1.8333333333333333,0.5555555555555556,0.23076923076923078,1.1111111111111112,0.5,0.05128205128205128,1.5,,0.0,,0.8571428571428571,0.1794871794871795,1.7142857142857142,,0.0,,,0.0,,0.2,0.1282051282051282,0.4,0.6086956521739131,0.5897435897435898,1.2173913043478262,,0.0,,,0.0,,1.0,0.02564102564102564,2.0,,0.0,,,0.0,,,0.0,,1.0,0.02564102564102564,2.0,23,16,0.6956521739130435,0.5897435897435898,14,7,0.5,0.358974358974359,0,0,,0.0,2,1,0.5,0.05128205128205128,0,0,0,0,,0.0,,0,0,0,0,,0.0,,0,0,0,0,,0.0,,1,1,0,3,1.0,0.02564102564102564,3.0,1,0,1,0,0.0,0.02564102564102564,0.0,601
8,Liga ACB,51,2025-2026,59139,Rafael Villar Cornago,1326,Bitci Baskonia,32,51,16,35,26,4,22,11,2,73,16,3,11.89292088035743,22,13,9,13,4,9,30,25,3,22,11,0,11,22,30,9,21,14,2,12,30,19,6,13,11,1,10,23,13,9,4,18,16,11,5,22,5,2,3,4,7,2,5,6,7,1,6,3,1,0,1,0,0,0,0,0,2,1,1,3,13,6,7,14,3,0,3,0,4,3,1,6,15,8,7,17,14,8,6,16,11,3,8,9,7,2,5,4,2,2,0,4,4,2,2,4,1,0,1,0,0,0,0,0,22,15,7,30,0,0,0,0,0,0,0,0,1,0,1,0,0,0,0,0,0,0,0,0,0,0,0,0,1,1,0,2,25,17,3,3,14,9,17,11,2,2,0.5098039215686274,0.6285714285714286,0.25,0.68,0.5490196078431373,0.18181818181818182,1.1774193548387097,0.3137254901960784,0.5909090909090909,1.0,0.3076923076923077,0.6818181818181818,1.4150943396226414,0.46808510638297873,0.44,0.5,0.0,0.44,0.9948652118100129,0.5319148936170213,0.4666666666666667,0.5714285714285714,0.2222222222222222,0.5,1.0939167556029883,0.6122448979591837,0.5789473684210527,0.7692307692307693,0.16666666666666666,0.6052631578947368,1.2575452716297788,0.3877551020408163,0.46153846153846156,0.2549019607843137,1.0769230769230769,0.0,0.058823529411764705,0.0,0.75,0.0784313725490196,1.5,0.5333333333333333,0.29411764705882354,1.1333333333333333,0.5714285714285714,0.27450980392156865,1.1428571428571428,0.2727272727272727,0.21568627450980393,0.8181818181818182,0.2857142857142857,0.13725490196078433,0.5714285714285714,1.0,0.0392156862745098,2.0,0.5,0.0784313725490196,1.0,0.0,0.0196078431372549,0.0,,0.0,,0.6818181818181818,0.43137254901960786,1.3636363636363635,,0.0,,,0.0,,0.0,0.0196078431372549,0.0,,0.0,,,0.0,,,0.0,,1.0,0.0196078431372549,2.0,13,9,0.6923076923076923,0.2549019607843137,16,11,0.6875,0.3137254901960784,5,2,0.4,0.09803921568627451,14,3,0.21428571428571427,0.27450980392156865,3,0,3,0,0.0,0.058823529411764705,0.0,4,2,2,6,0.5,0.0784313725490196,1.5,2,0,2,0,0.0,0.0392156862745098,0.0,2,1,1,3,0.5,0.0392156862745098,1.5,3,0,3,0,0.0,0.058823529411764705,0.0,797
8,Liga ACB,51,2025-2026,59140,Josep Puerto,1325,Valencia BC,24,143,99,44,54,32,22,11,4,156,41,6,18.953125226530837,95,77,18,36,25,11,97,32,10,22,11,2,9,24,94,67,27,28,20,8,76,37,22,15,21,8,13,50,19,13,6,26,14,5,9,10,9,3,6,6,34,13,21,39,53,14,39,42,0,0,0,0,2,1,1,3,12,5,7,14,46,15,31,40,5,0,5,0,9,5,4,13,28,16,12,37,43,13,30,36,65,22,43,65,19,5,14,14,1,1,0,2,1,0,1,0,0,0,0,0,1,1,0,2,26,14,12,28,0,0,0,0,2,2,0,4,13,4,9,11,0,0,0,0,3,0,3,0,0,0,0,0,0,0,0,0,22,16,8,7,10,5,18,12,1,1,0.3776223776223776,0.5,0.32323232323232326,0.7272727272727273,0.48951048951048953,0.36363636363636365,1.021744825779408,0.6923076923076923,0.37894736842105264,0.6111111111111112,0.3246753246753247,0.5105263157894737,1.0556232237109218,0.7480314960629921,0.34375,0.4090909090909091,0.2,0.375,0.7967032967032968,0.25196850393700787,0.2978723404255319,0.2962962962962963,0.29850746268656714,0.40425531914893614,0.8634222919937206,0.7175572519083969,0.5675675675675675,0.8666666666666667,0.36363636363636365,0.6756756756756757,1.3621794871794872,0.2824427480916031,0.32608695652173914,0.32167832167832167,0.8695652173913043,0.0,0.03496503496503497,0.0,0.5555555555555556,0.06293706293706294,1.4444444444444444,0.5714285714285714,0.1958041958041958,1.3214285714285714,0.3023255813953488,0.3006993006993007,0.8372093023255814,0.3384615384615385,0.45454545454545453,1.0,0.2631578947368421,0.13286713286713286,0.7368421052631579,1.0,0.006993006993006993,2.0,0.0,0.006993006993006993,0.0,,0.0,,1.0,0.006993006993006993,2.0,0.5384615384615384,0.18181818181818182,1.0769230769230769,,0.0,,1.0,0.013986013986013986,2.0,0.3076923076923077,0.09090909090909091,0.8461538461538461,,0.0,,0.0,0.02097902097902098,0.0,,0.0,,,0.0,,19,13,0.6842105263157895,0.13286713286713286,14,5,0.35714285714285715,0.0979020979020979,9,3,0.3333333333333333,0.06293706293706294,87,27,0.3103448275862069,0.6083916083916084,10,6,4,18,0.6,0.06993006993006994,1.8,24,7,17,21,0.2916666666666667,0.16783216783216784,0.875,11,3,8,9,0.2727272727272727,0.07692307692307693,0.8181818181818182,18,7,11,21,0.3888888888888889,0.1258741258741259,1.1666666666666667,24,4,20,12,0.16666666666666666,0.16783216783216784,0.5,831
8,Liga ACB,51,2025-2026,59141,Jaime Pradilla,1325,Valencia BC,29,199,63,136,118,22,96,24,9,309,74,10,10.724687968808247,110,56,54,62,18,44,142,70,5,65,44,2,42,90,138,39,99,76,13,63,165,57,22,35,40,9,31,89,78,62,16,124,46,26,20,52,10,6,4,12,23,9,14,27,38,13,25,39,0,0,0,0,0,0,0,0,4,2,2,4,67,41,26,94,10,0,10,0,15,10,5,22,42,30,12,67,61,35,26,71,52,17,35,50,6,2,4,6,15,13,2,26,1,1,0,2,0,0,0,0,7,4,3,8,87,63,24,126,1,1,0,2,2,2,0,4,8,4,4,10,6,2,4,4,2,2,0,6,1,0,1,0,7,5,2,10,73,51,21,15,13,10,31,23,7,4,0.592964824120603,0.7058823529411765,0.3492063492063492,0.6986301369863014,0.6482412060301508,0.375,1.3369678089304258,0.3165829145728643,0.5636363636363636,0.8148148148148148,0.32142857142857145,0.6454545454545455,1.3166722576316672,0.6111111111111112,0.6285714285714286,0.6461538461538462,0.4,0.6428571428571429,1.3206550449022716,0.3888888888888889,0.5507246376811594,0.6363636363636364,0.3333333333333333,0.5978260869565217,1.2397784225797943,0.7076923076923077,0.7017543859649122,0.8857142857142857,0.4090909090909091,0.7807017543859649,1.547936085219707,0.2923076923076923,0.6119402985074627,0.33668341708542715,1.4029850746268657,0.0,0.05025125628140704,0.0,0.6666666666666666,0.07537688442211055,1.4666666666666666,0.7142857142857143,0.21105527638190955,1.5952380952380953,0.5737704918032787,0.3065326633165829,1.1639344262295082,0.3269230769230769,0.2613065326633166,0.9615384615384616,0.3333333333333333,0.03015075376884422,1.0,0.8666666666666667,0.07537688442211055,1.7333333333333334,1.0,0.005025125628140704,2.0,,0.0,,0.5714285714285714,0.035175879396984924,1.1428571428571428,0.7241379310344828,0.4371859296482412,1.4482758620689655,1.0,0.005025125628140704,2.0,1.0,0.010050251256281407,2.0,0.5,0.04020100502512563,1.25,0.3333333333333333,0.03015075376884422,0.6666666666666666,1.0,0.010050251256281407,3.0,0.0,0.005025125628140704,0.0,0.7142857142857143,0.035175879396984924,1.4285714285714286,78,62,0.7948717948717948,0.39195979899497485,46,26,0.5652173913043478,0.23115577889447236,10,6,0.6,0.05025125628140704,61,22,0.36065573770491804,0.3065326633165829,7,2,5,6,0.2857142857142857,0.035175879396984924,0.8571428571428571,16,7,9,21,0.4375,0.08040201005025126,1.3125,9,4,5,12,0.4444444444444444,0.04522613065326633,1.3333333333333333,15,5,10,15,0.3333333333333333,0.07537688442211055,1.0,14,4,10,12,0.2857142857142857,0.07035175879396985,0.8571428571428571,1193
8,Liga ACB,51,2025-2026,59142,Brancou Badio,1325,Valencia BC,29,229,147,82,90,48,42,17,3,271,51,5,17.884452674496885,109,96,13,44,34,10,122,108,45,63,39,10,29,88,155,96,59,58,30,28,146,63,43,20,27,14,13,68,26,16,10,32,29,15,14,30,24,10,14,20,34,9,25,27,104,35,69,105,0,0,0,0,1,0,1,0,11,5,6,14,57,24,33,65,5,0,5,0,14,3,11,8,49,24,25,60,93,34,59,81,60,18,42,54,61,17,44,44,2,1,1,2,6,4,2,8,0,0,0,0,0,0,0,0,43,25,18,50,0,0,0,0,2,2,0,4,36,16,20,46,1,0,1,0,4,2,2,6,2,0,2,0,1,0,1,0,51,43,10,9,20,18,28,25,2,2,0.3930131004366812,0.5121951219512195,0.32653061224489793,0.8431372549019608,0.4978165938864629,0.17647058823529413,1.077791918549157,0.6419213973799127,0.4036697247706422,0.7692307692307693,0.3541666666666667,0.5596330275229358,1.1552028218694885,0.5023041474654378,0.3611111111111111,0.4603174603174603,0.2222222222222222,0.4074074074074074,0.9075342465753425,0.4976958525345622,0.3741935483870968,0.4745762711864407,0.3125,0.47096774193548385,1.0219937843652882,0.7110091743119266,0.42857142857142855,0.65,0.32558139534883723,0.5396825396825397,1.0958046336881653,0.2889908256880734,0.42105263157894735,0.24890829694323144,1.1403508771929824,0.0,0.021834061135371178,0.0,0.21428571428571427,0.0611353711790393,0.5714285714285714,0.4897959183673469,0.21397379912663755,1.2244897959183674,0.3655913978494624,0.40611353711790393,0.8709677419354839,0.3,0.26200873362445415,0.9,0.2786885245901639,0.2663755458515284,0.7213114754098361,0.5,0.008733624454148471,1.0,0.6666666666666666,0.026200873362445413,1.3333333333333333,,0.0,,,0.0,,0.5813953488372093,0.18777292576419213,1.1627906976744187,,0.0,,1.0,0.008733624454148471,2.0,0.4444444444444444,0.1572052401746725,1.2777777777777777,0.0,0.004366812227074236,0.0,0.5,0.017467248908296942,1.5,0.0,0.008733624454148471,0.0,0.0,0.004366812227074236,0.0,26,16,0.6153846153846154,0.11353711790393013,29,15,0.5172413793103449,0.12663755458515283,24,10,0.4166666666666667,0.10480349344978165,138,44,0.3188405797101449,0.6026200873362445,20,6,14,18,0.3,0.08733624454148471,0.9,14,3,11,9,0.21428571428571427,0.0611353711790393,0.6428571428571429,32,12,20,36,0.375,0.13973799126637554,1.125,36,10,26,30,0.2777777777777778,0.1572052401746725,0.8333333333333334,36,13,23,39,0.3611111111111111,0.1572052401746725,1.0833333333333333,1077
8,Liga ACB,51,2025-2026,59143,Neal Sako,1325,Valencia BC,24,79,0,79,49,0,49,16,3,115,40,6,4.3297693885745225,58,0,58,38,0,38,76,10,0,10,5,0,5,10,40,0,40,21,0,21,42,39,0,39,28,0,28,56,46,29,17,58,30,19,11,38,3,1,2,2,0,0,0,0,0,0,0,0,0,0,0,0,0,0,0,0,0,0,0,0,18,10,8,20,6,0,6,0,8,5,3,10,31,23,8,46,16,11,5,22,2,0,2,0,0,0,0,0,13,12,1,24,7,5,2,10,0,0,0,0,6,3,3,6,35,18,17,36,0,0,0,0,10,7,3,14,0,0,0,0,0,0,0,0,0,0,0,0,0,0,0,0,6,4,2,8,44,17,13,9,12,4,25,11,2,2,0.620253164556962,0.620253164556962,,0.38636363636363635,0.620253164556962,0.1875,1.1691744611630743,0.0,0.6551724137931034,0.6551724137931034,,0.6551724137931034,1.3339610797237915,0.8529411764705882,0.5,0.5,,0.5,0.9162303664921466,0.14705882352941177,0.525,0.525,,0.525,1.0392156862745099,0.5063291139240507,0.717948717948718,0.717948717948718,,0.717948717948718,1.4543630892678032,0.4936708860759494,0.5555555555555556,0.22784810126582278,1.1111111111111112,0.0,0.0759493670886076,0.0,0.625,0.10126582278481013,1.25,0.7419354838709677,0.3924050632911392,1.4838709677419355,0.6875,0.20253164556962025,1.375,0.0,0.02531645569620253,0.0,,0.0,,0.9230769230769231,0.16455696202531644,1.8461538461538463,0.7142857142857143,0.08860759493670886,1.4285714285714286,,0.0,,0.5,0.0759493670886076,1.0,0.5142857142857142,0.4430379746835443,1.0285714285714285,,0.0,,0.7,0.12658227848101267,1.4,,0.0,,,0.0,,,0.0,,,0.0,,0.6666666666666666,0.0759493670886076,1.3333333333333333,46,29,0.6304347826086957,0.5822784810126582,30,19,0.6333333333333333,0.379746835443038,3,1,0.3333333333333333,0.0379746835443038,0,0,,0.0,0,0,0,0,,0.0,,0,0,0,0,,0.0,,0,0,0,0,,0.0,,0,0,0,0,,0.0,,0,0,0,0,,0.0,,702
8,Liga ACB,51,2025-2026,59144,Jean Claudio Montero,1325,Valencia BC,24,251,125,126,114,50,64,29,10,340,44,5,16.13484740504763,64,51,13,34,21,13,89,175,68,107,77,28,49,182,189,92,97,80,39,41,199,55,29,26,30,9,21,69,41,27,14,54,54,27,27,54,28,8,20,16,20,8,12,24,99,40,59,120,1,0,1,0,1,0,1,0,7,4,3,10,67,30,37,82,5,0,5,0,16,10,6,23,39,20,19,46,117,50,67,117,28,11,17,33,76,26,50,71,3,3,0,6,22,7,15,14,1,0,1,0,1,0,1,0,67,41,26,82,0,0,0,0,0,0,0,0,23,11,12,32,0,0,0,0,8,3,5,7,12,7,5,21,3,1,2,2,71,62,7,6,43,36,43,36,3,3,0.4541832669322709,0.5079365079365079,0.4,0.8732394366197183,0.5537848605577689,0.3448275862068966,1.2046485260770974,0.49800796812749004,0.53125,1.0,0.4117647058823529,0.6953125,1.4162194394752534,0.26778242677824265,0.44,0.45794392523364486,0.4117647058823529,0.52,1.1241749174917492,0.7322175732217573,0.42328042328042326,0.422680412371134,0.42391304347826086,0.5264550264550265,1.1302424009234322,0.7745901639344263,0.5454545454545454,0.8076923076923077,0.3103448275862069,0.6272727272727273,1.2784090909090908,0.22540983606557377,0.44776119402985076,0.26693227091633465,1.2238805970149254,0.0,0.0199203187250996,0.0,0.625,0.06374501992031872,1.4375,0.5128205128205128,0.1553784860557769,1.1794871794871795,0.42735042735042733,0.46613545816733065,1.0,0.39285714285714285,0.11155378486055777,1.1785714285714286,0.34210526315789475,0.30278884462151395,0.9342105263157895,1.0,0.01195219123505976,2.0,0.3181818181818182,0.08764940239043825,0.6363636363636364,0.0,0.00398406374501992,0.0,0.0,0.00398406374501992,0.0,0.6119402985074627,0.26693227091633465,1.2238805970149254,,0.0,,,0.0,,0.4782608695652174,0.09163346613545817,1.391304347826087,,0.0,,0.375,0.03187250996015936,0.875,0.5833333333333334,0.04780876494023904,1.75,0.3333333333333333,0.01195219123505976,0.6666666666666666,41,27,0.6585365853658537,0.16334661354581673,54,27,0.5,0.2151394422310757,28,8,0.2857142857142857,0.11155378486055777,119,48,0.40336134453781514,0.47410358565737054,8,4,4,12,0.5,0.03187250996015936,1.5,12,4,8,12,0.3333333333333333,0.04780876494023904,1.0,34,11,23,33,0.3235294117647059,0.13545816733067728,0.9705882352941176,34,16,18,48,0.47058823529411764,0.13545816733067728,1.411764705882353,31,13,18,39,0.41935483870967744,0.12350597609561753,1.2580645161290323,954
8,Liga ACB,51,2025-2026,59145,Sergio De Larrea,1325,Valencia BC,25,162,81,81,73,34,39,24,4,242,35,6,15.251711260065218,54,46,8,28,22,6,78,94,29,65,38,9,29,85,105,50,55,45,22,23,112,51,25,26,25,9,16,59,28,16,12,32,38,18,20,36,15,5,10,10,15,9,6,27,58,22,36,66,1,0,1,0,1,0,1,0,6,3,3,9,45,25,20,66,6,0,6,0,13,5,8,11,38,20,18,48,54,20,34,46,32,15,17,45,37,10,27,27,4,3,1,6,6,2,4,4,1,0,1,0,4,2,2,4,47,28,19,56,2,0,2,0,0,0,0,0,14,7,7,21,1,1,0,2,3,2,1,6,4,0,4,0,1,0,1,0,76,62,8,7,35,27,40,31,4,4,0.4506172839506173,0.48148148148148145,0.41975308641975306,0.8157894736842105,0.5555555555555556,0.16666666666666666,1.2382316823577568,0.5,0.5185185185185185,0.75,0.4782608695652174,0.7222222222222222,1.4777468706536856,0.36486486486486486,0.40425531914893614,0.4461538461538462,0.3103448275862069,0.4521276595744681,1.023765996343693,0.6351351351351351,0.42857142857142855,0.41818181818181815,0.44,0.5333333333333333,1.166394779771615,0.6730769230769231,0.49019607843137253,0.6153846153846154,0.36,0.5784313725490197,1.1940864291129645,0.3269230769230769,0.5555555555555556,0.2777777777777778,1.4666666666666666,0.0,0.037037037037037035,0.0,0.38461538461538464,0.08024691358024691,0.8461538461538461,0.5263157894736842,0.2345679012345679,1.263157894736842,0.37037037037037035,0.3333333333333333,0.8518518518518519,0.46875,0.19753086419753085,1.40625,0.2702702702702703,0.22839506172839505,0.7297297297297297,0.75,0.024691358024691357,1.5,0.3333333333333333,0.037037037037037035,0.6666666666666666,0.0,0.006172839506172839,0.0,0.5,0.024691358024691357,1.0,0.5957446808510638,0.29012345679012347,1.1914893617021276,0.0,0.012345679012345678,0.0,,0.0,,0.5,0.08641975308641975,1.5,1.0,0.006172839506172839,2.0,0.6666666666666666,0.018518518518518517,2.0,0.0,0.024691358024691357,0.0,0.0,0.006172839506172839,0.0,28,16,0.5714285714285714,0.1728395061728395,38,18,0.47368421052631576,0.2345679012345679,15,5,0.3333333333333333,0.09259259259259259,73,31,0.4246575342465753,0.4506172839506173,9,6,3,18,0.6666666666666666,0.05555555555555555,2.0,6,3,3,9,0.5,0.037037037037037035,1.5,20,6,14,18,0.3,0.12345679012345678,0.9,19,8,11,24,0.42105263157894735,0.11728395061728394,1.263157894736842,19,8,11,24,0.42105263157894735,0.11728395061728394,1.263157894736842,900
8,Liga ACB,51,2025-2026,59146,Margiris Normantas,1335,Bilbao Basket,33,225,121,104,86,34,52,19,4,256,37,6,16.49701576599521,77,63,14,26,17,9,69,136,55,81,56,16,40,128,178,96,82,64,27,37,155,39,21,18,18,6,12,42,26,18,8,36,53,24,29,48,21,7,14,14,16,3,13,9,101,30,71,90,0,0,0,0,0,0,0,0,8,4,4,9,68,23,45,57,6,0,6,0,12,5,7,11,27,13,14,31,104,41,63,98,37,10,27,30,61,20,41,54,1,0,1,0,24,8,16,16,0,0,0,0,5,2,3,4,44,28,16,56,0,0,0,0,0,0,0,0,24,7,17,21,5,2,3,4,5,3,2,7,8,1,7,3,3,1,2,2,69,50,6,5,30,21,30,22,6,4,0.38222222222222224,0.5,0.2809917355371901,0.7246376811594203,0.4577777777777778,0.21052631578947367,1.0025062656641603,0.5377777777777778,0.33766233766233766,0.6428571428571429,0.2698412698412698,0.44805194805194803,0.9291813159216474,0.3615023474178404,0.4117647058823529,0.49382716049382713,0.2909090909090909,0.47058823529411764,0.9986595174262736,0.6384976525821596,0.3595505617977528,0.45121951219512196,0.28125,0.4353932584269663,0.9257322175732218,0.8202764976958525,0.46153846153846156,0.6666666666666666,0.2857142857142857,0.5384615384615384,1.1047070124879923,0.17972350230414746,0.3382352941176471,0.3022222222222222,0.8382352941176471,0.0,0.02666666666666667,0.0,0.4166666666666667,0.05333333333333334,0.9166666666666666,0.48148148148148145,0.12,1.1481481481481481,0.3942307692307692,0.4622222222222222,0.9423076923076923,0.2702702702702703,0.16444444444444445,0.8108108108108109,0.32786885245901637,0.27111111111111114,0.8852459016393442,0.0,0.0044444444444444444,0.0,0.3333333333333333,0.10666666666666667,0.6666666666666666,,0.0,,0.4,0.022222222222222223,0.8,0.6363636363636364,0.19555555555555557,1.2727272727272727,,0.0,,,0.0,,0.2916666666666667,0.10666666666666667,0.875,0.4,0.022222222222222223,0.8,0.6,0.022222222222222223,1.4,0.125,0.035555555555555556,0.375,0.3333333333333333,0.013333333333333334,0.6666666666666666,26,18,0.6923076923076923,0.11555555555555555,53,24,0.4528301886792453,0.23555555555555555,21,7,0.3333333333333333,0.09333333333333334,117,33,0.28205128205128205,0.52,6,2,4,6,0.3333333333333333,0.02666666666666667,1.0,10,1,9,3,0.1,0.044444444444444446,0.3,32,11,21,33,0.34375,0.14222222222222222,1.03125,39,12,27,36,0.3076923076923077,0.17333333333333334,0.9230769230769231,30,7,23,21,0.23333333333333334,0.13333333333333333,0.7,1245
8,Liga ACB,51,2025-2026,59147,Tryggvi Hlinason,1335,Bilbao Basket,33,179,0,179,120,0,120,66,15,327,88,13,3.444028529522132,102,0,102,80,0,80,160,60,0,60,34,0,34,68,116,0,116,64,0,64,128,59,0,59,54,0,54,108,121,89,32,178,51,29,22,58,3,0,3,0,0,0,0,0,0,0,0,0,0,0,0,0,0,0,0,0,4,2,2,4,45,33,12,66,13,0,13,0,13,11,2,22,46,43,3,86,58,31,27,62,1,0,1,0,0,0,0,0,57,52,5,104,1,0,1,0,0,0,0,0,11,5,6,10,83,47,36,94,0,0,0,0,10,8,2,16,0,0,0,0,0,0,0,0,0,0,0,0,0,0,0,0,12,6,6,12,153,87,67,40,41,21,106,58,9,7,0.6703910614525139,0.6703910614525139,,0.5686274509803921,0.6703910614525139,0.22727272727272727,1.3275414095485547,0.0,0.7843137254901961,0.7843137254901961,,0.7843137254901961,1.5211439002129603,0.6296296296296297,0.5666666666666667,0.5666666666666667,,0.5666666666666667,1.1404407995899537,0.37037037037037035,0.5517241379310345,0.5517241379310345,,0.5517241379310345,1.1436301032956224,0.6628571428571428,0.9152542372881356,0.9152542372881356,,0.9152542372881356,1.826556543837357,0.33714285714285713,0.7333333333333333,0.25139664804469275,1.4666666666666666,0.0,0.07262569832402235,0.0,0.8461538461538461,0.07262569832402235,1.6923076923076923,0.9347826086956522,0.2569832402234637,1.8695652173913044,0.5344827586206896,0.3240223463687151,1.0689655172413792,0.0,0.00558659217877095,0.0,,0.0,,0.9122807017543859,0.31843575418994413,1.8245614035087718,0.0,0.00558659217877095,0.0,,0.0,,0.45454545454545453,0.061452513966480445,0.9090909090909091,0.5662650602409639,0.46368715083798884,1.1325301204819278,,0.0,,0.8,0.055865921787709494,1.6,,0.0,,,0.0,,,0.0,,,0.0,,0.5,0.0670391061452514,1.0,121,89,0.7355371900826446,0.6759776536312849,51,29,0.5686274509803921,0.2849162011173184,3,0,0.0,0.01675977653631285,0,0,,0.0,0,0,0,0,,0.0,,0,0,0,0,,0.0,,0,0,0,0,,0.0,,0,0,0,0,,0.0,,0,0,0,0,,0.0,,1450
8,Liga ACB,51,2025-2026,59148,Stefan Lazarevic,1335,Bilbao Basket,24,66,25,41,23,6,17,4,1,61,11,3,12.297983146673758,31,22,9,10,6,4,26,31,1,30,13,0,13,26,47,15,32,15,4,11,34,16,7,9,8,2,6,18,15,7,8,14,19,7,12,14,7,3,4,6,2,1,1,3,20,5,15,15,0,0,0,0,0,0,0,0,3,0,3,0,16,7,9,17,3,0,3,0,1,0,1,0,15,8,7,18,28,8,20,17,19,4,15,12,5,2,3,4,0,0,0,0,5,3,2,6,0,0,0,0,7,3,4,6,19,9,10,18,0,0,0,0,0,0,0,0,3,2,1,6,3,0,3,0,0,0,0,0,1,0,1,0,1,0,1,0,13,9,2,1,5,5,7,6,0,0,0.3484848484848485,0.4146341463414634,0.24,0.6923076923076923,0.3939393939393939,0.25,0.8505298382598996,0.3787878787878788,0.3225806451612903,0.4444444444444444,0.2727272727272727,0.41935483870967744,0.8469259723964868,0.5,0.41935483870967744,0.43333333333333335,0.0,0.41935483870967744,0.9337349397590361,0.5,0.3191489361702128,0.34375,0.26666666666666666,0.3617021276595745,0.7987220447284346,0.746031746031746,0.5,0.6666666666666666,0.2857142857142857,0.5625,1.125,0.25396825396825395,0.4375,0.24242424242424243,1.0625,0.0,0.045454545454545456,0.0,0.0,0.015151515151515152,0.0,0.5333333333333333,0.22727272727272727,1.2,0.2857142857142857,0.42424242424242425,0.6071428571428571,0.21052631578947367,0.2878787878787879,0.631578947368421,0.4,0.07575757575757576,0.8,,0.0,,0.6,0.07575757575757576,1.2,,0.0,,0.42857142857142855,0.10606060606060606,0.8571428571428571,0.47368421052631576,0.2878787878787879,0.9473684210526315,,0.0,,,0.0,,0.6666666666666666,0.045454545454545456,2.0,0.0,0.045454545454545456,0.0,,0.0,,0.0,0.015151515151515152,0.0,0.0,0.015151515151515152,0.0,15,7,0.4666666666666667,0.22727272727272727,19,7,0.3684210526315789,0.2878787878787879,7,3,0.42857142857142855,0.10606060606060606,22,6,0.2727272727272727,0.3333333333333333,0,0,0,0,,0.0,,2,1,1,3,0.5,0.030303030303030304,1.5,6,3,3,9,0.5,0.09090909090909091,1.5,9,1,8,3,0.1111111111111111,0.13636363636363635,0.3333333333333333,5,1,4,3,0.2,0.07575757575757576,0.6,683
8,Liga ACB,51,2025-2026,59149,Aleix Font,1335,Bilbao Basket,28,87,59,28,39,22,17,0,0,103,29,3,18.73794010213231,55,47,8,24,18,6,66,25,9,16,12,2,10,26,63,46,17,22,15,7,59,19,9,10,14,4,10,32,8,6,2,12,15,8,7,16,4,3,1,6,23,9,14,27,29,10,19,30,1,0,1,0,2,0,2,0,5,3,2,9,29,12,17,34,2,0,2,0,3,1,2,3,16,13,3,29,32,10,22,25,28,12,16,36,10,4,6,10,1,1,0,2,1,0,1,0,2,0,2,0,2,1,1,2,16,11,5,22,0,0,0,0,0,0,0,0,20,6,14,17,0,0,0,0,0,0,0,0,0,0,0,0,2,1,1,2,4,3,0,0,0,0,0,0,0,0,0.4482758620689655,0.6071428571428571,0.3728813559322034,0.75,0.5747126436781609,,1.1604326273095988,0.6781609195402298,0.43636363636363634,0.75,0.3829787234042553,0.6,1.2,0.6875,0.48,0.625,0.2222222222222222,0.52,1.04,0.3125,0.3492063492063492,0.4117647058823529,0.32608695652173914,0.46825396825396826,0.9365079365079365,0.7682926829268293,0.7368421052631579,1.0,0.4444444444444444,0.8421052631578947,1.6842105263157894,0.23170731707317074,0.41379310344827586,0.3333333333333333,1.1724137931034482,0.0,0.022988505747126436,0.0,0.3333333333333333,0.034482758620689655,1.0,0.8125,0.1839080459770115,1.8125,0.3125,0.367816091954023,0.78125,0.42857142857142855,0.3218390804597701,1.2857142857142858,0.4,0.11494252873563218,1.0,1.0,0.011494252873563218,2.0,0.0,0.011494252873563218,0.0,0.0,0.022988505747126436,0.0,0.5,0.022988505747126436,1.0,0.6875,0.1839080459770115,1.375,,0.0,,,0.0,,0.3,0.22988505747126436,0.85,,0.0,,,0.0,,,0.0,,0.5,0.022988505747126436,1.0,8,6,0.75,0.09195402298850575,15,8,0.5333333333333333,0.1724137931034483,4,3,0.75,0.04597701149425287,52,19,0.36538461538461536,0.5977011494252874,14,5,9,15,0.35714285714285715,0.16091954022988506,1.0714285714285714,9,4,5,12,0.4444444444444444,0.10344827586206896,1.3333333333333333,7,3,4,9,0.42857142857142855,0.08045977011494253,1.2857142857142858,8,1,7,3,0.125,0.09195402298850575,0.375,14,6,8,18,0.42857142857142855,0.16091954022988506,1.2857142857142858,481
8,Liga ACB,51,2025-2026,59150,Amar Sylla,1335,Bilbao Basket,14,22,2,20,12,0,12,3,1,29,7,0,4.290830066590765,12,1,11,7,0,7,14,3,0,3,1,0,1,2,12,1,11,3,0,3,6,9,0,9,9,0,9,18,15,11,4,22,5,1,4,2,0,0,0,0,0,0,0,0,1,0,1,0,0,0,0,0,0,0,0,0,1,0,1,0,5,2,3,4,0,0,0,0,2,2,0,4,7,7,0,14,7,1,6,2,1,0,1,0,0,0,0,0,3,3,0,6,0,0,0,0,0,0,0,0,1,0,1,0,11,6,5,12,0,0,0,0,1,1,0,2,0,0,0,0,0,0,0,0,0,0,0,0,0,0,0,0,4,2,2,4,11,5,5,3,0,0,5,3,0,0,0.5454545454545454,0.6,0.0,0.45454545454545453,0.5454545454545454,0.3333333333333333,1.0804769001490313,0.09090909090909091,0.5833333333333334,0.6363636363636364,0.0,0.5833333333333334,1.1971830985915493,0.8,0.3333333333333333,0.3333333333333333,,0.3333333333333333,0.6666666666666666,0.2,0.25,0.2727272727272727,0.0,0.25,0.6338028169014085,0.5714285714285714,1.0,1.0,,1.0,2.0,0.42857142857142855,0.4,0.22727272727272727,0.8,,0.0,,1.0,0.09090909090909091,2.0,1.0,0.3181818181818182,2.0,0.14285714285714285,0.3181818181818182,0.2857142857142857,0.0,0.045454545454545456,0.0,,0.0,,1.0,0.13636363636363635,2.0,,0.0,,,0.0,,0.0,0.045454545454545456,0.0,0.5454545454545454,0.5,1.0909090909090908,,0.0,,1.0,0.045454545454545456,2.0,,0.0,,,0.0,,,0.0,,,0.0,,0.5,0.18181818181818182,1.0,15,11,0.7333333333333333,0.6818181818181818,5,1,0.2,0.22727272727272727,0,0,,0.0,1,0,0.0,0.045454545454545456,0,0,0,0,,0.0,,0,0,0,0,,0.0,,1,0,1,0,0.0,0.045454545454545456,0.0,0,0,0,0,,0.0,,0,0,0,0,,0.0,,226
8,Liga ACB,51,2025-2026,59151,Melwin Jan Pantzar,1335,Bilbao Basket,32,222,67,155,99,31,68,60,11,365,26,12,12.187466348381237,32,24,8,14,9,5,37,186,42,144,84,21,63,189,158,44,114,58,18,40,134,64,23,41,41,13,28,95,62,36,26,72,66,22,44,44,27,10,17,20,6,3,3,9,61,28,33,84,0,0,0,0,0,0,0,0,0,0,0,0,54,28,26,69,12,0,12,0,13,9,4,20,51,32,19,75,92,30,62,65,14,5,9,15,61,23,38,61,1,1,0,2,2,2,0,4,0,0,0,0,1,1,0,2,107,51,56,102,1,0,1,0,0,0,0,0,10,4,6,12,2,0,2,0,4,3,1,9,16,8,8,20,3,1,2,2,171,136,3,3,100,80,96,77,11,9,0.44594594594594594,0.43870967741935485,0.4626865671641791,0.7953216374269005,0.5157657657657657,0.18333333333333332,1.2279639348674471,0.30180180180180183,0.4375,0.625,0.375,0.578125,1.2004801920768307,0.14678899082568808,0.45161290322580644,0.4375,0.5,0.5080645161290323,1.1695652173913043,0.8532110091743119,0.3670886075949367,0.3508771929824561,0.4090909090909091,0.4240506329113924,1.053735517379145,0.7117117117117117,0.640625,0.6829268292682927,0.5652173913043478,0.7421875,1.5107495642068565,0.2882882882882883,0.5185185185185185,0.24324324324324326,1.2777777777777777,0.0,0.05405405405405406,0.0,0.6923076923076923,0.05855855855855856,1.5384615384615385,0.6274509803921569,0.22972972972972974,1.4705882352941178,0.32608695652173914,0.4144144144144144,0.7065217391304348,0.35714285714285715,0.06306306306306306,1.0714285714285714,0.3770491803278688,0.2747747747747748,1.0,1.0,0.0045045045045045045,2.0,1.0,0.009009009009009009,2.0,,0.0,,1.0,0.0045045045045045045,2.0,0.4766355140186916,0.481981981981982,0.9532710280373832,0.0,0.0045045045045045045,0.0,,0.0,,0.4,0.04504504504504504,1.2,0.0,0.009009009009009009,0.0,0.75,0.018018018018018018,2.25,0.5,0.07207207207207207,1.25,0.3333333333333333,0.013513513513513514,0.6666666666666666,62,36,0.5806451612903226,0.27927927927927926,66,22,0.3333333333333333,0.2972972972972973,27,10,0.37037037037037035,0.12162162162162163,67,31,0.4626865671641791,0.30180180180180183,0,0,0,0,,0.0,,6,3,3,9,0.5,0.02702702702702703,1.5,25,15,10,45,0.6,0.11261261261261261,1.8,19,7,12,21,0.3684210526315789,0.08558558558558559,1.105263157894737,17,6,11,18,0.35294117647058826,0.07657657657657657,1.0588235294117647,1464
8,Liga ACB,51,2025-2026,59152,Bassala Bagayoko,1335,Bilbao Basket,29,69,8,61,39,2,37,12,2,110,25,3,7.254729527107153,47,6,41,24,1,23,49,16,2,14,11,1,10,23,33,2,31,11,0,11,22,36,6,30,28,2,26,58,34,25,9,50,19,8,11,16,8,4,4,8,1,0,1,0,7,2,5,6,0,0,0,0,0,0,0,0,0,0,0,0,15,7,8,14,3,0,3,0,4,4,0,8,32,24,8,50,15,4,11,8,8,2,6,5,4,2,2,5,5,5,0,10,1,0,1,0,0,0,0,0,3,3,0,6,28,13,15,26,0,0,0,0,9,7,2,14,2,0,2,0,1,0,1,0,0,0,0,0,0,0,0,0,8,7,1,14,44,30,14,10,6,4,17,11,5,4,0.5652173913043478,0.6065573770491803,0.25,0.6818181818181818,0.5797101449275363,0.16666666666666666,1.2449071978270712,0.11594202898550725,0.5106382978723404,0.5609756097560976,0.16666666666666666,0.5212765957446809,1.1098570353649362,0.746031746031746,0.6875,0.7142857142857143,0.5,0.71875,1.448497854077253,0.25396825396825395,0.3333333333333333,0.3548387096774194,0.0,0.3333333333333333,0.8152173913043479,0.4782608695652174,0.7777777777777778,0.8666666666666667,0.3333333333333333,0.8055555555555556,1.6230366492146595,0.5217391304347826,0.4666666666666667,0.21739130434782608,0.9333333333333333,0.0,0.043478260869565216,0.0,1.0,0.057971014492753624,2.0,0.75,0.463768115942029,1.5625,0.26666666666666666,0.21739130434782608,0.5333333333333333,0.25,0.11594202898550725,0.625,0.5,0.057971014492753624,1.25,1.0,0.07246376811594203,2.0,0.0,0.014492753623188406,0.0,,0.0,,1.0,0.043478260869565216,2.0,0.4642857142857143,0.4057971014492754,0.9285714285714286,,0.0,,0.7777777777777778,0.13043478260869565,1.5555555555555556,0.0,0.028985507246376812,0.0,0.0,0.014492753623188406,0.0,,0.0,,,0.0,,0.875,0.11594202898550725,1.75,34,25,0.7352941176470589,0.4927536231884058,19,8,0.42105263157894735,0.2753623188405797,8,4,0.5,0.11594202898550725,8,2,0.25,0.11594202898550725,0,0,0,0,,0.0,,1,0,1,0,0.0,0.014492753623188406,0.0,5,1,4,3,0.2,0.07246376811594203,0.6,1,0,1,0,0.0,0.014492753623188406,0.0,1,1,0,3,1.0,0.014492753623188406,3.0,693
8,Liga ACB,51,2025-2026,59153,Louis Labeyrie,1328,Dreamland Gran Canaria,20,70,35,35,38,16,22,8,2,106,32,4,15.342452287473694,53,34,19,30,16,14,76,15,1,14,6,0,6,12,47,26,21,22,11,11,55,21,7,14,15,4,11,34,14,11,3,22,12,6,6,12,9,5,4,10,9,5,4,15,24,10,14,30,0,0,0,0,0,0,0,0,2,1,1,3,18,10,8,28,4,0,4,0,5,4,1,9,16,11,5,25,25,12,13,27,30,13,17,38,5,3,2,6,2,2,0,4,1,0,1,0,0,0,0,0,6,3,3,6,16,11,5,22,0,0,0,0,0,0,0,0,5,4,1,11,0,0,0,0,1,0,1,0,1,0,1,0,1,1,0,2,29,14,13,8,2,2,15,10,0,0,0.5428571428571428,0.6285714285714286,0.45714285714285713,0.4827586206896552,0.6571428571428571,0.25,1.280811986466892,0.5,0.5660377358490566,0.7368421052631579,0.47058823529411764,0.7169811320754716,1.430517711171662,0.7794117647058824,0.4,0.42857142857142855,0.0,0.4,0.8816120906801007,0.22058823529411764,0.46808510638297873,0.5238095238095238,0.4230769230769231,0.5851063829787234,1.212686567164179,0.6911764705882353,0.7142857142857143,0.7857142857142857,0.5714285714285714,0.8095238095238095,1.619047619047619,0.3088235294117647,0.5555555555555556,0.2571428571428571,1.5555555555555556,0.0,0.05714285714285714,0.0,0.8,0.07142857142857142,1.8,0.6875,0.22857142857142856,1.5625,0.48,0.35714285714285715,1.08,0.43333333333333335,0.42857142857142855,1.2666666666666666,0.6,0.07142857142857142,1.2,1.0,0.02857142857142857,2.0,0.0,0.014285714285714285,0.0,,0.0,,0.5,0.08571428571428572,1.0,0.6875,0.22857142857142856,1.375,,0.0,,,0.0,,0.8,0.07142857142857142,2.2,,0.0,,0.0,0.014285714285714285,0.0,0.0,0.014285714285714285,0.0,1.0,0.014285714285714285,2.0,14,11,0.7857142857142857,0.2,12,6,0.5,0.17142857142857143,9,5,0.5555555555555556,0.12857142857142856,33,15,0.45454545454545453,0.4714285714285714,5,3,2,9,0.6,0.07142857142857142,1.8,4,2,2,6,0.5,0.05714285714285714,1.5,5,1,4,3,0.2,0.07142857142857142,0.6,12,8,4,24,0.6666666666666666,0.17142857142857143,2.0,7,1,6,3,0.14285714285714285,0.1,0.42857142857142855,616
8,Liga ACB,51,2025-2026,59154,Andrew Albicy,1328,Dreamland Gran Canaria,30,123,96,27,32,26,6,10,1,119,23,1,20.62889794629063,67,65,2,20,20,0,60,56,31,25,12,6,6,30,79,61,18,17,14,3,48,42,33,9,15,12,3,42,12,4,8,8,2,0,2,0,13,2,11,4,16,4,12,12,78,22,56,66,0,0,0,0,0,0,0,0,2,0,2,0,39,6,33,17,1,0,1,0,11,3,8,9,31,12,19,33,39,11,28,31,54,18,36,54,34,8,26,22,0,0,0,0,1,0,1,0,0,0,0,0,0,0,0,0,14,4,10,8,0,0,0,0,0,0,0,0,10,2,8,6,0,0,0,0,3,0,3,0,5,0,5,0,0,0,0,0,42,29,1,0,17,13,20,15,0,0,0.2601626016260163,0.2222222222222222,0.2708333333333333,0.6904761904761905,0.36585365853658536,0.1,0.8411082838563755,0.7804878048780488,0.29850746268656714,0.0,0.3076923076923077,0.44776119402985076,0.8896797153024911,0.5447154471544715,0.21428571428571427,0.24,0.1935483870967742,0.26785714285714285,0.6773787019533711,0.45528455284552843,0.21518987341772153,0.16666666666666666,0.22950819672131148,0.3037974683544304,0.7175398633257404,0.6528925619834711,0.35714285714285715,0.3333333333333333,0.36363636363636365,0.5,1.0,0.34710743801652894,0.15384615384615385,0.3170731707317073,0.4358974358974359,0.0,0.008130081300813009,0.0,0.2727272727272727,0.08943089430894309,0.8181818181818182,0.3870967741935484,0.25203252032520324,1.064516129032258,0.28205128205128205,0.3170731707317073,0.7948717948717948,0.3333333333333333,0.43902439024390244,1.0,0.23529411764705882,0.2764227642276423,0.6470588235294118,,0.0,,0.0,0.008130081300813009,0.0,,0.0,,,0.0,,0.2857142857142857,0.11382113821138211,0.5714285714285714,,0.0,,,0.0,,0.2,0.08130081300813008,0.6,,0.0,,0.0,0.024390243902439025,0.0,0.0,0.04065040650406504,0.0,,0.0,,12,4,0.3333333333333333,0.0975609756097561,2,0,0.0,0.016260162601626018,13,2,0.15384615384615385,0.10569105691056911,94,26,0.2765957446808511,0.7642276422764228,10,3,7,9,0.3,0.08130081300813008,0.9,6,1,5,3,0.16666666666666666,0.04878048780487805,0.5,21,6,15,18,0.2857142857142857,0.17073170731707318,0.8571428571428571,26,7,19,21,0.2692307692307692,0.21138211382113822,0.8076923076923077,31,9,22,27,0.2903225806451613,0.25203252032520324,0.8709677419354839,1306
8,Liga ACB,51,2025-2026,59155,Miquel Salvo,1328,Dreamland Gran Canaria,19,76,21,55,36,8,28,7,3,95,20,0,10.9922004480216,34,17,17,20,8,12,48,32,3,29,11,0,11,22,54,11,43,21,4,17,46,20,9,11,14,4,10,32,23,13,10,26,26,12,14,24,5,2,3,4,1,0,1,0,18,8,10,24,0,0,0,0,1,0,1,0,2,1,1,2,18,8,10,19,0,0,0,0,5,3,2,6,15,11,4,26,36,13,23,27,14,7,7,21,6,2,4,4,1,0,1,0,0,0,0,0,0,0,0,0,15,6,9,12,27,18,9,36,0,0,0,0,1,0,1,0,3,1,2,3,2,0,2,0,1,0,1,0,0,0,0,0,4,1,3,2,21,15,0,0,1,1,8,6,0,0,0.47368421052631576,0.509090909090909,0.38095238095238093,0.7142857142857143,0.5263157894736842,0.42857142857142855,1.1145002346316284,0.27631578947368424,0.5882352941176471,0.7058823529411765,0.47058823529411764,0.7058823529411765,1.411764705882353,0.5151515151515151,0.34375,0.3793103448275862,0.0,0.34375,0.7090012330456228,0.48484848484848486,0.3888888888888889,0.3953488372093023,0.36363636363636365,0.42592592592592593,0.9040333796940194,0.7297297297297297,0.7,0.9090909090909091,0.4444444444444444,0.8,1.6,0.2702702702702703,0.4444444444444444,0.23684210526315788,1.0555555555555556,,0.0,,0.6,0.06578947368421052,1.2,0.7333333333333333,0.19736842105263158,1.7333333333333334,0.3611111111111111,0.47368421052631576,0.75,0.5,0.18421052631578946,1.5,0.3333333333333333,0.07894736842105263,0.6666666666666666,0.0,0.013157894736842105,0.0,,0.0,,,0.0,,0.4,0.19736842105263158,0.8,0.6666666666666666,0.35526315789473684,1.3333333333333333,,0.0,,0.0,0.013157894736842105,0.0,0.3333333333333333,0.039473684210526314,1.0,0.0,0.02631578947368421,0.0,0.0,0.013157894736842105,0.0,,0.0,,0.25,0.05263157894736842,0.5,23,13,0.5652173913043478,0.3026315789473684,26,12,0.46153846153846156,0.34210526315789475,5,2,0.4,0.06578947368421052,19,8,0.42105263157894735,0.25,0,0,0,0,,0.0,,1,0,1,0,0.0,0.013157894736842105,0.0,5,1,4,3,0.2,0.06578947368421052,0.6,5,3,2,9,0.6,0.06578947368421052,1.8,8,4,4,12,0.5,0.10526315789473684,1.5,450
8,Liga ACB,51,2025-2026,59156,Pierre Pelos,1328,Dreamland Gran Canaria,32,218,90,128,119,38,81,12,2,302,70,8,13.475281929009192,126,84,42,68,37,31,173,86,5,81,48,1,47,97,145,65,80,73,29,44,175,69,22,47,44,8,36,96,54,37,17,74,49,31,18,62,24,12,12,24,24,11,13,33,62,26,36,78,1,0,1,0,0,0,0,0,4,2,2,5,63,31,32,79,8,0,8,0,16,12,4,25,53,32,21,71,74,42,32,96,80,37,43,107,13,6,7,13,1,1,0,2,11,6,5,12,0,0,0,0,20,13,7,26,58,38,20,76,0,0,0,0,1,1,0,2,11,5,6,13,12,7,5,14,2,0,2,0,0,0,0,0,5,3,2,6,34,26,7,7,14,9,19,14,4,3,0.5458715596330275,0.6328125,0.4222222222222222,0.7647058823529411,0.6330275229357798,0.16666666666666666,1.29635989010989,0.41284403669724773,0.5396825396825397,0.7380952380952381,0.44047619047619047,0.6865079365079365,1.394484040904865,0.5943396226415094,0.5581395348837209,0.5802469135802469,0.2,0.563953488372093,1.1501736111111112,0.4056603773584906,0.503448275862069,0.55,0.4461538461538462,0.603448275862069,1.232394366197183,0.677570093457944,0.6376811594202898,0.7659574468085106,0.36363636363636365,0.6956521739130435,1.399095534200113,0.32242990654205606,0.49206349206349204,0.2889908256880734,1.253968253968254,0.0,0.03669724770642202,0.0,0.75,0.07339449541284404,1.5625,0.6037735849056604,0.24311926605504589,1.3396226415094339,0.5675675675675675,0.3394495412844037,1.2972972972972974,0.4625,0.3669724770642202,1.3375,0.46153846153846156,0.05963302752293578,1.0,1.0,0.0045871559633027525,2.0,0.5454545454545454,0.05045871559633028,1.0909090909090908,,0.0,,0.65,0.09174311926605505,1.3,0.6551724137931034,0.26605504587155965,1.3103448275862069,,0.0,,1.0,0.0045871559633027525,2.0,0.45454545454545453,0.05045871559633028,1.1818181818181819,0.5833333333333334,0.05504587155963303,1.1666666666666667,0.0,0.009174311926605505,0.0,,0.0,,0.6,0.022935779816513763,1.2,54,37,0.6851851851851852,0.24770642201834864,49,31,0.6326530612244898,0.22477064220183487,24,12,0.5,0.11009174311926606,86,37,0.43023255813953487,0.3944954128440367,14,5,9,15,0.35714285714285715,0.06422018348623854,1.0714285714285714,10,6,4,18,0.6,0.045871559633027525,1.8,32,13,19,39,0.40625,0.14678899082568808,1.21875,14,7,7,21,0.5,0.06422018348623854,1.5,16,6,10,18,0.375,0.07339449541284404,1.125,1256
8,Liga ACB,51,2025-2026,59157,Mike Tobey,1328,Dreamland Gran Canaria,30,203,59,144,103,14,89,19,5,262,68,5,11.444575427598187,135,55,80,65,13,52,143,44,4,40,21,1,20,43,123,38,85,48,9,39,105,74,20,54,51,5,46,107,72,54,18,108,45,22,23,44,22,9,13,18,2,0,2,0,56,14,42,42,0,0,0,0,0,0,0,0,6,4,2,8,65,26,39,60,5,0,5,0,14,10,4,21,60,41,19,86,53,22,31,45,60,19,41,51,7,2,5,5,8,6,2,12,6,3,3,6,0,0,0,0,13,5,8,10,59,41,18,82,0,0,0,0,9,7,2,14,10,3,7,6,1,0,1,0,3,0,3,0,0,0,0,0,21,13,8,26,63,42,18,11,11,8,30,22,3,0,0.5073891625615764,0.6180555555555556,0.23728813559322035,0.6666666666666666,0.541871921182266,0.2631578947368421,1.1355755894590847,0.29064039408866993,0.48148148148148145,0.65,0.23636363636363636,0.5296296296296297,1.0775258886090122,0.7541899441340782,0.4772727272727273,0.5,0.25,0.48863636363636365,1.0442260442260443,0.24581005586592178,0.3902439024390244,0.4588235294117647,0.23684210526315788,0.4268292682926829,0.9324522760646109,0.6243654822335025,0.6891891891891891,0.8518518518518519,0.25,0.722972972972973,1.420605416887945,0.3756345177664975,0.4,0.32019704433497537,0.9230769230769231,0.0,0.024630541871921183,0.0,0.7142857142857143,0.06896551724137931,1.5,0.6833333333333333,0.2955665024630542,1.4333333333333333,0.41509433962264153,0.26108374384236455,0.8490566037735849,0.31666666666666665,0.2955665024630542,0.85,0.2857142857142857,0.034482758620689655,0.7142857142857143,0.75,0.03940886699507389,1.5,0.5,0.029556650246305417,1.0,,0.0,,0.38461538461538464,0.06403940886699508,0.7692307692307693,0.6949152542372882,0.29064039408866993,1.3898305084745763,,0.0,,0.7777777777777778,0.04433497536945813,1.5555555555555556,0.3,0.04926108374384237,0.6,0.0,0.0049261083743842365,0.0,0.0,0.014778325123152709,0.0,,0.0,,0.6190476190476191,0.10344827586206896,1.2380952380952381,72,54,0.75,0.35467980295566504,45,22,0.4888888888888889,0.22167487684729065,22,9,0.4090909090909091,0.10837438423645321,58,14,0.2413793103448276,0.2857142857142857,0,0,0,0,,0.0,,2,0,2,0,0.0,0.009852216748768473,0.0,40,9,31,27,0.225,0.19704433497536947,0.675,4,1,3,3,0.25,0.019704433497536946,0.75,12,4,8,12,0.3333333333333333,0.059113300492610835,1.0,1188
8,Liga ACB,51,2025-2026,59158,Ziga Samar,1328,Dreamland Gran Canaria,32,139,50,89,55,15,40,7,0,147,18,7,13.436745996151686,46,36,10,15,11,4,41,84,13,71,34,4,30,72,95,27,68,33,8,25,74,41,22,19,21,7,14,49,30,16,14,32,38,13,25,26,19,10,9,20,9,4,5,12,39,11,28,33,0,0,0,0,1,0,1,0,3,1,2,2,43,19,24,46,7,0,7,0,7,4,3,9,34,17,17,40,45,14,31,28,32,11,21,32,32,10,22,22,1,0,1,0,9,3,6,6,0,0,0,0,11,6,5,12,42,20,22,40,0,0,0,0,0,0,0,0,5,1,4,3,2,1,1,2,2,2,0,6,0,0,0,0,0,0,0,0,30,22,2,2,13,11,13,12,2,1,0.39568345323741005,0.449438202247191,0.3,0.7333333333333333,0.44964028776978415,0.0,0.9658344283837057,0.3597122302158273,0.32608695652173914,0.4,0.3055555555555556,0.44565217391304346,0.917235494880546,0.35384615384615387,0.40476190476190477,0.4225352112676056,0.3076923076923077,0.42857142857142855,0.925100312082033,0.6461538461538462,0.3473684210526316,0.36764705882352944,0.2962962962962963,0.3894736842105263,0.8538522637013503,0.6985294117647058,0.5121951219512195,0.7368421052631579,0.3181818181818182,0.5975609756097561,1.1938872970391594,0.3014705882352941,0.4418604651162791,0.30935251798561153,1.069767441860465,0.0,0.050359712230215826,0.0,0.5714285714285714,0.050359712230215826,1.2857142857142858,0.5,0.2446043165467626,1.1764705882352942,0.3111111111111111,0.3237410071942446,0.6222222222222222,0.34375,0.2302158273381295,1.0,0.3125,0.2302158273381295,0.6875,0.0,0.007194244604316547,0.0,0.3333333333333333,0.06474820143884892,0.6666666666666666,,0.0,,0.5454545454545454,0.07913669064748201,1.0909090909090908,0.47619047619047616,0.302158273381295,0.9523809523809523,,0.0,,,0.0,,0.2,0.03597122302158273,0.6,0.5,0.014388489208633094,1.0,1.0,0.014388489208633094,3.0,,0.0,,,0.0,,30,16,0.5333333333333333,0.2158273381294964,38,13,0.34210526315789475,0.2733812949640288,19,10,0.5263157894736842,0.1366906474820144,48,15,0.3125,0.34532374100719426,5,2,3,6,0.4,0.03597122302158273,1.2,4,2,2,6,0.5,0.02877697841726619,1.5,12,2,10,6,0.16666666666666666,0.08633093525179857,0.5,17,4,13,12,0.23529411764705882,0.1223021582733813,0.7058823529411765,10,5,5,15,0.5,0.07194244604316546,1.5,731
8,Liga ACB,51,2025-2026,59159,Loucas Nzambi Maniema,1328,Dreamland Gran Canaria,19,8,3,5,3,0,3,5,0,13,1,0,12.255711661229803,4,2,2,1,0,1,2,4,1,3,2,0,2,4,6,3,3,1,0,1,2,2,0,2,2,0,2,4,4,3,1,6,0,0,0,0,1,0,1,0,1,0,1,0,2,0,2,0,0,0,0,0,0,0,0,0,0,0,0,0,4,1,3,2,0,0,0,0,0,0,0,0,2,2,0,4,2,0,2,0,2,0,2,0,2,0,2,0,2,2,0,4,0,0,0,0,0,0,0,0,0,0,0,0,2,1,1,2,0,0,0,0,0,0,0,0,0,0,0,0,0,0,0,0,0,0,0,0,0,0,0,0,0,0,0,0,12,7,0,0,8,6,6,4,4,3,0.375,0.6,0.0,0.5833333333333334,0.375,0.0,0.9789156626506025,0.375,0.25,0.5,0.0,0.25,0.5,0.5,0.5,0.6666666666666666,0.0,0.5,1.3297872340425532,0.5,0.16666666666666666,0.3333333333333333,0.0,0.16666666666666666,0.6944444444444444,0.75,1.0,1.0,,1.0,1.8617021276595747,0.25,0.25,0.5,0.5,,0.0,,,0.0,,1.0,0.25,2.0,0.0,0.25,0.0,0.0,0.25,0.0,0.0,0.25,0.0,1.0,0.25,2.0,,0.0,,,0.0,,,0.0,,0.5,0.25,1.0,,0.0,,,0.0,,,0.0,,,0.0,,,0.0,,,0.0,,,0.0,,4,3,0.75,0.5,0,0,,0.0,1,0,0.0,0.125,3,0,0.0,0.375,1,0,1,0,0.0,0.125,0.0,0,0,0,0,,0.0,,1,0,1,0,0.0,0.125,0.0,1,0,1,0,0.0,0.125,0.0,0,0,0,0,,0.0,,120
8,Liga ACB,51,2025-2026,59160,Tornike Shengelia,1340,BC Barcelona,29,207,45,162,108,5,103,36,12,302,44,13,9.140368975721579,91,43,48,38,5,33,81,103,2,101,61,0,61,122,147,21,126,78,3,75,159,55,23,32,27,2,25,56,88,66,22,132,54,27,27,54,16,7,9,14,6,0,6,0,37,5,32,15,1,0,1,0,0,0,0,0,5,3,2,6,48,23,25,47,13,0,13,0,15,6,9,13,40,21,19,43,86,55,31,112,39,6,33,16,3,1,2,2,7,6,1,12,3,1,2,2,1,0,1,0,10,3,7,6,116,76,40,152,2,2,0,4,0,0,0,0,11,3,8,7,4,2,2,4,1,1,0,2,1,0,1,0,4,4,0,8,104,81,10,6,47,37,51,37,6,6,0.5217391304347826,0.6358024691358025,0.1111111111111111,0.7788461538461539,0.533816425120773,0.3333333333333333,1.1948093052698212,0.21739130434782608,0.4175824175824176,0.6875,0.11627906976744186,0.44505494505494503,0.9119496855345911,0.4690721649484536,0.5922330097087378,0.6039603960396039,0.0,0.5922330097087378,1.285575679172057,0.5309278350515464,0.5306122448979592,0.5952380952380952,0.14285714285714285,0.5408163265306123,1.1567516525023607,0.7277227722772277,0.4909090909090909,0.78125,0.08695652173913043,0.509090909090909,1.0756419153365717,0.2722772277227723,0.4791666666666667,0.2318840579710145,0.9791666666666666,0.0,0.06280193236714976,0.0,0.4,0.07246376811594203,0.8666666666666667,0.525,0.1932367149758454,1.075,0.6395348837209303,0.41545893719806765,1.302325581395349,0.15384615384615385,0.18840579710144928,0.41025641025641024,0.3333333333333333,0.014492753623188406,0.6666666666666666,0.8571428571428571,0.033816425120772944,1.7142857142857142,0.3333333333333333,0.014492753623188406,0.6666666666666666,0.0,0.004830917874396135,0.0,0.3,0.04830917874396135,0.6,0.6551724137931034,0.5603864734299517,1.3103448275862069,1.0,0.00966183574879227,2.0,,0.0,,0.2727272727272727,0.05314009661835749,0.6363636363636364,0.5,0.01932367149758454,1.0,1.0,0.004830917874396135,2.0,0.0,0.004830917874396135,0.0,1.0,0.01932367149758454,2.0,88,66,0.75,0.4251207729468599,54,27,0.5,0.2608695652173913,16,7,0.4375,0.07729468599033816,43,5,0.11627906976744186,0.20772946859903382,5,0,5,0,0.0,0.024154589371980676,0.0,1,0,1,0,0.0,0.004830917874396135,0.0,10,0,10,0,0.0,0.04830917874396135,0.0,11,1,10,3,0.09090909090909091,0.05314009661835749,0.2727272727272727,16,4,12,12,0.25,0.07729468599033816,0.75,1125
8,Liga ACB,51,2025-2026,59161,Juan Ignacio Marcos,1340,BC Barcelona,31,116,69,47,54,30,24,5,2,150,26,5,18.179016865759856,44,40,4,22,19,3,63,68,27,41,30,10,20,70,69,37,32,29,16,13,74,43,29,14,25,14,11,64,19,11,8,22,21,12,9,24,6,1,5,2,7,3,4,9,52,25,27,75,5,1,4,3,2,1,1,3,4,0,4,0,37,16,21,40,4,0,4,0,10,3,7,7,33,22,11,57,28,13,15,34,28,14,14,42,26,12,14,34,0,0,0,0,4,1,3,2,4,0,4,0,1,1,0,2,36,19,17,38,0,0,0,0,0,0,0,0,9,5,4,15,0,0,0,0,0,0,0,0,3,1,2,3,1,1,0,2,18,12,2,2,6,4,7,6,1,0,0.46551724137931033,0.5106382978723404,0.43478260869565216,0.6666666666666666,0.5948275862068966,0.4,1.210458360232408,0.5948275862068966,0.5,0.75,0.475,0.7159090909090909,1.4483065953654188,0.39285714285714285,0.4411764705882353,0.4878048780487805,0.37037037037037035,0.5147058823529411,1.0475651189127972,0.6071428571428571,0.42028985507246375,0.40625,0.43243243243243246,0.5362318840579711,1.1098779134295227,0.6160714285714286,0.5813953488372093,0.7857142857142857,0.4827586206896552,0.7441860465116279,1.4732965009208103,0.38392857142857145,0.43243243243243246,0.31896551724137934,1.0810810810810811,0.0,0.034482758620689655,0.0,0.3,0.08620689655172414,0.7,0.6666666666666666,0.28448275862068967,1.7272727272727273,0.4642857142857143,0.2413793103448276,1.2142857142857142,0.5,0.2413793103448276,1.5,0.46153846153846156,0.22413793103448276,1.3076923076923077,,0.0,,0.25,0.034482758620689655,0.5,0.0,0.034482758620689655,0.0,1.0,0.008620689655172414,2.0,0.5277777777777778,0.3103448275862069,1.0555555555555556,,0.0,,,0.0,,0.5555555555555556,0.07758620689655173,1.6666666666666667,,0.0,,,0.0,,0.3333333333333333,0.02586206896551724,1.0,1.0,0.008620689655172414,2.0,19,11,0.5789473684210527,0.16379310344827586,21,12,0.5714285714285714,0.1810344827586207,6,1,0.16666666666666666,0.05172413793103448,59,28,0.4745762711864407,0.5086206896551724,4,2,2,6,0.5,0.034482758620689655,1.5,3,1,2,3,0.3333333333333333,0.02586206896551724,1.0,11,6,5,18,0.5454545454545454,0.09482758620689655,1.6363636363636365,22,10,12,30,0.45454545454545453,0.1896551724137931,1.3636363636363635,19,9,10,27,0.47368421052631576,0.16379310344827586,1.4210526315789473,836
8,Liga ACB,51,2025-2026,59162,Dario Brizuela,1340,BC Barcelona,31,213,132,81,95,49,46,8,2,268,39,3,17.976423541720937,63,57,6,22,18,4,62,139,69,70,70,30,40,170,144,90,54,60,30,30,150,61,35,26,33,17,16,83,18,12,6,24,42,23,19,46,20,11,9,22,24,7,17,21,101,40,61,120,0,0,0,0,1,0,1,0,7,2,5,6,60,25,35,64,3,0,3,0,20,11,9,29,41,22,19,54,81,35,46,86,33,11,22,33,78,34,44,95,1,1,0,2,21,15,6,30,0,0,0,0,1,1,0,2,37,18,19,36,1,1,0,2,0,0,0,0,23,7,16,20,0,0,0,0,2,2,0,5,6,3,3,8,2,0,2,0,36,29,0,0,13,9,16,12,0,0,0.4460093896713615,0.5679012345679012,0.3712121212121212,0.8055555555555556,0.5610328638497653,0.25,1.171123929382975,0.6197183098591549,0.3492063492063492,0.6666666666666666,0.3157894736842105,0.49206349206349204,0.9841269841269841,0.3118811881188119,0.5035971223021583,0.5714285714285714,0.43478260869565216,0.6115107913669064,1.2368711995577668,0.6881188118811881,0.4166666666666667,0.5555555555555556,0.3333333333333333,0.5208333333333334,1.072563559322034,0.7024390243902439,0.5409836065573771,0.6153846153846154,0.4857142857142857,0.680327868852459,1.360655737704918,0.2975609756097561,0.4166666666666667,0.28169014084507044,1.0666666666666667,0.0,0.014084507042253521,0.0,0.55,0.09389671361502347,1.45,0.5365853658536586,0.19248826291079812,1.3170731707317074,0.43209876543209874,0.38028169014084506,1.0617283950617284,0.3333333333333333,0.15492957746478872,1.0,0.4358974358974359,0.36619718309859156,1.2179487179487178,1.0,0.004694835680751174,2.0,0.7142857142857143,0.09859154929577464,1.4285714285714286,,0.0,,1.0,0.004694835680751174,2.0,0.4864864864864865,0.17370892018779344,0.972972972972973,1.0,0.004694835680751174,2.0,,0.0,,0.30434782608695654,0.107981220657277,0.8695652173913043,,0.0,,1.0,0.009389671361502348,2.5,0.5,0.028169014084507043,1.3333333333333333,0.0,0.009389671361502348,0.0,18,12,0.6666666666666666,0.08450704225352113,42,23,0.5476190476190477,0.19718309859154928,20,11,0.55,0.09389671361502347,125,47,0.376,0.5868544600938967,19,6,13,18,0.3157894736842105,0.0892018779342723,0.9473684210526315,5,1,4,3,0.2,0.023474178403755867,0.6,38,16,22,48,0.42105263157894735,0.1784037558685446,1.263157894736842,37,12,25,36,0.32432432432432434,0.17370892018779344,0.972972972972973,26,12,14,36,0.46153846153846156,0.12206572769953052,1.3846153846153846,937
8,Liga ACB,51,2025-2026,59163,Kevin Punter,1340,BC Barcelona,31,296,146,150,148,66,82,23,6,422,52,11,18.523684633843445,74,60,14,38,27,11,103,216,83,133,108,37,71,253,226,106,120,112,46,66,270,58,32,26,29,15,14,73,18,13,5,26,49,28,21,56,79,39,40,78,18,6,12,18,119,55,64,165,0,0,0,0,1,0,1,0,12,7,5,19,69,39,30,96,10,0,10,0,18,8,10,22,40,21,19,51,147,73,74,174,27,12,15,34,149,72,77,176,0,0,0,0,18,9,9,18,0,0,0,0,0,0,0,0,28,19,9,38,2,1,1,2,0,0,0,0,42,21,21,57,0,0,0,0,5,1,4,3,13,6,7,15,0,0,0,0,70,60,3,2,40,36,40,36,3,2,0.5,0.5466666666666666,0.4520547945205479,0.8571428571428571,0.6114864864864865,0.2608695652173913,1.2913096695226438,0.49324324324324326,0.5135135135135135,0.7857142857142857,0.45,0.6959459459459459,1.3940520446096656,0.25517241379310346,0.5,0.5338345864661654,0.4457831325301205,0.5856481481481481,1.2371575342465753,0.7448275862068966,0.49557522123893805,0.55,0.4339622641509434,0.5973451327433629,1.2561576354679804,0.795774647887324,0.5,0.5384615384615384,0.46875,0.6293103448275862,1.2643290627107215,0.20422535211267606,0.5652173913043478,0.23310810810810811,1.391304347826087,0.0,0.033783783783783786,0.0,0.4444444444444444,0.060810810810810814,1.2222222222222223,0.525,0.13513513513513514,1.275,0.4965986394557823,0.4966216216216216,1.183673469387755,0.4444444444444444,0.09121621621621621,1.2592592592592593,0.48322147651006714,0.5033783783783784,1.1812080536912752,,0.0,,0.5,0.060810810810810814,1.0,,0.0,,,0.0,,0.6785714285714286,0.0945945945945946,1.3571428571428572,0.5,0.006756756756756757,1.0,,0.0,,0.5,0.14189189189189189,1.3571428571428572,,0.0,,0.2,0.016891891891891893,0.6,0.46153846153846156,0.04391891891891892,1.1538461538461537,,0.0,,18,13,0.7222222222222222,0.060810810810810814,49,28,0.5714285714285714,0.16554054054054054,79,39,0.4936708860759494,0.2668918918918919,137,61,0.44525547445255476,0.46283783783783783,10,3,7,9,0.3,0.033783783783783786,0.9,8,3,5,9,0.375,0.02702702702702703,1.125,38,20,18,60,0.5263157894736842,0.12837837837837837,1.5789473684210527,43,16,27,48,0.37209302325581395,0.14527027027027026,1.1162790697674418,38,19,19,57,0.5,0.12837837837837837,1.5,1333
8,Liga ACB,51,2025-2026,59164,Joel Parra Lopez,1340,BC Barcelona,32,185,76,109,96,26,70,24,7,264,58,3,13.43971908190582,105,65,40,51,21,30,123,74,11,63,40,5,35,85,114,45,69,54,14,40,122,67,30,37,40,12,28,92,37,28,9,56,58,34,24,68,11,6,5,12,33,16,17,48,41,10,31,30,1,0,1,0,0,0,0,0,4,2,2,4,52,25,27,63,3,0,3,0,16,7,9,15,51,33,18,77,59,29,30,59,59,20,39,59,13,6,7,16,6,6,0,12,12,7,5,14,1,0,1,0,15,10,5,20,60,38,22,76,0,0,0,0,1,1,0,2,8,3,5,8,1,1,0,2,4,2,2,5,0,0,0,0,1,0,1,0,61,46,19,15,20,15,36,29,5,3,0.518918918918919,0.6422018348623854,0.34210526315789475,0.7540983606557377,0.5891891891891892,0.2916666666666667,1.2462235649546827,0.41081081081081083,0.4857142857142857,0.75,0.3230769230769231,0.5857142857142857,1.2173606210303458,0.5865921787709497,0.5405405405405406,0.5555555555555556,0.45454545454545453,0.5743243243243243,1.2077294685990339,0.4134078212290503,0.47368421052631576,0.5797101449275363,0.3111111111111111,0.5350877192982456,1.162969808995687,0.6298342541436464,0.5970149253731343,0.7567567567567568,0.4,0.6865671641791045,1.3728323699421965,0.3701657458563536,0.4807692307692308,0.2810810810810811,1.2115384615384615,0.0,0.016216216216216217,0.0,0.4375,0.08648648648648649,0.9375,0.6470588235294118,0.2756756756756757,1.5098039215686274,0.4915254237288136,0.31891891891891894,1.0,0.3389830508474576,0.31891891891891894,1.0,0.46153846153846156,0.07027027027027027,1.2307692307692308,1.0,0.032432432432432434,2.0,0.5833333333333334,0.06486486486486487,1.1666666666666667,0.0,0.005405405405405406,0.0,0.6666666666666666,0.08108108108108109,1.3333333333333333,0.6333333333333333,0.32432432432432434,1.2666666666666666,,0.0,,1.0,0.005405405405405406,2.0,0.375,0.043243243243243246,1.0,1.0,0.005405405405405406,2.0,0.5,0.021621621621621623,1.25,,0.0,,0.0,0.005405405405405406,0.0,37,28,0.7567567567567568,0.2,58,34,0.5862068965517241,0.31351351351351353,11,6,0.5454545454545454,0.05945945945945946,74,26,0.35135135135135137,0.4,16,7,9,21,0.4375,0.08648648648648649,1.3125,17,9,8,27,0.5294117647058824,0.0918918918918919,1.588235294117647,8,2,6,6,0.25,0.043243243243243246,0.75,12,1,11,3,0.08333333333333333,0.06486486486486487,0.25,21,7,14,21,0.3333333333333333,0.11351351351351352,1.0,1327
8,Liga ACB,51,2025-2026,59165,Youssoupha Fall,1340,BC Barcelona,23,100,0,100,72,0,72,10,5,164,45,8,5.257628777979528,66,0,66,52,0,52,104,19,0,19,11,0,11,22,56,0,56,38,0,38,76,41,0,41,34,0,34,68,50,43,7,86,39,25,14,50,8,4,4,8,0,0,0,0,0,0,0,0,0,0,0,0,0,0,0,0,3,0,3,0,17,16,1,32,7,0,7,0,10,10,0,20,31,24,7,48,32,22,10,44,11,6,5,12,0,0,0,0,6,6,0,12,3,2,1,4,0,0,0,0,12,6,6,12,51,38,13,76,0,0,0,0,1,1,0,2,1,1,0,2,0,0,0,0,0,0,0,0,0,0,0,0,12,12,0,24,25,20,8,7,2,2,13,12,0,0,0.72,0.72,,0.8,0.72,0.5,1.4774774774774775,0.0,0.7878787878787878,0.7878787878787878,,0.7878787878787878,1.5966628308400461,0.7764705882352941,0.5789473684210527,0.5789473684210527,,0.5789473684210527,1.2072434607645877,0.2235294117647059,0.6785714285714286,0.6785714285714286,,0.6785714285714286,1.425793907971484,0.5773195876288659,0.8292682926829268,0.8292682926829268,,0.8292682926829268,1.6585365853658536,0.422680412371134,0.9411764705882353,0.17,1.8823529411764706,0.0,0.07,0.0,1.0,0.1,2.0,0.7741935483870968,0.31,1.5483870967741935,0.6875,0.32,1.375,0.5454545454545454,0.11,1.0909090909090908,,0.0,,1.0,0.06,2.0,0.6666666666666666,0.03,1.3333333333333333,,0.0,,0.5,0.12,1.0,0.7450980392156863,0.51,1.4901960784313726,,0.0,,1.0,0.01,2.0,1.0,0.01,2.0,,0.0,,,0.0,,,0.0,,1.0,0.12,2.0,50,43,0.86,0.5,39,25,0.6410256410256411,0.39,8,4,0.5,0.08,0,0,,0.0,0,0,0,0,,0.0,,0,0,0,0,,0.0,,0,0,0,0,,0.0,,0,0,0,0,,0.0,,0,0,0,0,,0.0,,501
8,Liga ACB,51,2025-2026,59166,Nikola Kusturica,1340,BC Barcelona,8,17,5,12,9,1,8,4,2,21,4,1,13.242289430350837,7,4,3,3,1,2,7,9,1,8,5,0,5,10,8,3,5,2,0,2,4,8,2,6,6,1,5,13,3,3,0,6,5,3,2,6,3,1,2,2,1,0,1,0,4,1,3,3,0,0,0,0,0,0,0,0,1,1,0,2,4,2,2,4,1,0,1,0,0,0,0,0,8,6,2,13,3,0,3,0,4,0,4,0,2,1,1,2,2,2,0,4,1,0,1,0,0,0,0,0,0,0,0,0,4,3,1,6,0,0,0,0,1,1,0,2,1,1,0,3,1,0,1,0,0,0,0,0,0,0,0,0,0,0,0,0,6,2,2,1,4,1,5,2,0,0,0.5294117647058824,0.6666666666666666,0.2,0.3333333333333333,0.5588235294117647,0.5,1.0692464358452138,0.29411764705882354,0.42857142857142855,0.6666666666666666,0.25,0.5,1.015228426395939,0.4375,0.5555555555555556,0.625,0.0,0.5555555555555556,1.0223048327137547,0.5625,0.25,0.4,0.0,0.25,0.5882352941176471,0.5,0.75,0.8333333333333334,0.5,0.8125,1.625,0.5,0.5,0.23529411764705882,1.0,0.0,0.058823529411764705,0.0,,0.0,,0.75,0.47058823529411764,1.625,0.0,0.17647058823529413,0.0,0.0,0.23529411764705882,0.0,0.5,0.11764705882352941,1.0,1.0,0.11764705882352941,2.0,0.0,0.058823529411764705,0.0,,0.0,,,0.0,,0.75,0.23529411764705882,1.5,,0.0,,1.0,0.058823529411764705,2.0,1.0,0.058823529411764705,3.0,0.0,0.058823529411764705,0.0,,0.0,,,0.0,,,0.0,,3,3,1.0,0.17647058823529413,5,3,0.6,0.29411764705882354,3,1,0.3333333333333333,0.17647058823529413,5,1,0.2,0.29411764705882354,0,0,0,0,,0.0,,1,0,1,0,0.0,0.058823529411764705,0.0,0,0,0,0,,0.0,,2,0,2,0,0.0,0.11764705882352941,0.0,2,1,1,3,0.5,0.11764705882352941,1.5,109
8,Liga ACB,51,2025-2026,59167,Jose Francisco Ortega Soriano,1332,BC MoraBanc Andorra,29,61,33,28,16,8,8,6,0,58,9,2,15.701478099986419,38,30,8,9,7,2,25,21,3,18,6,1,5,13,43,18,25,11,4,7,26,16,14,2,5,4,1,14,16,5,11,10,6,1,5,2,5,2,3,4,21,5,16,15,10,3,7,9,1,0,1,0,0,0,0,0,2,0,2,0,23,6,17,14,2,0,2,0,2,0,2,0,14,5,9,14,18,5,13,12,23,7,16,21,2,0,2,0,0,0,0,0,0,0,0,0,1,0,1,0,0,0,0,0,19,5,14,10,1,0,1,0,0,0,0,0,7,0,7,0,1,0,1,0,2,1,1,3,2,2,0,4,1,1,0,2,22,18,2,2,6,5,10,9,2,2,0.26229508196721313,0.2857142857142857,0.24242424242424243,0.8181818181818182,0.32786885245901637,0.0,0.8205998868138087,0.5409836065573771,0.23684210526315788,0.25,0.23333333333333334,0.32894736842105265,0.6944444444444444,0.6440677966101694,0.2857142857142857,0.2777777777777778,0.3333333333333333,0.30952380952380953,0.7614213197969543,0.3559322033898305,0.2558139534883721,0.28,0.2222222222222222,0.3023255813953488,0.7383966244725738,0.7288135593220338,0.3125,0.5,0.2857142857142857,0.4375,0.9478672985781991,0.2711864406779661,0.2608695652173913,0.3770491803278688,0.6086956521739131,0.0,0.03278688524590164,0.0,0.0,0.03278688524590164,0.0,0.35714285714285715,0.22950819672131148,1.0,0.2777777777777778,0.29508196721311475,0.6666666666666666,0.30434782608695654,0.3770491803278688,0.9130434782608695,0.0,0.03278688524590164,0.0,,0.0,,,0.0,,0.0,0.01639344262295082,0.0,,0.0,,0.2631578947368421,0.3114754098360656,0.5263157894736842,0.0,0.01639344262295082,0.0,,0.0,,0.0,0.11475409836065574,0.0,0.0,0.01639344262295082,0.0,0.5,0.03278688524590164,1.5,1.0,0.03278688524590164,2.0,1.0,0.01639344262295082,2.0,16,5,0.3125,0.26229508196721313,6,1,0.16666666666666666,0.09836065573770492,5,2,0.4,0.08196721311475409,31,8,0.25806451612903225,0.5081967213114754,9,2,7,6,0.2222222222222222,0.14754098360655737,0.6666666666666666,12,3,9,9,0.25,0.19672131147540983,0.75,4,1,3,3,0.25,0.06557377049180328,0.75,5,2,3,6,0.4,0.08196721311475409,1.2,1,0,1,0,0.0,0.01639344262295082,0.0,715
8,Liga ACB,51,2025-2026,59168,Ferran Bassas,,total,30,224,145,79,80,51,29,4,0,249,33,3,18.589864654521712,77,71,6,26,25,1,77,134,68,66,48,23,25,119,165,107,58,50,33,17,133,52,31,21,26,14,12,66,15,7,8,14,46,19,27,38,18,3,15,6,20,6,14,18,114,41,73,123,1,0,1,0,3,0,3,0,7,4,3,12,67,22,45,60,3,0,3,0,14,8,6,17,38,18,20,49,95,28,67,73,39,15,24,45,70,24,46,67,0,0,0,0,20,5,15,10,1,0,1,0,3,1,2,2,43,18,25,36,0,0,0,0,0,0,0,0,30,9,21,27,2,0,2,0,5,2,3,6,4,2,2,6,0,0,0,0,51,38,2,2,6,4,8,6,0,0,0.35714285714285715,0.3670886075949367,0.35172413793103446,0.7450980392156863,0.47098214285714285,0.0,1.0103879240383056,0.6473214285714286,0.33766233766233766,0.16666666666666666,0.352112676056338,0.5,1.0143810991268618,0.36492890995260663,0.3582089552238806,0.3787878787878788,0.3382352941176471,0.44402985074626866,0.9001756440281031,0.6350710900473934,0.30303030303030304,0.29310344827586204,0.308411214953271,0.403030303030303,0.8248279136007595,0.7603686635944701,0.5,0.5714285714285714,0.45161290322580644,0.6346153846153846,1.2692307692307692,0.23963133640552994,0.3283582089552239,0.29910714285714285,0.8955223880597015,0.0,0.013392857142857142,0.0,0.5714285714285714,0.0625,1.2142857142857142,0.47368421052631576,0.16964285714285715,1.2894736842105263,0.29473684210526313,0.42410714285714285,0.7684210526315789,0.38461538461538464,0.17410714285714285,1.1538461538461537,0.34285714285714286,0.3125,0.9571428571428572,,0.0,,0.25,0.08928571428571429,0.5,0.0,0.004464285714285714,0.0,0.3333333333333333,0.013392857142857142,0.6666666666666666,0.4186046511627907,0.19196428571428573,0.8372093023255814,,0.0,,,0.0,,0.3,0.13392857142857142,0.9,0.0,0.008928571428571428,0.0,0.4,0.022321428571428572,1.2,0.5,0.017857142857142856,1.5,,0.0,,15,7,0.4666666666666667,0.06696428571428571,46,19,0.41304347826086957,0.20535714285714285,18,3,0.16666666666666666,0.08035714285714286,134,47,0.35074626865671643,0.5982142857142857,14,5,9,15,0.35714285714285715,0.0625,1.0714285714285714,6,1,5,3,0.16666666666666666,0.026785714285714284,0.5,44,9,35,27,0.20454545454545456,0.19642857142857142,0.6136363636363636,37,17,20,51,0.4594594594594595,0.16517857142857142,1.3783783783783783,33,15,18,45,0.45454545454545453,0.14732142857142858,1.3636363636363635,1134
8,Liga ACB,51,2025-2026,59168,Ferran Bassas,1330,BAXI Manresa,23,212,138,74,76,49,27,4,0,237,31,3,18.677346279451577,71,66,5,24,23,1,71,129,67,62,46,23,23,115,158,103,55,46,31,15,123,47,28,19,26,14,12,66,14,6,8,12,42,18,24,36,18,3,15,6,19,6,13,18,108,39,69,117,1,0,1,0,3,0,3,0,7,4,3,12,62,20,42,55,3,0,3,0,11,8,3,17,36,18,18,49,93,26,67,68,36,13,23,39,68,24,44,67,0,0,0,0,19,4,15,8,1,0,1,0,3,1,2,2,40,17,23,34,0,0,0,0,0,0,0,0,27,9,18,27,2,0,2,0,5,2,3,6,4,2,2,6,0,0,0,0,49,36,2,2,6,4,8,6,0,0,0.3584905660377358,0.36486486486486486,0.35507246376811596,0.7346938775510204,0.4740566037735849,0.0,1.0147285494091454,0.6509433962264151,0.3380281690140845,0.2,0.3484848484848485,0.5,1.0155815247634947,0.355,0.35658914728682173,0.3709677419354839,0.34328358208955223,0.44573643410852715,0.9039805530233972,0.645,0.2911392405063291,0.2727272727272727,0.30097087378640774,0.38924050632911394,0.7986627043090638,0.7707317073170732,0.5531914893617021,0.631578947368421,0.5,0.7021276595744681,1.4042553191489362,0.22926829268292684,0.3225806451612903,0.29245283018867924,0.8870967741935484,0.0,0.014150943396226415,0.0,0.7272727272727273,0.05188679245283019,1.5454545454545454,0.5,0.16981132075471697,1.3611111111111112,0.27956989247311825,0.4386792452830189,0.7311827956989247,0.3611111111111111,0.16981132075471697,1.0833333333333333,0.35294117647058826,0.32075471698113206,0.9852941176470589,,0.0,,0.21052631578947367,0.08962264150943396,0.42105263157894735,0.0,0.0047169811320754715,0.0,0.3333333333333333,0.014150943396226415,0.6666666666666666,0.425,0.18867924528301888,0.85,,0.0,,,0.0,,0.3333333333333333,0.12735849056603774,1.0,0.0,0.009433962264150943,0.0,0.4,0.02358490566037736,1.2,0.5,0.018867924528301886,1.5,,0.0,,14,6,0.42857142857142855,0.0660377358490566,42,18,0.42857142857142855,0.19811320754716982,18,3,0.16666666666666666,0.08490566037735849,127,45,0.3543307086614173,0.5990566037735849,14,5,9,15,0.35714285714285715,0.0660377358490566,1.0714285714285714,5,1,4,3,0.2,0.02358490566037736,0.6,40,7,33,21,0.175,0.18867924528301888,0.525,36,17,19,51,0.4722222222222222,0.16981132075471697,1.4166666666666667,32,15,17,45,0.46875,0.1509433962264151,1.40625,1038
8,Liga ACB,51,2025-2026,59168,Ferran Bassas,1332,BC MoraBanc Andorra,7,12,7,5,4,2,2,0,0,12,2,0,17.09538689530322,6,5,1,2,2,0,6,5,1,4,2,0,2,4,7,4,3,4,2,2,10,5,3,2,0,0,0,0,1,1,0,2,4,1,3,2,0,0,0,0,1,0,1,0,6,2,4,6,0,0,0,0,0,0,0,0,0,0,0,0,5,2,3,5,0,0,0,0,3,0,3,0,2,0,2,0,2,2,0,5,3,2,1,6,2,0,2,0,0,0,0,0,1,1,0,2,0,0,0,0,0,0,0,0,3,1,2,2,0,0,0,0,0,0,0,0,3,0,3,0,0,0,0,0,0,0,0,0,0,0,0,0,0,0,0,0,2,2,0,0,0,0,0,0,0,0,0.3333333333333333,0.4,0.2857142857142857,1.0,0.4166666666666667,,0.9316770186335404,0.5833333333333334,0.3333333333333333,0.0,0.4,0.5,1.0,0.5454545454545454,0.4,0.5,0.0,0.4,0.8,0.45454545454545453,0.5714285714285714,0.6666666666666666,0.5,0.7142857142857143,1.4285714285714286,0.5833333333333334,0.0,0.0,0.0,0.0,0.0,0.4166666666666667,0.4,0.4166666666666667,1.0,,0.0,,0.0,0.25,0.0,0.0,0.16666666666666666,0.0,1.0,0.16666666666666666,2.5,0.6666666666666666,0.25,2.0,0.0,0.16666666666666666,0.0,,0.0,,1.0,0.08333333333333333,2.0,,0.0,,,0.0,,0.3333333333333333,0.25,0.6666666666666666,,0.0,,,0.0,,0.0,0.25,0.0,,0.0,,,0.0,,,0.0,,,0.0,,1,1,1.0,0.08333333333333333,4,1,0.25,0.3333333333333333,0,0,,0.0,7,2,0.2857142857142857,0.5833333333333334,0,0,0,0,,0.0,,1,0,1,0,0.0,0.08333333333333333,0.0,4,2,2,6,0.5,0.3333333333333333,1.5,1,0,1,0,0.0,0.08333333333333333,0.0,1,0,1,0,0.0,0.08333333333333333,0.0,96
8,Liga ACB,51,2025-2026,59169,Rafa Freire Luz,1332,BC MoraBanc Andorra,25,63,21,42,37,10,27,10,1,114,7,3,14.027546860089114,17,11,6,9,6,3,24,40,8,32,25,3,22,53,35,8,27,19,3,16,41,24,10,14,18,7,11,43,15,14,1,28,20,9,11,18,6,4,2,8,2,1,1,3,14,7,7,21,2,2,0,6,0,0,0,0,4,0,4,0,12,7,5,16,3,0,3,0,4,4,0,9,20,14,6,34,20,12,8,25,6,3,3,9,12,6,6,15,0,0,0,0,5,4,1,8,1,1,0,3,2,1,1,2,25,18,7,36,1,1,0,3,0,0,0,0,6,2,4,6,0,0,0,0,0,0,0,0,0,0,0,0,1,1,0,2,40,30,0,0,18,13,17,13,2,1,0.5873015873015873,0.6428571428571429,0.47619047619047616,0.75,0.6666666666666666,0.1,1.41439205955335,0.3333333333333333,0.5294117647058824,0.5,0.5454545454545454,0.7058823529411765,1.411764705882353,0.2982456140350877,0.625,0.6875,0.375,0.6625,1.3772954924874792,0.7017543859649122,0.5428571428571428,0.5925925925925926,0.375,0.5857142857142857,1.2711864406779663,0.5932203389830508,0.75,0.7857142857142857,0.7,0.8958333333333334,1.7684887459807075,0.4067796610169492,0.5833333333333334,0.19047619047619047,1.3333333333333333,0.0,0.047619047619047616,0.0,1.0,0.06349206349206349,2.25,0.7,0.31746031746031744,1.7,0.6,0.31746031746031744,1.25,0.5,0.09523809523809523,1.5,0.5,0.19047619047619047,1.25,,0.0,,0.8,0.07936507936507936,1.6,1.0,0.015873015873015872,3.0,0.5,0.031746031746031744,1.0,0.72,0.3968253968253968,1.44,1.0,0.015873015873015872,3.0,,0.0,,0.3333333333333333,0.09523809523809523,1.0,,0.0,,,0.0,,,0.0,,1.0,0.015873015873015872,2.0,15,14,0.9333333333333333,0.23809523809523808,20,9,0.45,0.31746031746031744,6,4,0.6666666666666666,0.09523809523809523,16,8,0.5,0.25396825396825395,1,1,0,3,1.0,0.015873015873015872,3.0,1,0,1,0,0.0,0.015873015873015872,0.0,6,3,3,9,0.5,0.09523809523809523,1.5,4,2,2,6,0.5,0.06349206349206349,1.5,4,2,2,6,0.5,0.06349206349206349,1.5,734
8,Liga ACB,51,2025-2026,59170,Artem Pustovyi,1332,BC MoraBanc Andorra,31,196,4,192,130,1,129,46,13,363,83,5,6.051364343611346,115,4,111,80,1,79,161,68,0,68,43,0,43,86,132,2,130,83,1,82,167,59,2,57,44,0,44,88,90,76,14,152,76,46,30,92,22,5,17,10,0,0,0,0,4,1,3,3,0,0,0,0,0,0,0,0,4,2,2,4,39,27,12,54,4,0,4,0,11,6,5,12,48,38,10,76,89,56,33,113,21,9,12,19,2,1,1,2,18,18,0,36,5,1,4,2,0,0,0,0,33,19,14,38,87,66,21,132,0,0,0,0,5,5,0,10,9,2,7,4,1,1,0,2,2,0,2,0,0,0,0,0,8,5,3,10,125,102,42,37,30,21,67,54,12,11,0.6632653061224489,0.671875,0.25,0.816,0.6658163265306123,0.2826086956521739,1.4462151394422311,0.02040816326530612,0.6956521739130435,0.7117117117117117,0.25,0.7,1.4833682948756368,0.6284153005464481,0.6323529411764706,0.6323529411764706,,0.6323529411764706,1.3177339901477831,0.37158469945355194,0.6287878787878788,0.6307692307692307,0.5,0.6325757575757576,1.3685905375278673,0.6910994764397905,0.7457627118644068,0.7719298245614035,0.0,0.7457627118644068,1.5401369010578718,0.3089005235602094,0.6923076923076923,0.1989795918367347,1.3846153846153846,0.0,0.02040816326530612,0.0,0.5454545454545454,0.05612244897959184,1.0909090909090908,0.7916666666666666,0.24489795918367346,1.5833333333333333,0.6292134831460674,0.45408163265306123,1.2696629213483146,0.42857142857142855,0.10714285714285714,0.9047619047619048,0.5,0.01020408163265306,1.0,1.0,0.09183673469387756,2.0,0.2,0.025510204081632654,0.4,,0.0,,0.5757575757575758,0.1683673469387755,1.1515151515151516,0.7586206896551724,0.44387755102040816,1.5172413793103448,,0.0,,1.0,0.025510204081632654,2.0,0.2222222222222222,0.04591836734693878,0.4444444444444444,1.0,0.00510204081632653,2.0,0.0,0.01020408163265306,0.0,,0.0,,0.625,0.04081632653061224,1.25,90,76,0.8444444444444444,0.45918367346938777,76,46,0.6052631578947368,0.3877551020408163,22,5,0.22727272727272727,0.11224489795918367,4,1,0.25,0.02040816326530612,0,0,0,0,,0.0,,0,0,0,0,,0.0,,3,0,3,0,0.0,0.015306122448979591,0.0,1,1,0,3,1.0,0.00510204081632653,3.0,0,0,0,0,,0.0,,1114
8,Liga ACB,51,2025-2026,59173,Dylan Bordon,1333,Lenovo Tenerife,6,6,2,4,1,0,1,0,0,2,0,0,15.624892482576149,1,1,0,0,0,0,0,5,1,4,1,0,1,2,3,1,2,0,0,0,0,3,1,2,1,0,1,2,1,0,1,0,1,1,0,2,2,0,2,0,0,0,0,0,1,0,1,0,0,0,0,0,1,0,1,0,0,0,0,0,0,0,0,0,0,0,0,0,1,0,1,0,2,1,1,2,3,0,3,0,1,0,1,0,2,0,2,0,0,0,0,0,1,0,1,0,0,0,0,0,0,0,0,0,2,1,1,2,0,0,0,0,0,0,0,0,0,0,0,0,0,0,0,0,0,0,0,0,0,0,0,0,0,0,0,0,0,0,0,0,0,0,0,0,0,0,0.16666666666666666,0.25,0.0,,0.16666666666666666,,0.3333333333333333,0.3333333333333333,0.0,,0.0,0.0,0.0,0.16666666666666666,0.2,0.25,0.0,0.2,0.4,0.8333333333333334,0.0,0.0,0.0,0.0,0.0,0.5,0.3333333333333333,0.5,0.0,0.3333333333333333,0.6666666666666666,0.5,,0.0,,,0.0,,0.0,0.16666666666666666,0.0,0.5,0.3333333333333333,1.0,0.0,0.5,0.0,0.0,0.16666666666666666,0.0,0.0,0.3333333333333333,0.0,,0.0,,0.0,0.16666666666666666,0.0,,0.0,,,0.0,,0.5,0.3333333333333333,1.0,,0.0,,,0.0,,,0.0,,,0.0,,,0.0,,,0.0,,,0.0,,1,0,0.0,0.16666666666666666,1,1,1.0,0.16666666666666666,2,0,0.0,0.3333333333333333,1,0,0.0,0.16666666666666666,0,0,0,0,,0.0,,0,0,0,0,,0.0,,0,0,0,0,,0.0,,1,0,1,0,0.0,0.16666666666666666,0.0,0,0,0,0,,0.0,,35
8,Liga ACB,51,2025-2026,59174,Sergio Llull,1338,Real Madrid,33,224,147,77,74,40,34,16,1,237,32,1,19.468635217676955,83,76,7,26,23,3,75,130,62,68,48,17,31,113,154,96,58,49,28,21,126,66,47,19,25,12,13,62,28,16,12,32,30,12,18,24,19,6,13,12,24,2,22,6,110,37,73,111,2,0,2,0,7,1,6,3,4,0,4,0,70,23,47,62,1,0,1,0,21,8,13,21,45,17,28,41,83,26,57,64,50,18,32,53,78,23,55,63,0,0,0,0,7,2,5,4,4,0,4,0,0,0,0,0,50,24,26,48,0,0,0,0,0,0,0,0,27,7,20,20,0,0,0,0,2,0,2,0,2,0,2,0,0,0,0,0,57,49,5,5,30,28,33,31,2,2,0.33035714285714285,0.44155844155844154,0.272108843537415,0.8596491228070176,0.41964285714285715,0.0625,0.9515015256142604,0.65625,0.3132530120481928,0.42857142857142855,0.3026315789473684,0.45180722891566266,0.9389671361502347,0.38967136150234744,0.36923076923076925,0.45588235294117646,0.27419354838709675,0.4346153846153846,0.98463687150838,0.6103286384976526,0.3181818181818182,0.3620689655172414,0.2916666666666667,0.4090909090909091,0.9316401614051744,0.7,0.3787878787878788,0.6842105263157895,0.2553191489361702,0.4696969696969697,0.9569377990430623,0.3,0.32857142857142857,0.3125,0.8857142857142857,0.0,0.004464285714285714,0.0,0.38095238095238093,0.09375,1.0,0.37777777777777777,0.20089285714285715,0.9111111111111111,0.3132530120481928,0.3705357142857143,0.7710843373493976,0.36,0.22321428571428573,1.06,0.2948717948717949,0.3482142857142857,0.8076923076923077,,0.0,,0.2857142857142857,0.03125,0.5714285714285714,0.0,0.017857142857142856,0.0,,0.0,,0.48,0.22321428571428573,0.96,,0.0,,,0.0,,0.25925925925925924,0.12053571428571429,0.7407407407407407,,0.0,,0.0,0.008928571428571428,0.0,0.0,0.008928571428571428,0.0,,0.0,,28,16,0.5714285714285714,0.125,30,12,0.4,0.13392857142857142,19,6,0.3157894736842105,0.08482142857142858,134,39,0.291044776119403,0.5982142857142857,15,2,13,6,0.13333333333333333,0.06696428571428571,0.4,9,0,9,0,0.0,0.04017857142857143,0.0,39,9,30,27,0.23076923076923078,0.17410714285714285,0.6923076923076923,43,17,26,51,0.3953488372093023,0.19196428571428573,1.186046511627907,28,11,17,33,0.39285714285714285,0.125,1.1785714285714286,1129
8,Liga ACB,51,2025-2026,59175,Gabriele Procida,1338,Real Madrid,29,118,74,44,65,31,34,13,2,187,51,1,16.443129248369488,88,68,20,45,29,16,119,26,6,20,17,2,15,36,71,50,21,36,23,13,95,45,22,23,28,7,21,63,24,18,6,36,14,11,3,22,6,5,1,10,38,17,21,51,34,13,21,39,0,0,0,0,0,0,0,0,2,1,1,3,32,17,15,48,1,0,1,0,10,6,4,14,35,22,13,49,38,19,19,47,47,20,27,60,8,4,4,10,10,9,1,18,2,2,0,4,0,0,0,0,0,0,0,0,21,14,7,28,0,0,0,0,4,4,0,8,19,8,11,24,0,0,0,0,0,0,0,0,2,1,1,2,3,2,1,4,34,26,7,5,18,14,21,15,2,2,0.5508474576271186,0.7727272727272727,0.4189189189189189,0.7647058823529411,0.6822033898305084,0.15384615384615385,1.4064380264741274,0.6271186440677966,0.5113636363636364,0.8,0.4264705882352941,0.6761363636363636,1.3614404918752745,0.7719298245614035,0.6538461538461539,0.75,0.3333333333333333,0.6923076923076923,1.474056603773585,0.22807017543859648,0.5070422535211268,0.6190476190476191,0.46,0.6690140845070423,1.370887337986042,0.6120689655172413,0.6222222222222222,0.9130434782608695,0.3181818181818182,0.7,1.4167393199651264,0.3879310344827586,0.53125,0.2711864406779661,1.5,0.0,0.00847457627118644,0.0,0.6,0.0847457627118644,1.4,0.6285714285714286,0.2966101694915254,1.4,0.5,0.3220338983050847,1.236842105263158,0.425531914893617,0.3983050847457627,1.2765957446808511,0.5,0.06779661016949153,1.25,0.9,0.0847457627118644,1.8,1.0,0.01694915254237288,2.0,,0.0,,,0.0,,0.6666666666666666,0.17796610169491525,1.3333333333333333,,0.0,,1.0,0.03389830508474576,2.0,0.42105263157894735,0.16101694915254236,1.263157894736842,,0.0,,,0.0,,0.5,0.01694915254237288,1.0,0.6666666666666666,0.025423728813559324,1.3333333333333333,24,18,0.75,0.2033898305084746,14,11,0.7857142857142857,0.11864406779661017,6,5,0.8333333333333334,0.05084745762711865,72,30,0.4166666666666667,0.6101694915254238,12,3,9,9,0.25,0.1016949152542373,0.75,26,14,12,42,0.5384615384615384,0.22033898305084745,1.6153846153846154,2,0,2,0,0.0,0.01694915254237288,0.0,8,2,6,6,0.25,0.06779661016949153,0.75,24,11,13,33,0.4583333333333333,0.2033898305084746,1.375,842
8,Liga ACB,51,2025-2026,59177,Simon Birgander,1336,Club Joventut Badalona,27,149,0,149,86,0,86,14,7,186,65,8,6.5518742940715935,97,0,97,58,0,58,116,37,0,37,18,0,18,36,98,0,98,49,0,49,98,49,0,49,36,0,36,72,50,34,16,68,85,48,37,96,12,3,9,6,0,0,0,0,0,0,0,0,0,0,0,0,0,0,0,0,2,1,1,2,40,22,18,44,8,0,8,0,18,10,8,20,31,26,5,52,50,27,23,54,8,3,5,6,3,1,2,2,10,10,0,20,33,19,14,38,0,0,0,0,22,10,12,20,53,33,20,66,0,0,0,0,2,1,1,2,3,2,1,4,2,0,2,0,0,0,0,0,0,0,0,0,11,6,5,12,28,14,11,4,5,4,19,10,2,1,0.5771812080536913,0.5771812080536913,,0.5,0.5771812080536913,0.5,1.1529878502355566,0.0,0.5979381443298969,0.5979381443298969,,0.5979381443298969,1.178318931657502,0.7238805970149254,0.4864864864864865,0.4864864864864865,,0.4864864864864865,1.0204081632653061,0.27611940298507465,0.5,0.5,,0.5,1.0154193305754042,0.6666666666666666,0.7346938775510204,0.7346938775510204,,0.7346938775510204,1.4635124298315958,0.3333333333333333,0.55,0.2684563758389262,1.1,0.0,0.053691275167785234,0.0,0.5555555555555556,0.12080536912751678,1.1111111111111112,0.8387096774193549,0.2080536912751678,1.6774193548387097,0.54,0.33557046979865773,1.08,0.375,0.053691275167785234,0.75,0.3333333333333333,0.020134228187919462,0.6666666666666666,1.0,0.06711409395973154,2.0,0.5757575757575758,0.2214765100671141,1.1515151515151516,,0.0,,0.45454545454545453,0.1476510067114094,0.9090909090909091,0.6226415094339622,0.35570469798657717,1.2452830188679245,,0.0,,0.5,0.013422818791946308,1.0,0.6666666666666666,0.020134228187919462,1.3333333333333333,0.0,0.013422818791946308,0.0,,0.0,,,0.0,,0.5454545454545454,0.0738255033557047,1.0909090909090908,50,34,0.68,0.33557046979865773,85,48,0.5647058823529412,0.5704697986577181,12,3,0.25,0.08053691275167785,0,0,,0.0,0,0,0,0,,0.0,,0,0,0,0,,0.0,,0,0,0,0,,0.0,,0,0,0,0,,0.0,,0,0,0,0,,0.0,,913
8,Liga ACB,51,2025-2026,59178,Pierre Oriola,1330,BAXI Manresa,26,119,36,83,67,12,55,37,5,238,52,4,10.627867707973538,85,31,54,50,12,38,112,23,4,19,12,0,12,24,69,20,49,39,7,32,85,49,15,34,28,5,23,61,46,33,13,66,29,16,13,32,8,6,2,12,4,1,3,3,31,11,20,33,0,0,0,0,0,0,0,0,1,0,1,0,41,26,15,59,4,0,4,0,11,5,6,11,38,23,15,50,24,13,11,26,25,10,15,28,5,2,3,4,0,0,0,0,5,3,2,6,0,0,0,0,3,2,1,4,61,44,17,88,0,0,0,0,0,0,0,0,13,5,8,14,0,0,0,0,3,0,3,0,0,0,0,0,3,1,2,2,105,92,43,39,19,15,59,51,6,5,0.5630252100840336,0.6626506024096386,0.3333333333333333,0.8761904761904762,0.6134453781512605,0.13513513513513514,1.440677966101695,0.3025210084033613,0.5882352941176471,0.7037037037037037,0.3870967741935484,0.6588235294117647,1.4530408006158584,0.7870370370370371,0.5217391304347826,0.631578947368421,0.0,0.5217391304347826,1.243622448979592,0.21296296296296297,0.5652173913043478,0.6530612244897959,0.35,0.6159420289855072,1.4321819713563606,0.5847457627118644,0.5714285714285714,0.6764705882352942,0.3333333333333333,0.6224489795918368,1.2780790085205267,0.4152542372881356,0.6341463414634146,0.3445378151260504,1.4390243902439024,0.0,0.03361344537815126,0.0,0.45454545454545453,0.09243697478991597,1.0,0.6052631578947368,0.31932773109243695,1.3157894736842106,0.5416666666666666,0.20168067226890757,1.0833333333333333,0.4,0.21008403361344538,1.12,0.4,0.04201680672268908,0.8,,0.0,,0.6,0.04201680672268908,1.2,,0.0,,0.6666666666666666,0.025210084033613446,1.3333333333333333,0.7213114754098361,0.5126050420168067,1.4426229508196722,,0.0,,,0.0,,0.38461538461538464,0.1092436974789916,1.0769230769230769,,0.0,,0.0,0.025210084033613446,0.0,,0.0,,0.3333333333333333,0.025210084033613446,0.6666666666666666,46,33,0.717391304347826,0.3865546218487395,29,16,0.5517241379310345,0.24369747899159663,8,6,0.75,0.06722689075630252,35,12,0.34285714285714286,0.29411764705882354,3,1,2,3,0.3333333333333333,0.025210084033613446,1.0,1,0,1,0,0.0,0.008403361344537815,0.0,18,5,13,15,0.2777777777777778,0.15126050420168066,0.8333333333333334,9,5,4,15,0.5555555555555556,0.07563025210084033,1.6666666666666667,4,1,3,3,0.25,0.03361344537815126,0.75,1077
8,Liga ACB,51,2025-2026,59179,Louis Olinde,1330,BAXI Manresa,22,127,62,65,61,26,35,16,7,175,42,5,14.356471578899546,81,53,28,40,22,18,102,36,6,30,14,2,12,30,82,39,43,30,13,17,73,43,22,21,30,12,18,72,30,21,9,42,30,12,18,24,4,2,2,4,17,9,8,27,44,16,28,48,0,0,0,0,0,0,0,0,2,1,1,3,36,14,22,35,5,0,5,0,15,9,6,21,28,21,7,51,41,16,25,38,38,18,20,54,7,3,4,8,7,6,1,12,3,0,3,0,0,0,0,0,4,3,1,6,44,23,21,46,0,0,0,0,0,0,0,0,16,4,12,12,0,0,0,0,3,1,2,3,0,0,0,0,3,2,1,4,40,27,9,4,15,12,25,16,1,1,0.48031496062992124,0.5384615384615384,0.41935483870967744,0.675,0.5826771653543307,0.4375,1.2102351313969573,0.4881889763779528,0.49382716049382713,0.6428571428571429,0.41509433962264153,0.6296296296296297,1.2476459510357816,0.6923076923076923,0.3888888888888889,0.4,0.3333333333333333,0.4166666666666667,0.9859154929577465,0.3076923076923077,0.36585365853658536,0.3953488372093023,0.3333333333333333,0.4451219512195122,0.956989247311828,0.656,0.6976744186046512,0.8571428571428571,0.5454545454545454,0.8372093023255814,1.6804788213627992,0.344,0.3888888888888889,0.28346456692913385,0.9722222222222222,0.0,0.03937007874015748,0.0,0.6,0.11811023622047244,1.4,0.75,0.2204724409448819,1.8214285714285714,0.3902439024390244,0.3228346456692913,0.926829268292683,0.47368421052631576,0.2992125984251969,1.4210526315789473,0.42857142857142855,0.05511811023622047,1.1428571428571428,0.8571428571428571,0.05511811023622047,1.7142857142857142,0.0,0.023622047244094488,0.0,,0.0,,0.75,0.031496062992125984,1.5,0.5227272727272727,0.3464566929133858,1.0454545454545454,,0.0,,,0.0,,0.25,0.12598425196850394,0.75,,0.0,,0.3333333333333333,0.023622047244094488,1.0,,0.0,,0.6666666666666666,0.023622047244094488,1.3333333333333333,30,21,0.7,0.23622047244094488,30,12,0.4,0.23622047244094488,4,2,0.5,0.031496062992125984,61,25,0.4098360655737705,0.48031496062992124,8,6,2,18,0.75,0.06299212598425197,2.25,9,3,6,9,0.3333333333333333,0.07086614173228346,1.0,10,1,9,3,0.1,0.07874015748031496,0.3,17,6,11,18,0.35294117647058826,0.13385826771653545,1.0588235294117647,17,9,8,27,0.5294117647058824,0.13385826771653545,1.588235294117647,968
8,Liga ACB,51,2025-2026,59180,Alex Reyes,1330,BAXI Manresa,19,173,111,62,69,42,27,20,3,228,61,5,18.947008338243577,104,78,26,47,33,14,127,57,24,33,19,7,12,45,117,72,45,45,27,18,117,44,29,15,23,14,9,60,14,11,3,22,20,10,10,20,26,6,20,12,19,5,14,15,82,36,46,108,0,0,0,0,0,0,0,0,12,1,11,3,48,13,35,35,5,0,5,0,11,5,6,15,33,18,15,45,64,32,32,82,37,17,20,51,32,9,23,25,3,3,0,6,4,1,3,2,0,0,0,0,1,1,0,2,27,16,11,32,0,0,0,0,0,0,0,0,51,20,31,56,1,0,1,0,2,0,2,0,3,1,2,3,0,0,0,0,60,48,14,13,19,17,38,34,0,0,0.3988439306358382,0.43548387096774194,0.3783783783783784,0.8,0.5202312138728323,0.15,1.1434302908726177,0.6416184971098265,0.4519230769230769,0.5384615384615384,0.4230769230769231,0.6105769230769231,1.270878721859114,0.6459627329192547,0.3333333333333333,0.36363636363636365,0.2916666666666667,0.39473684210526316,0.9485924112607099,0.35403726708074534,0.38461538461538464,0.4,0.375,0.5,1.1292252467843256,0.7267080745341615,0.5227272727272727,0.6,0.4827586206896552,0.6818181818181818,1.3636363636363635,0.2732919254658385,0.2708333333333333,0.2774566473988439,0.7291666666666666,0.0,0.028901734104046242,0.0,0.45454545454545453,0.06358381502890173,1.3636363636363635,0.5454545454545454,0.1907514450867052,1.3636363636363635,0.5,0.3699421965317919,1.28125,0.4594594594594595,0.2138728323699422,1.3783783783783783,0.28125,0.18497109826589594,0.78125,1.0,0.017341040462427744,2.0,0.25,0.023121387283236993,0.5,,0.0,,1.0,0.005780346820809248,2.0,0.5925925925925926,0.15606936416184972,1.1851851851851851,,0.0,,,0.0,,0.39215686274509803,0.2947976878612717,1.0980392156862746,0.0,0.005780346820809248,0.0,0.0,0.011560693641618497,0.0,0.3333333333333333,0.017341040462427744,1.0,,0.0,,14,11,0.7857142857142857,0.08092485549132948,20,10,0.5,0.11560693641618497,26,6,0.23076923076923078,0.15028901734104047,101,41,0.40594059405940597,0.5838150289017341,8,2,6,6,0.25,0.046242774566473986,0.75,11,3,8,9,0.2727272727272727,0.06358381502890173,0.8181818181818182,7,1,6,3,0.14285714285714285,0.04046242774566474,0.42857142857142855,26,12,14,36,0.46153846153846156,0.15028901734104047,1.3846153846153846,49,23,26,69,0.46938775510204084,0.2832369942196532,1.4081632653061225,925
8,Liga ACB,51,2025-2026,59181,Marcis Steinbergs,1330,BAXI Manresa,33,187,141,46,71,49,22,5,2,212,59,8,20.058268112296382,147,120,27,56,42,14,154,31,17,14,11,6,5,28,125,98,27,40,31,9,111,58,40,18,30,17,13,77,19,11,8,22,17,8,9,16,9,3,6,6,54,16,38,48,81,32,49,96,1,0,1,0,2,0,2,0,4,1,3,3,63,24,39,68,7,0,7,0,15,11,4,27,43,19,24,50,55,16,39,43,100,34,66,101,20,8,12,22,1,1,0,2,3,1,2,2,1,0,1,0,4,2,2,4,22,9,13,18,0,0,0,0,0,0,0,0,25,10,15,29,2,2,0,4,2,0,2,0,0,0,0,0,3,3,0,6,27,21,4,3,5,3,6,5,3,1,0.37967914438502676,0.4782608695652174,0.3475177304964539,0.7777777777777778,0.5106951871657754,0.4,1.0659694288012873,0.7540106951871658,0.38095238095238093,0.5185185185185185,0.35,0.5238095238095238,1.0553912342027427,0.8258426966292135,0.3548387096774194,0.35714285714285715,0.35294117647058826,0.45161290322580644,0.9337349397590361,0.17415730337078653,0.32,0.3333333333333333,0.3163265306122449,0.444,0.9088060169225948,0.6830601092896175,0.5172413793103449,0.7222222222222222,0.425,0.6637931034482759,1.3149022252191505,0.31693989071038253,0.38095238095238093,0.33689839572192515,1.0793650793650793,0.0,0.0374331550802139,0.0,0.7333333333333333,0.08021390374331551,1.8,0.4418604651162791,0.22994652406417113,1.1627906976744187,0.2909090909090909,0.29411764705882354,0.7818181818181819,0.34,0.5347593582887701,1.01,0.4,0.10695187165775401,1.1,1.0,0.0053475935828877,2.0,0.3333333333333333,0.016042780748663103,0.6666666666666666,0.0,0.0053475935828877,0.0,0.5,0.0213903743315508,1.0,0.4090909090909091,0.11764705882352941,0.8181818181818182,,0.0,,,0.0,,0.4,0.13368983957219252,1.16,1.0,0.0106951871657754,2.0,0.0,0.0106951871657754,0.0,,0.0,,1.0,0.016042780748663103,2.0,19,11,0.5789473684210527,0.10160427807486631,17,8,0.47058823529411764,0.09090909090909091,9,3,0.3333333333333333,0.0481283422459893,135,48,0.35555555555555557,0.7219251336898396,35,13,22,39,0.37142857142857144,0.18716577540106952,1.1142857142857143,19,3,16,9,0.15789473684210525,0.10160427807486631,0.47368421052631576,15,4,11,12,0.26666666666666666,0.08021390374331551,0.8,35,14,21,42,0.4,0.18716577540106952,1.2,31,14,17,42,0.45161290322580644,0.1657754010695187,1.3548387096774193,1350
8,Liga ACB,51,2025-2026,59182,Gustav Knudsen,1330,BAXI Manresa,26,77,26,51,32,4,28,3,1,78,17,9,10.815571727877868,48,26,22,19,4,15,42,23,0,23,10,0,10,20,47,16,31,18,2,16,38,27,10,17,13,2,11,28,30,16,14,32,16,10,6,20,2,1,1,2,17,2,15,6,9,2,7,6,0,0,0,0,0,0,0,0,3,1,2,2,19,7,12,16,7,0,7,0,9,0,9,0,18,13,5,28,21,11,10,22,19,1,18,3,1,0,1,0,6,5,1,10,1,1,0,2,0,0,0,0,0,0,0,0,37,19,18,38,0,0,0,0,1,0,1,0,7,3,4,9,0,0,0,0,0,0,0,0,0,0,0,0,2,2,0,4,17,10,2,0,2,2,1,0,3,2,0.4155844155844156,0.5490196078431373,0.15384615384615385,0.5882352941176471,0.44155844155844154,0.3333333333333333,0.9232954545454545,0.33766233766233766,0.3958333333333333,0.6818181818181818,0.15384615384615385,0.4375,0.8592471358428805,0.676056338028169,0.43478260869565216,0.43478260869565216,,0.43478260869565216,0.9212730318257957,0.323943661971831,0.3829787234042553,0.5161290322580645,0.125,0.40425531914893614,0.8010118043844857,0.6351351351351351,0.48148148148148145,0.6470588235294118,0.2,0.5185185185185185,1.0593220338983051,0.36486486486486486,0.3684210526315789,0.24675324675324675,0.8421052631578947,0.0,0.09090909090909091,0.0,0.0,0.11688311688311688,0.0,0.7222222222222222,0.23376623376623376,1.5555555555555556,0.5238095238095238,0.2727272727272727,1.0476190476190477,0.05263157894736842,0.24675324675324675,0.15789473684210525,0.0,0.012987012987012988,0.0,0.8333333333333334,0.07792207792207792,1.6666666666666667,1.0,0.012987012987012988,2.0,,0.0,,,0.0,,0.5135135135135135,0.4805194805194805,1.027027027027027,,0.0,,0.0,0.012987012987012988,0.0,0.42857142857142855,0.09090909090909091,1.2857142857142858,,0.0,,,0.0,,,0.0,,1.0,0.025974025974025976,2.0,30,16,0.5333333333333333,0.38961038961038963,16,10,0.625,0.2077922077922078,2,1,0.5,0.025974025974025976,26,4,0.15384615384615385,0.33766233766233766,12,1,11,3,0.08333333333333333,0.15584415584415584,0.25,5,1,4,3,0.2,0.06493506493506493,0.6,2,1,1,3,0.5,0.025974025974025976,1.5,4,0,4,0,0.0,0.05194805194805195,0.0,3,1,2,3,0.3333333333333333,0.03896103896103896,1.0,724
8,Liga ACB,51,2025-2026,59183,Hugo Benitez,1330,BAXI Manresa,13,136,29,107,60,11,49,9,1,147,12,4,11.500132541903488,17,10,7,8,3,5,19,112,17,95,47,6,41,100,84,15,69,35,6,29,76,45,9,36,22,3,19,47,29,13,16,26,41,18,23,36,35,17,18,34,3,2,1,6,20,7,13,21,1,0,1,0,0,0,0,0,7,3,4,8,38,15,23,35,4,0,4,0,12,6,6,13,33,16,17,34,42,20,22,41,7,2,5,6,52,22,30,51,0,0,0,0,10,4,6,8,1,0,1,0,4,3,1,6,48,21,27,42,2,2,0,4,0,0,0,0,2,0,2,0,2,2,0,4,0,0,0,0,0,0,0,0,1,1,0,2,22,16,5,4,11,8,18,14,0,0,0.4411764705882353,0.45794392523364486,0.3793103448275862,0.7272727272727273,0.48161764705882354,0.1111111111111111,1.0090609555189456,0.21323529411764705,0.47058823529411764,0.7142857142857143,0.3,0.5588235294117647,1.1979166666666667,0.13178294573643412,0.41964285714285715,0.43157894736842106,0.35294117647058826,0.44642857142857145,0.9243409791167408,0.8682170542635659,0.4166666666666667,0.42028985507246375,0.4,0.4523809523809524,0.97911227154047,0.6511627906976745,0.4888888888888889,0.5277777777777778,0.3333333333333333,0.5222222222222223,1.0444444444444445,0.3488372093023256,0.39473684210526316,0.27941176470588236,0.9210526315789473,0.0,0.029411764705882353,0.0,0.5,0.08823529411764706,1.0833333333333333,0.48484848484848486,0.2426470588235294,1.0303030303030303,0.47619047619047616,0.3088235294117647,0.9761904761904762,0.2857142857142857,0.051470588235294115,0.8571428571428571,0.4230769230769231,0.38235294117647056,0.9807692307692307,,0.0,,0.4,0.07352941176470588,0.8,0.0,0.007352941176470588,0.0,0.75,0.029411764705882353,1.5,0.4375,0.35294117647058826,0.875,1.0,0.014705882352941176,2.0,,0.0,,0.0,0.014705882352941176,0.0,1.0,0.014705882352941176,2.0,,0.0,,,0.0,,1.0,0.007352941176470588,2.0,29,13,0.4482758620689655,0.21323529411764705,41,18,0.43902439024390244,0.3014705882352941,35,17,0.4857142857142857,0.25735294117647056,23,9,0.391304347826087,0.16911764705882354,0,0,0,0,,0.0,,3,2,1,6,0.6666666666666666,0.022058823529411766,2.0,9,4,5,12,0.4444444444444444,0.0661764705882353,1.3333333333333333,4,0,4,0,0.0,0.029411764705882353,0.0,7,3,4,9,0.42857142857142855,0.051470588235294115,1.2857142857142858,593
8,Liga ACB,51,2025-2026,59184,Agustin Ubal,1330,BAXI Manresa,30,204,74,130,86,22,64,32,7,284,39,14,12.481856985889026,83,63,20,34,20,14,88,116,10,106,49,2,47,100,151,50,101,68,18,50,154,47,20,27,16,3,13,35,45,30,15,60,65,24,41,48,18,9,9,18,18,8,10,24,52,13,39,39,0,0,0,0,0,0,0,0,6,2,4,5,46,19,27,45,14,0,14,0,16,4,12,9,31,12,19,26,91,49,42,109,41,13,28,39,25,9,16,19,2,1,1,2,9,1,8,2,0,0,0,0,4,3,1,6,83,44,39,88,2,2,0,4,2,1,1,2,23,7,16,20,1,1,0,2,1,0,1,0,5,2,3,5,0,0,0,0,106,90,12,11,41,37,50,45,5,4,0.4215686274509804,0.49230769230769234,0.2972972972972973,0.8490566037735849,0.47549019607843135,0.21875,1.1330992658793488,0.3627450980392157,0.40963855421686746,0.7,0.31746031746031744,0.5301204819277109,1.1214318078840053,0.41708542713567837,0.4224137931034483,0.44339622641509435,0.2,0.43103448275862066,1.0220829603103552,0.5829145728643216,0.4503311258278146,0.49504950495049505,0.36,0.5099337748344371,1.1502890173410405,0.7626262626262627,0.3404255319148936,0.48148148148148145,0.15,0.3723404255319149,0.7926829268292682,0.23737373737373738,0.41304347826086957,0.22549019607843138,0.9782608695652174,0.0,0.06862745098039216,0.0,0.25,0.0784313725490196,0.5625,0.3870967741935484,0.15196078431372548,0.8387096774193549,0.5384615384615384,0.44607843137254904,1.1978021978021978,0.3170731707317073,0.20098039215686275,0.9512195121951219,0.36,0.12254901960784313,0.76,0.5,0.00980392156862745,1.0,0.1111111111111111,0.04411764705882353,0.2222222222222222,,0.0,,0.75,0.0196078431372549,1.5,0.5301204819277109,0.4068627450980392,1.0602409638554218,1.0,0.00980392156862745,2.0,0.5,0.00980392156862745,1.0,0.30434782608695654,0.11274509803921569,0.8695652173913043,1.0,0.004901960784313725,2.0,0.0,0.004901960784313725,0.0,0.4,0.024509803921568627,1.0,,0.0,,45,30,0.6666666666666666,0.22058823529411764,65,24,0.36923076923076925,0.31862745098039214,18,9,0.5,0.08823529411764706,70,21,0.3,0.3431372549019608,11,6,5,18,0.5454545454545454,0.05392156862745098,1.6363636363636365,7,2,5,6,0.2857142857142857,0.03431372549019608,0.8571428571428571,9,2,7,6,0.2222222222222222,0.04411764705882353,0.6666666666666666,20,7,13,21,0.35,0.09803921568627451,1.05,23,4,19,12,0.17391304347826086,0.11274509803921569,0.5217391304347826,1175
8,Liga ACB,51,2025-2026,59185,Gerard Fernandez,1330,BAXI Manresa,12,27,18,9,8,5,3,3,0,22,6,2,18.41367487207057,18,17,1,5,5,0,15,9,1,8,3,0,3,6,19,12,7,6,4,2,16,8,6,2,2,1,1,5,4,2,2,4,1,1,0,2,4,0,4,0,8,3,5,9,10,2,8,6,0,0,0,0,0,0,0,0,0,0,0,0,7,4,3,11,2,0,2,0,1,0,1,0,7,2,5,5,10,2,8,5,11,1,10,3,4,0,4,0,0,0,0,0,1,0,1,0,0,0,0,0,0,0,0,0,5,3,2,6,0,0,0,0,0,0,0,0,6,4,2,12,0,0,0,0,0,0,0,0,0,0,0,0,0,0,0,0,7,1,3,1,2,0,7,1,0,0,0.2962962962962963,0.3333333333333333,0.2777777777777778,0.14285714285714285,0.3888888888888889,0.0,0.7313829787234043,0.6666666666666666,0.2777777777777778,0.0,0.29411764705882354,0.4166666666666667,0.8281573498964803,0.6666666666666666,0.3333333333333333,0.375,0.0,0.3333333333333333,0.6072874493927125,0.3333333333333333,0.3157894736842105,0.2857142857142857,0.3333333333333333,0.42105263157894735,0.7699275362318841,0.7037037037037037,0.25,0.5,0.16666666666666666,0.3125,0.625,0.2962962962962963,0.5714285714285714,0.25925925925925924,1.5714285714285714,0.0,0.07407407407407407,0.0,0.0,0.037037037037037035,0.0,0.2857142857142857,0.25925925925925924,0.7142857142857143,0.2,0.37037037037037035,0.5,0.09090909090909091,0.4074074074074074,0.2727272727272727,0.0,0.14814814814814814,0.0,,0.0,,0.0,0.037037037037037035,0.0,,0.0,,,0.0,,0.6,0.18518518518518517,1.2,,0.0,,,0.0,,0.6666666666666666,0.2222222222222222,2.0,,0.0,,,0.0,,,0.0,,,0.0,,4,2,0.5,0.14814814814814814,1,1,1.0,0.037037037037037035,4,0,0.0,0.14814814814814814,18,5,0.2777777777777778,0.6666666666666666,5,3,2,9,0.6,0.18518518518518517,1.8,3,0,3,0,0.0,0.1111111111111111,0.0,0,0,0,0,,0.0,,3,1,2,3,0.3333333333333333,0.1111111111111111,1.0,7,1,6,3,0.14285714285714285,0.25925925925925924,0.42857142857142855,178
8,Liga ACB,51,2025-2026,59186,Max Gaspa,1330,BAXI Manresa,11,21,7,14,12,2,10,2,0,32,9,0,11.044715259742421,13,7,6,6,2,4,14,7,0,7,5,0,5,10,12,1,11,8,0,8,16,8,5,3,4,2,2,10,6,4,2,8,7,6,1,12,1,0,1,0,1,0,1,0,5,2,3,6,0,0,0,0,0,0,0,0,1,0,1,0,8,6,2,12,0,0,0,0,2,0,2,0,6,4,2,10,4,2,2,4,4,2,2,6,1,1,0,2,0,0,0,0,3,3,0,6,0,0,0,0,1,1,0,2,9,5,4,10,0,0,0,0,0,0,0,0,2,0,2,0,0,0,0,0,0,0,0,0,0,0,0,0,0,0,0,0,8,6,2,1,2,2,2,2,2,1,0.5714285714285714,0.7142857142857143,0.2857142857142857,0.75,0.6190476190476191,0.0,1.3050570962479608,0.3333333333333333,0.46153846153846156,0.6666666666666666,0.2857142857142857,0.5384615384615384,1.0806916426512967,0.65,0.7142857142857143,0.7142857142857143,,0.7142857142857143,1.5228426395939088,0.35,0.6666666666666666,0.7272727272727273,0.0,0.6666666666666666,1.3975155279503104,0.6,0.5,0.6666666666666666,0.4,0.625,1.2387387387387385,0.4,0.75,0.38095238095238093,1.5,,0.0,,0.0,0.09523809523809523,0.0,0.6666666666666666,0.2857142857142857,1.6666666666666667,0.5,0.19047619047619047,1.0,0.5,0.19047619047619047,1.5,1.0,0.047619047619047616,2.0,,0.0,,1.0,0.14285714285714285,2.0,,0.0,,1.0,0.047619047619047616,2.0,0.5555555555555556,0.42857142857142855,1.1111111111111112,,0.0,,,0.0,,0.0,0.09523809523809523,0.0,,0.0,,,0.0,,,0.0,,,0.0,,6,4,0.6666666666666666,0.2857142857142857,7,6,0.8571428571428571,0.3333333333333333,1,0,0.0,0.047619047619047616,6,2,0.3333333333333333,0.2857142857142857,1,0,1,0,0.0,0.047619047619047616,0.0,0,0,0,0,,0.0,,2,1,1,3,0.5,0.09523809523809523,1.5,1,0,1,0,0.0,0.047619047619047616,0.0,2,1,1,3,0.5,0.09523809523809523,1.5,205
8,Liga ACB,51,2025-2026,59187,Jose Ignacio Vildoza,1315,Basquet Girona,31,183,126,57,56,34,22,7,2,179,18,6,19.894009964857688,42,41,1,10,9,1,29,135,82,53,43,24,19,110,127,86,41,34,22,12,90,49,34,15,21,12,9,54,8,3,5,6,34,14,20,28,14,4,10,8,11,4,7,12,109,30,79,90,0,0,0,0,0,0,0,0,7,1,6,2,62,13,49,37,6,0,6,0,13,3,10,8,36,18,18,46,59,21,38,53,29,8,21,24,87,27,60,77,0,0,0,0,14,7,7,14,0,0,0,0,3,2,1,4,23,8,15,16,0,0,0,0,0,0,0,0,9,1,8,3,1,0,1,0,2,0,2,0,8,2,6,6,0,0,0,0,37,33,0,0,13,12,10,9,3,3,0.30601092896174864,0.38596491228070173,0.2698412698412698,0.8918918918918919,0.3989071038251366,0.2857142857142857,0.8982336411079888,0.6885245901639344,0.23809523809523808,1.0,0.21951219512195122,0.34523809523809523,0.6904761904761905,0.23728813559322035,0.31851851851851853,0.3584905660377358,0.2926829268292683,0.4074074074074074,0.8669698692438885,0.7627118644067796,0.2677165354330709,0.2926829268292683,0.2558139534883721,0.3543307086614173,0.7534246575342466,0.7215909090909091,0.42857142857142855,0.6,0.35294117647058826,0.5510204081632653,1.1327503974562798,0.2784090909090909,0.20967741935483872,0.33879781420765026,0.5967741935483871,0.0,0.03278688524590164,0.0,0.23076923076923078,0.07103825136612021,0.6153846153846154,0.5,0.19672131147540983,1.2777777777777777,0.3559322033898305,0.3224043715846995,0.8983050847457628,0.27586206896551724,0.15846994535519127,0.8275862068965517,0.3103448275862069,0.47540983606557374,0.8850574712643678,,0.0,,0.5,0.07650273224043716,1.0,,0.0,,0.6666666666666666,0.01639344262295082,1.3333333333333333,0.34782608695652173,0.12568306010928962,0.6956521739130435,,0.0,,,0.0,,0.1111111111111111,0.04918032786885246,0.3333333333333333,0.0,0.00546448087431694,0.0,0.0,0.01092896174863388,0.0,0.25,0.04371584699453552,0.75,,0.0,,8,3,0.375,0.04371584699453552,34,14,0.4117647058823529,0.18579234972677597,14,4,0.2857142857142857,0.07650273224043716,120,34,0.2833333333333333,0.6557377049180327,4,2,2,6,0.5,0.02185792349726776,1.5,7,2,5,6,0.2857142857142857,0.03825136612021858,0.8571428571428571,50,12,38,36,0.24,0.273224043715847,0.72,22,5,17,15,0.22727272727272727,0.12021857923497267,0.6818181818181818,37,13,24,39,0.35135135135135137,0.20218579234972678,1.054054054054054,880
8,Liga ACB,51,2025-2026,59188,Sergi Martinez Costa,1315,Basquet Girona,31,165,64,101,76,19,57,24,3,210,45,8,12.040760050698777,95,60,35,35,19,16,89,61,3,58,35,0,35,70,107,39,68,47,14,33,108,56,24,32,28,5,23,61,61,35,26,70,35,19,16,38,4,2,2,4,16,5,11,15,47,14,33,42,0,0,0,0,0,0,0,0,2,1,1,2,47,28,19,70,8,0,8,0,10,3,7,6,46,25,21,55,52,19,33,38,45,14,31,42,9,3,6,6,7,6,1,12,1,0,1,0,0,0,0,0,6,1,5,2,72,39,33,78,0,0,0,0,1,1,0,2,15,5,10,15,3,2,1,4,0,0,0,0,1,1,0,2,3,3,0,6,56,39,23,16,21,15,39,28,5,3,0.46060606060606063,0.5643564356435643,0.296875,0.6964285714285714,0.5181818181818182,0.125,1.1073613161780216,0.3878787878787879,0.3684210526315789,0.45714285714285713,0.31666666666666665,0.46842105263157896,0.9988584474885844,0.6089743589743589,0.5737704918032787,0.603448275862069,0.0,0.5737704918032787,1.210136674259681,0.391025641025641,0.4392523364485981,0.4852941176470588,0.358974358974359,0.5046728971962616,1.0953608247422681,0.656441717791411,0.5,0.71875,0.20833333333333334,0.5446428571428571,1.099656357388316,0.34355828220858897,0.5957446808510638,0.28484848484848485,1.4893617021276595,0.0,0.048484848484848485,0.0,0.3,0.06060606060606061,0.6,0.5434782608695652,0.2787878787878788,1.1956521739130435,0.36538461538461536,0.3151515151515151,0.7307692307692307,0.3111111111111111,0.2727272727272727,0.9333333333333333,0.3333333333333333,0.05454545454545454,0.6666666666666666,0.8571428571428571,0.04242424242424243,1.7142857142857142,0.0,0.006060606060606061,0.0,,0.0,,0.16666666666666666,0.03636363636363636,0.3333333333333333,0.5416666666666666,0.43636363636363634,1.0833333333333333,,0.0,,1.0,0.006060606060606061,2.0,0.3333333333333333,0.09090909090909091,1.0,0.6666666666666666,0.01818181818181818,1.3333333333333333,,0.0,,1.0,0.006060606060606061,2.0,1.0,0.01818181818181818,2.0,61,35,0.5737704918032787,0.3696969696969697,35,19,0.5428571428571428,0.21212121212121213,4,2,0.5,0.024242424242424242,63,19,0.30158730158730157,0.38181818181818183,10,4,6,12,0.4,0.06060606060606061,1.2,6,1,5,3,0.16666666666666666,0.03636363636363636,0.5,1,0,1,0,0.0,0.006060606060606061,0.0,32,11,21,33,0.34375,0.19393939393939394,1.03125,14,3,11,9,0.21428571428571427,0.08484848484848485,0.6428571428571429,1455
8,Liga ACB,51,2025-2026,59189,Josep Busquets,1315,Basquet Girona,34,267,134,133,116,43,73,35,8,321,81,20,15.370631830177487,142,100,42,67,39,28,173,108,30,78,44,4,40,92,191,102,89,72,32,40,176,70,27,43,42,10,32,94,56,31,25,62,57,34,23,68,19,7,12,14,25,7,18,21,101,35,66,105,3,0,3,0,0,0,0,0,6,2,4,5,79,33,46,84,20,0,20,0,20,12,8,29,50,30,20,65,92,39,53,92,66,26,40,78,42,10,32,22,7,6,1,12,5,3,2,6,2,0,2,0,0,0,0,0,89,50,39,100,0,0,0,0,2,2,0,4,36,14,22,41,1,0,1,0,3,1,2,2,4,1,3,3,4,1,3,2,80,46,13,8,51,27,55,29,5,4,0.4344569288389513,0.5488721804511278,0.3208955223880597,0.575,0.5149812734082397,0.22857142857142856,1.0622104566512245,0.50187265917603,0.47183098591549294,0.6666666666666666,0.39,0.6091549295774648,1.2252910912537234,0.568,0.4074074074074074,0.5128205128205128,0.13333333333333333,0.42592592592592593,0.9122968414596749,0.432,0.3769633507853403,0.449438202247191,0.3137254901960784,0.4607329842931937,0.9526022304832714,0.7318007662835249,0.6,0.7441860465116279,0.37037037037037035,0.6714285714285714,1.3573407202216066,0.2681992337164751,0.4177215189873418,0.2958801498127341,1.0632911392405062,0.0,0.0749063670411985,0.0,0.6,0.0749063670411985,1.45,0.6,0.18726591760299627,1.3,0.42391304347826086,0.3445692883895131,1.0,0.3939393939393939,0.24719101123595505,1.1818181818181819,0.23809523809523808,0.15730337078651685,0.5238095238095238,0.8571428571428571,0.026217228464419477,1.7142857142857142,0.6,0.018726591760299626,1.2,0.0,0.00749063670411985,0.0,,0.0,,0.5617977528089888,0.3333333333333333,1.1235955056179776,,0.0,,1.0,0.00749063670411985,2.0,0.3888888888888889,0.1348314606741573,1.1388888888888888,0.0,0.003745318352059925,0.0,0.3333333333333333,0.011235955056179775,0.6666666666666666,0.25,0.0149812734082397,0.75,0.25,0.0149812734082397,0.5,56,31,0.5535714285714286,0.20973782771535582,57,34,0.5964912280701754,0.21348314606741572,19,7,0.3684210526315789,0.07116104868913857,126,42,0.3333333333333333,0.47191011235955055,12,4,8,12,0.3333333333333333,0.0449438202247191,1.0,13,3,10,9,0.23076923076923078,0.04868913857677903,0.6923076923076923,14,3,11,9,0.21428571428571427,0.052434456928838954,0.6428571428571429,47,20,27,60,0.425531914893617,0.1760299625468165,1.2765957446808511,40,12,28,36,0.3,0.149812734082397,0.9,1499
8,Liga ACB,51,2025-2026,59190,Mindaugas Susinskas,1315,Basquet Girona,33,161,102,59,66,34,32,5,1,183,46,7,18.67792881570378,107,85,22,41,28,13,110,47,14,33,22,6,16,50,118,78,40,45,27,18,117,40,21,19,20,6,14,46,18,13,5,26,14,6,8,12,27,13,14,26,36,13,23,39,63,20,43,60,0,0,0,0,0,0,0,0,3,1,2,3,64,27,37,72,7,0,7,0,11,4,7,10,29,16,13,36,47,18,29,45,59,23,36,66,25,9,16,23,5,5,0,10,9,6,3,12,0,0,0,0,1,1,0,2,18,10,8,20,0,0,0,0,0,0,0,0,36,9,27,26,3,2,1,4,2,0,2,0,0,0,0,0,0,0,0,0,19,17,2,1,7,7,9,8,0,0,0.40993788819875776,0.5423728813559322,0.3333333333333333,0.8947368421052632,0.515527950310559,0.2,1.0805384978743504,0.6335403726708074,0.38317757009345793,0.5909090909090909,0.32941176470588235,0.514018691588785,1.028921023359288,0.6948051948051948,0.46808510638297873,0.48484848484848486,0.42857142857142855,0.5319148936170213,1.1381789137380192,0.3051948051948052,0.3813559322033898,0.45,0.34615384615384615,0.4957627118644068,1.0249262053132175,0.7468354430379747,0.5,0.7368421052631579,0.2857142857142857,0.575,1.15,0.25316455696202533,0.421875,0.39751552795031053,1.125,0.0,0.043478260869565216,0.0,0.36363636363636365,0.06832298136645963,0.9090909090909091,0.5517241379310345,0.18012422360248448,1.2413793103448276,0.3829787234042553,0.2919254658385093,0.9574468085106383,0.3898305084745763,0.36645962732919257,1.11864406779661,0.36,0.15527950310559005,0.92,1.0,0.031055900621118012,2.0,0.6666666666666666,0.055900621118012424,1.3333333333333333,,0.0,,1.0,0.006211180124223602,2.0,0.5555555555555556,0.11180124223602485,1.1111111111111112,,0.0,,,0.0,,0.25,0.2236024844720497,0.7222222222222222,0.6666666666666666,0.018633540372670808,1.3333333333333333,0.0,0.012422360248447204,0.0,,0.0,,,0.0,,18,13,0.7222222222222222,0.11180124223602485,14,6,0.42857142857142855,0.08695652173913043,27,13,0.48148148148148145,0.16770186335403728,99,33,0.3333333333333333,0.6149068322981367,18,4,14,12,0.2222222222222222,0.11180124223602485,0.6666666666666666,18,9,9,27,0.5,0.11180124223602485,1.5,14,4,10,12,0.2857142857142857,0.08695652173913043,0.8571428571428571,26,10,16,30,0.38461538461538464,0.16149068322981366,1.1538461538461537,23,6,17,18,0.2608695652173913,0.14285714285714285,0.782608695652174,1107
8,Liga ACB,51,2025-2026,59191,Guillem Ferrando Porro,1315,Basquet Girona,24,44,35,9,12,8,4,2,0,43,6,1,21.787520321057183,27,27,0,6,6,0,18,17,8,9,6,2,4,14,33,27,6,11,8,3,30,10,7,3,1,0,1,2,0,0,0,0,6,3,3,6,3,1,2,2,4,1,3,3,29,7,22,21,0,0,0,0,1,0,1,0,1,0,1,0,20,7,13,20,1,0,1,0,3,0,3,0,7,1,6,2,12,4,8,10,18,3,15,9,11,3,8,8,0,0,0,0,2,1,1,2,0,0,0,0,0,0,0,0,4,2,2,4,0,0,0,0,0,0,0,0,8,3,5,9,0,0,0,0,0,0,0,0,0,0,0,0,0,0,0,0,14,11,2,1,1,0,1,0,2,1,0.2727272727272727,0.4444444444444444,0.22857142857142856,0.7857142857142857,0.36363636363636365,0.0,0.8572567783094099,0.7954545454545454,0.2222222222222222,,0.2222222222222222,0.3333333333333333,0.6814921090387375,0.6136363636363636,0.35294117647058826,0.4444444444444444,0.25,0.4117647058823529,0.8027522935779816,0.38636363636363635,0.3333333333333333,0.5,0.2962962962962963,0.45454545454545453,0.8971291866028709,0.7674418604651163,0.1,0.3333333333333333,0.0,0.1,0.275735294117647,0.23255813953488372,0.35,0.45454545454545453,1.0,0.0,0.022727272727272728,0.0,0.0,0.06818181818181818,0.0,0.14285714285714285,0.1590909090909091,0.2857142857142857,0.3333333333333333,0.2727272727272727,0.8333333333333334,0.16666666666666666,0.4090909090909091,0.5,0.2727272727272727,0.25,0.7272727272727273,,0.0,,0.5,0.045454545454545456,1.0,,0.0,,,0.0,,0.5,0.09090909090909091,1.0,,0.0,,,0.0,,0.375,0.18181818181818182,1.125,,0.0,,,0.0,,,0.0,,,0.0,,0,0,,0.0,6,3,0.5,0.13636363636363635,3,1,0.3333333333333333,0.06818181818181818,33,8,0.24242424242424243,0.75,2,0,2,0,0.0,0.045454545454545456,0.0,2,1,1,3,0.5,0.045454545454545456,1.5,11,2,9,6,0.18181818181818182,0.25,0.5454545454545454,10,3,7,9,0.3,0.22727272727272727,0.9,8,2,6,6,0.25,0.18181818181818182,0.75,352
8,Liga ACB,51,2025-2026,59192,Juan Fernandez,1315,Basquet Girona,20,112,33,79,54,4,50,29,8,153,38,3,10.678169357184403,71,31,40,31,4,27,66,33,0,33,20,0,20,40,65,20,45,27,2,25,56,45,11,34,27,2,25,56,43,34,9,68,31,15,16,30,5,1,4,2,10,2,8,6,19,2,17,6,1,0,1,0,1,0,1,0,2,0,2,0,22,8,14,16,3,0,3,0,12,9,3,20,33,18,15,36,40,19,21,40,29,4,25,11,4,2,2,4,7,6,1,12,1,1,0,2,1,0,1,0,4,1,3,2,48,33,15,66,0,0,0,0,6,5,1,10,5,1,4,3,2,0,2,0,0,0,0,0,0,0,0,0,3,1,2,2,58,41,23,16,23,16,36,27,11,6,0.48214285714285715,0.6329113924050633,0.12121212121212122,0.7068965517241379,0.5,0.27586206896551724,1.112565445026178,0.29464285714285715,0.43661971830985913,0.675,0.12903225806451613,0.4647887323943662,1.0108481262327416,0.6826923076923077,0.6060606060606061,0.6060606060606061,,0.6060606060606061,1.2987012987012987,0.3173076923076923,0.4153846153846154,0.5555555555555556,0.1,0.4307692307692308,1.0267194458189015,0.5909090909090909,0.6,0.7352941176470589,0.18181818181818182,0.6222222222222222,1.2439807383627608,0.4090909090909091,0.36363636363636365,0.19642857142857142,0.7272727272727273,0.0,0.026785714285714284,0.0,0.75,0.10714285714285714,1.6666666666666667,0.5454545454545454,0.29464285714285715,1.0909090909090908,0.475,0.35714285714285715,1.0,0.13793103448275862,0.25892857142857145,0.3793103448275862,0.5,0.03571428571428571,1.0,0.8571428571428571,0.0625,1.7142857142857142,1.0,0.008928571428571428,2.0,0.0,0.008928571428571428,0.0,0.25,0.03571428571428571,0.5,0.6875,0.42857142857142855,1.375,,0.0,,0.8333333333333334,0.05357142857142857,1.6666666666666667,0.2,0.044642857142857144,0.6,0.0,0.017857142857142856,0.0,,0.0,,,0.0,,0.3333333333333333,0.026785714285714284,0.6666666666666666,43,34,0.7906976744186046,0.38392857142857145,31,15,0.4838709677419355,0.2767857142857143,5,1,0.2,0.044642857142857144,29,4,0.13793103448275862,0.25892857142857145,4,1,3,3,0.25,0.03571428571428571,0.75,6,1,5,3,0.16666666666666666,0.05357142857142857,0.5,3,0,3,0,0.0,0.026785714285714284,0.0,8,2,6,6,0.25,0.07142857142857142,0.75,8,0,8,0,0.0,0.07142857142857142,0.0,745
8,Liga ACB,51,2025-2026,59193,Oriol Pauli,1323,ICG Forca Lleida,33,226,87,139,111,31,80,34,8,325,61,7,13.726407539448996,91,58,33,51,26,25,128,119,24,95,51,5,46,107,138,53,85,56,16,40,128,82,33,49,52,15,37,119,55,37,18,74,64,33,31,66,15,7,8,14,24,10,14,30,59,21,38,63,1,0,1,0,2,0,2,0,6,3,3,6,59,22,37,56,7,0,7,0,20,13,7,32,62,39,23,87,72,34,38,72,40,17,23,51,31,7,24,18,6,5,1,10,7,2,5,4,1,0,1,0,3,1,2,2,102,63,39,126,2,1,1,2,1,1,0,2,18,9,9,27,0,0,0,0,2,1,1,3,6,0,6,0,1,1,0,2,96,72,16,14,42,31,43,33,15,12,0.4911504424778761,0.5755395683453237,0.3563218390804598,0.75,0.5597345132743363,0.23529411764705882,1.211601550849985,0.38495575221238937,0.5604395604395604,0.7575757575757576,0.4482758620689655,0.7032967032967034,1.4483884128926967,0.43333333333333335,0.42857142857142855,0.4842105263157895,0.20833333333333334,0.4495798319327731,1.0037823683444866,0.5666666666666667,0.4057971014492754,0.47058823529411764,0.3018867924528302,0.463768115942029,1.026000509813918,0.6272727272727273,0.6341463414634146,0.7551020408163265,0.45454545454545453,0.725609756097561,1.4785553047404063,0.37272727272727274,0.3728813559322034,0.2610619469026549,0.9491525423728814,0.0,0.030973451327433628,0.0,0.65,0.08849557522123894,1.6,0.6290322580645161,0.2743362831858407,1.403225806451613,0.4722222222222222,0.3185840707964602,1.0,0.425,0.17699115044247787,1.275,0.22580645161290322,0.13716814159292035,0.5806451612903226,0.8333333333333334,0.02654867256637168,1.6666666666666667,0.2857142857142857,0.030973451327433628,0.5714285714285714,0.0,0.004424778761061947,0.0,0.3333333333333333,0.01327433628318584,0.6666666666666666,0.6176470588235294,0.45132743362831856,1.2352941176470589,0.5,0.008849557522123894,1.0,1.0,0.004424778761061947,2.0,0.5,0.07964601769911504,1.5,,0.0,,0.5,0.008849557522123894,1.5,0.0,0.02654867256637168,0.0,1.0,0.004424778761061947,2.0,55,37,0.6727272727272727,0.24336283185840707,64,33,0.515625,0.2831858407079646,15,7,0.4666666666666667,0.06637168141592921,83,31,0.37349397590361444,0.3672566371681416,8,5,3,15,0.625,0.035398230088495575,1.875,16,5,11,15,0.3125,0.07079646017699115,0.9375,17,6,11,18,0.35294117647058826,0.0752212389380531,1.0588235294117647,22,8,14,24,0.36363636363636365,0.09734513274336283,1.0909090909090908,20,7,13,21,0.35,0.08849557522123894,1.05,1457
8,Liga ACB,51,2025-2026,59194,Melvin Ejim,1323,ICG Forca Lleida,32,282,82,200,134,31,103,36,8,382,74,18,10.928311242312086,128,74,54,61,26,35,148,141,7,134,64,4,60,132,197,43,154,85,16,69,186,80,35,45,46,13,33,105,90,49,41,98,83,41,42,82,26,12,14,24,16,5,11,15,62,24,38,72,0,0,0,0,0,0,0,0,5,3,2,8,78,40,38,91,18,0,18,0,13,5,8,11,67,41,26,94,101,45,56,95,58,20,38,58,18,8,10,19,6,6,0,12,6,1,5,2,0,0,0,0,27,15,12,30,125,63,62,126,0,0,0,0,2,2,0,4,18,8,10,23,11,5,6,10,2,1,1,3,2,1,1,2,2,1,1,2,98,83,10,7,43,36,50,39,10,10,0.475177304964539,0.515,0.3780487804878049,0.8469387755102041,0.5301418439716312,0.2222222222222222,1.1749507874015748,0.2907801418439716,0.4765625,0.6481481481481481,0.35135135135135137,0.578125,1.1706948640483383,0.4758364312267658,0.45390070921985815,0.44776119402985076,0.5714285714285714,0.46808510638297873,1.0505252626313157,0.5241635687732342,0.43147208121827413,0.44805194805194803,0.37209302325581395,0.4720812182741117,1.0273972602739727,0.7111913357400722,0.575,0.7333333333333333,0.37142857142857144,0.65625,1.362559241706161,0.2888086642599278,0.5128205128205128,0.2765957446808511,1.1666666666666667,0.0,0.06382978723404255,0.0,0.38461538461538464,0.04609929078014184,0.8461538461538461,0.6119402985074627,0.2375886524822695,1.4029850746268657,0.44554455445544555,0.35815602836879434,0.9405940594059405,0.3448275862068966,0.20567375886524822,1.0,0.4444444444444444,0.06382978723404255,1.0555555555555556,1.0,0.02127659574468085,2.0,0.16666666666666666,0.02127659574468085,0.3333333333333333,,0.0,,0.5555555555555556,0.09574468085106383,1.1111111111111112,0.504,0.4432624113475177,1.008,,0.0,,1.0,0.0070921985815602835,2.0,0.4444444444444444,0.06382978723404255,1.2777777777777777,0.45454545454545453,0.03900709219858156,0.9090909090909091,0.5,0.0070921985815602835,1.5,0.5,0.0070921985815602835,1.0,0.5,0.0070921985815602835,1.0,90,49,0.5444444444444444,0.3191489361702128,83,41,0.4939759036144578,0.29432624113475175,26,12,0.46153846153846156,0.09219858156028368,78,29,0.3717948717948718,0.2765957446808511,10,2,8,6,0.2,0.03546099290780142,0.6,6,3,3,9,0.5,0.02127659574468085,1.5,16,6,10,18,0.375,0.05673758865248227,1.125,17,5,12,15,0.29411764705882354,0.06028368794326241,0.8823529411764706,29,13,16,39,0.4482758620689655,0.10283687943262411,1.3448275862068966,1562
8,Liga ACB,51,2025-2026,59195,John Shurna,1323,ICG Forca Lleida,28,136,92,44,58,35,23,8,3,168,44,1,19.18400997363135,86,75,11,40,31,9,111,40,13,27,13,2,11,28,76,45,31,33,18,15,84,51,41,10,24,17,7,65,17,12,5,24,8,5,3,10,16,5,11,10,30,14,16,42,55,21,34,63,1,0,1,0,0,0,0,0,9,1,8,2,42,19,23,52,1,0,1,0,12,5,7,14,39,19,20,51,33,14,19,32,50,25,25,75,18,6,12,14,1,1,0,2,1,1,0,2,1,0,1,0,2,2,0,4,16,12,4,24,0,0,0,0,0,0,0,0,24,6,18,18,4,0,4,0,3,0,3,0,4,3,1,8,3,1,2,2,23,17,8,6,5,3,11,8,2,1,0.4264705882352941,0.5227272727272727,0.3804347826086957,0.7391304347826086,0.5551470588235294,0.375,1.149739939775527,0.6764705882352942,0.46511627906976744,0.8181818181818182,0.41333333333333333,0.6453488372093024,1.306970509383378,0.6825396825396826,0.325,0.4074074074074074,0.15384615384615385,0.35,0.7345971563981042,0.31746031746031744,0.4342105263157895,0.4838709677419355,0.4,0.5526315789473685,1.1380504700643246,0.5984251968503937,0.47058823529411764,0.7,0.4146341463414634,0.6372549019607843,1.272166538164996,0.4015748031496063,0.4523809523809524,0.3088235294117647,1.2380952380952381,0.0,0.007352941176470588,0.0,0.4166666666666667,0.08823529411764706,1.1666666666666667,0.48717948717948717,0.2867647058823529,1.3076923076923077,0.42424242424242425,0.2426470588235294,0.9696969696969697,0.5,0.36764705882352944,1.5,0.3333333333333333,0.1323529411764706,0.7777777777777778,1.0,0.007352941176470588,2.0,1.0,0.007352941176470588,2.0,0.0,0.007352941176470588,0.0,1.0,0.014705882352941176,2.0,0.75,0.11764705882352941,1.5,,0.0,,,0.0,,0.25,0.17647058823529413,0.75,0.0,0.029411764705882353,0.0,0.0,0.022058823529411766,0.0,0.75,0.029411764705882353,2.0,0.3333333333333333,0.022058823529411766,0.6666666666666666,17,12,0.7058823529411765,0.125,8,5,0.625,0.058823529411764705,16,5,0.3125,0.11764705882352941,85,35,0.4117647058823529,0.625,16,5,11,15,0.3125,0.11764705882352941,0.9375,14,9,5,27,0.6428571428571429,0.10294117647058823,1.9285714285714286,9,6,3,18,0.6666666666666666,0.0661764705882353,2.0,22,7,15,21,0.3181818181818182,0.16176470588235295,0.9545454545454546,24,8,16,24,0.3333333333333333,0.17647058823529413,1.0,980
8,Liga ACB,51,2025-2026,59196,Atouman Diagne,1323,ICG Forca Lleida,32,110,0,110,79,0,79,24,5,193,54,5,3.4705065325001057,69,0,69,53,0,53,106,22,0,22,15,0,15,30,69,0,69,43,0,43,86,38,0,38,33,0,33,66,79,60,19,120,25,15,10,30,3,1,2,2,0,0,0,0,0,0,0,0,0,0,0,0,0,0,0,0,3,3,0,6,29,20,9,40,5,0,5,0,8,6,2,12,30,27,3,54,35,23,12,46,0,0,0,0,1,1,0,2,15,13,2,26,0,0,0,0,0,0,0,0,7,0,7,0,44,35,9,70,0,0,0,0,19,15,4,30,2,0,2,0,0,0,0,0,0,0,0,0,0,0,0,0,19,12,7,24,55,35,23,12,9,5,36,21,5,4,0.7181818181818181,0.7181818181818181,,0.6363636363636364,0.7181818181818181,0.20833333333333334,1.4381520119225037,0.0,0.7681159420289855,0.7681159420289855,,0.7681159420289855,1.4914054600606672,0.7582417582417582,0.6818181818181818,0.6818181818181818,,0.6818181818181818,1.3482280431432974,0.24175824175824176,0.6231884057971014,0.6231884057971014,,0.6231884057971014,1.2611975483262612,0.6448598130841121,0.868421052631579,0.868421052631579,,0.868421052631579,1.7412935323383083,0.35514018691588783,0.6896551724137931,0.2636363636363636,1.3793103448275863,0.0,0.045454545454545456,0.0,0.75,0.07272727272727272,1.5,0.9,0.2727272727272727,1.8,0.6571428571428571,0.3181818181818182,1.3142857142857143,,0.0,,1.0,0.00909090909090909,2.0,0.8666666666666667,0.13636363636363635,1.7333333333333334,,0.0,,,0.0,,0.0,0.06363636363636363,0.0,0.7954545454545454,0.4,1.5909090909090908,,0.0,,0.7894736842105263,0.17272727272727273,1.5789473684210527,0.0,0.01818181818181818,0.0,,0.0,,,0.0,,,0.0,,0.631578947368421,0.17272727272727273,1.263157894736842,79,60,0.759493670886076,0.7181818181818181,25,15,0.6,0.22727272727272727,3,1,0.3333333333333333,0.02727272727272727,0,0,,0.0,0,0,0,0,,0.0,,0,0,0,0,,0.0,,0,0,0,0,,0.0,,0,0,0,0,,0.0,,0,0,0,0,,0.0,,823
8,Liga ACB,51,2025-2026,59197,Caleb Agada,1323,ICG Forca Lleida,33,271,87,184,96,23,73,26,9,256,22,11,12.967476081937424,35,29,6,12,9,3,33,212,54,158,76,12,64,164,195,59,136,62,16,46,140,61,26,35,25,6,19,56,64,30,34,60,71,21,50,42,36,14,22,28,6,2,4,6,77,20,57,60,1,0,1,0,1,0,1,0,15,9,6,19,65,24,41,57,10,0,10,0,17,7,10,15,44,18,26,41,120,38,82,83,23,7,16,21,74,18,56,47,1,0,1,0,28,8,20,16,1,0,1,0,2,1,1,2,100,43,57,86,0,0,0,0,0,0,0,0,6,2,4,6,0,0,0,0,1,0,1,0,16,7,9,16,4,1,3,2,63,41,4,1,35,23,32,19,8,5,0.35424354243542433,0.3967391304347826,0.26436781609195403,0.6507936507936508,0.3966789667896679,0.34615384615384615,0.8569898232458488,0.3210332103321033,0.34285714285714286,0.5,0.3103448275862069,0.4714285714285714,0.924918389553863,0.1417004048582996,0.3584905660377358,0.4050632911392405,0.2222222222222222,0.3867924528301887,0.822339489885664,0.8582995951417004,0.31794871794871793,0.3382352941176471,0.2711864406779661,0.358974358974359,0.7604744595370193,0.76171875,0.4098360655737705,0.5428571428571428,0.23076923076923078,0.45901639344262296,0.9454432734035958,0.23828125,0.36923076923076925,0.23985239852398524,0.8769230769230769,0.0,0.03690036900369004,0.0,0.4117647058823529,0.06273062730627306,0.8823529411764706,0.4090909090909091,0.16236162361623616,0.9318181818181818,0.31666666666666665,0.44280442804428044,0.6916666666666667,0.30434782608695654,0.08487084870848709,0.9130434782608695,0.24324324324324326,0.2730627306273063,0.6351351351351351,0.0,0.0036900369003690036,0.0,0.2857142857142857,0.1033210332103321,0.5714285714285714,0.0,0.0036900369003690036,0.0,0.5,0.007380073800738007,1.0,0.43,0.36900369003690037,0.86,,0.0,,,0.0,,0.3333333333333333,0.02214022140221402,1.0,,0.0,,0.0,0.0036900369003690036,0.0,0.4375,0.05904059040590406,1.0,0.25,0.014760147601476014,0.5,64,30,0.46875,0.23616236162361623,71,21,0.29577464788732394,0.26199261992619927,36,14,0.3888888888888889,0.13284132841328414,83,22,0.26506024096385544,0.3062730627306273,6,2,4,6,0.3333333333333333,0.02214022140221402,1.0,0,0,0,0,,0.0,,31,10,21,30,0.3225806451612903,0.11439114391143912,0.967741935483871,20,5,15,15,0.25,0.07380073800738007,0.75,26,5,21,15,0.19230769230769232,0.0959409594095941,0.5769230769230769,1069
8,Liga ACB,51,2025-2026,59198,Mikel Sanz,1323,ICG Forca Lleida,32,121,60,61,63,20,43,10,4,158,49,2,13.916796795583686,79,53,26,39,17,22,95,29,1,28,20,1,19,41,81,42,39,38,14,24,90,35,14,21,23,4,19,50,39,32,7,64,13,7,6,14,8,4,4,8,19,4,15,12,37,14,23,42,0,0,0,0,0,0,0,0,5,2,3,6,35,16,19,41,2,0,2,0,7,5,2,11,28,18,10,39,44,22,22,49,47,17,30,50,9,4,5,9,3,3,0,6,0,0,0,0,0,0,0,0,2,1,1,2,43,33,10,66,0,0,0,0,1,1,0,2,8,1,7,3,0,0,0,0,0,0,0,0,0,0,0,0,3,1,2,2,24,12,11,5,2,2,16,8,0,0,0.5206611570247934,0.7049180327868853,0.3333333333333333,0.5,0.6033057851239669,0.4,1.2009729401033749,0.49586776859504134,0.4936708860759494,0.8461538461538461,0.32075471698113206,0.6012658227848101,1.1927480916030533,0.7314814814814815,0.6896551724137931,0.6785714285714286,1.0,0.7068965517241379,1.4390896921017404,0.26851851851851855,0.4691358024691358,0.6153846153846154,0.3333333333333333,0.5555555555555556,1.113130395274875,0.6982758620689655,0.6571428571428571,0.9047619047619048,0.2857142857142857,0.7142857142857143,1.4285714285714286,0.3017241379310345,0.45714285714285713,0.2892561983471074,1.1714285714285715,0.0,0.01652892561983471,0.0,0.7142857142857143,0.05785123966942149,1.5714285714285714,0.6428571428571429,0.23140495867768596,1.3928571428571428,0.5,0.36363636363636365,1.1136363636363635,0.3617021276595745,0.3884297520661157,1.0638297872340425,0.4444444444444444,0.0743801652892562,1.0,1.0,0.024793388429752067,2.0,,0.0,,,0.0,,0.5,0.01652892561983471,1.0,0.7674418604651163,0.35537190082644626,1.5348837209302326,,0.0,,1.0,0.008264462809917356,2.0,0.125,0.06611570247933884,0.375,,0.0,,,0.0,,,0.0,,0.3333333333333333,0.024793388429752067,0.6666666666666666,39,32,0.8205128205128205,0.32231404958677684,13,7,0.5384615384615384,0.10743801652892562,8,4,0.5,0.06611570247933884,56,18,0.32142857142857145,0.4628099173553719,12,1,11,3,0.08333333333333333,0.09917355371900827,0.25,7,3,4,9,0.42857142857142855,0.05785123966942149,1.2857142857142858,7,2,5,6,0.2857142857142857,0.05785123966942149,0.8571428571428571,15,7,8,21,0.4666666666666667,0.12396694214876033,1.4,15,5,10,15,0.3333333333333333,0.12396694214876033,1.0,918
8,Liga ACB,51,2025-2026,59199,Millan Jimenez Garrido,1323,ICG Forca Lleida,27,123,67,56,54,21,33,8,1,144,38,5,16.593514406284616,64,50,14,25,15,10,65,44,12,32,20,6,14,46,73,39,34,28,13,15,69,38,21,17,20,7,13,47,17,10,7,20,21,11,10,22,13,7,6,14,21,7,14,21,38,13,25,39,1,0,1,0,0,0,0,0,12,6,6,13,38,16,22,40,5,0,5,0,13,8,5,17,25,12,13,30,30,12,18,29,29,9,20,27,14,5,9,14,3,2,1,4,5,2,3,4,1,0,1,0,1,0,1,0,30,18,12,36,1,1,0,2,0,0,0,0,20,7,13,20,0,0,0,0,2,0,2,0,2,2,0,5,3,2,1,4,24,15,5,3,11,8,12,9,4,2,0.43902439024390244,0.5892857142857143,0.31343283582089554,0.625,0.524390243902439,0.125,1.0781671159029649,0.5447154471544715,0.390625,0.7142857142857143,0.3,0.5078125,1.0271903323262839,0.5925925925925926,0.45454545454545453,0.4375,0.5,0.5227272727272727,1.1056511056511056,0.4074074074074074,0.3835616438356164,0.4411764705882353,0.3333333333333333,0.4726027397260274,0.9964230965763924,0.6576576576576577,0.5263157894736842,0.7647058823529411,0.3333333333333333,0.618421052631579,1.2323943661971832,0.34234234234234234,0.42105263157894735,0.3089430894308943,1.0526315789473684,0.0,0.04065040650406504,0.0,0.6153846153846154,0.10569105691056911,1.3076923076923077,0.48,0.2032520325203252,1.2,0.4,0.24390243902439024,0.9666666666666667,0.3103448275862069,0.23577235772357724,0.9310344827586207,0.35714285714285715,0.11382113821138211,1.0,0.6666666666666666,0.024390243902439025,1.3333333333333333,0.4,0.04065040650406504,0.8,0.0,0.008130081300813009,0.0,0.0,0.008130081300813009,0.0,0.6,0.24390243902439024,1.2,1.0,0.008130081300813009,2.0,,0.0,,0.35,0.16260162601626016,1.0,,0.0,,0.0,0.016260162601626018,0.0,1.0,0.016260162601626018,2.5,0.6666666666666666,0.024390243902439025,1.3333333333333333,17,10,0.5882352941176471,0.13821138211382114,21,11,0.5238095238095238,0.17073170731707318,13,7,0.5384615384615384,0.10569105691056911,59,20,0.3389830508474576,0.4796747967479675,13,6,7,18,0.46153846153846156,0.10569105691056911,1.3846153846153846,8,1,7,3,0.125,0.06504065040650407,0.375,6,2,4,6,0.3333333333333333,0.04878048780487805,1.0,14,7,7,21,0.5,0.11382113821138211,1.5,18,4,14,12,0.2222222222222222,0.14634146341463414,0.6666666666666666,745
8,Liga ACB,51,2025-2026,59200,Tyson Perez,1339,Malaga,20,112,35,77,56,14,42,18,0,158,37,7,11.528643603986955,61,32,29,29,13,16,71,40,2,38,22,1,21,45,61,19,42,21,8,13,50,50,15,35,34,5,29,73,41,24,17,48,21,10,11,20,15,8,7,16,13,6,7,18,21,7,14,21,0,0,0,0,0,0,0,0,1,1,0,3,24,7,17,16,7,0,7,0,16,8,8,16,34,26,8,57,30,14,16,34,31,11,20,32,6,4,2,8,8,8,0,16,2,0,2,0,0,0,0,0,2,1,1,2,37,20,17,40,0,0,0,0,4,2,2,4,8,6,2,14,2,0,2,0,6,1,5,3,0,0,0,0,5,2,3,4,46,32,9,6,22,16,32,22,1,1,0.5,0.5454545454545454,0.4,0.6956521739130435,0.5625,0.0,1.1947973381730186,0.3125,0.47540983606557374,0.5517241379310345,0.40625,0.5819672131147541,1.185344827586207,0.6039603960396039,0.55,0.5526315789473685,0.5,0.5625,1.2278582930756843,0.39603960396039606,0.3442622950819672,0.30952380952380953,0.42105263157894735,0.4098360655737705,0.9589770911028237,0.5495495495495496,0.68,0.8285714285714286,0.3333333333333333,0.73,1.4670896114195084,0.45045045045045046,0.2916666666666667,0.21428571428571427,0.6666666666666666,0.0,0.0625,0.0,0.5,0.14285714285714285,1.0,0.7647058823529411,0.30357142857142855,1.6764705882352942,0.4666666666666667,0.26785714285714285,1.1333333333333333,0.3548387096774194,0.2767857142857143,1.032258064516129,0.6666666666666666,0.05357142857142857,1.3333333333333333,1.0,0.07142857142857142,2.0,0.0,0.017857142857142856,0.0,,0.0,,0.5,0.017857142857142856,1.0,0.5405405405405406,0.33035714285714285,1.0810810810810811,,0.0,,0.5,0.03571428571428571,1.0,0.75,0.07142857142857142,1.75,0.0,0.017857142857142856,0.0,0.16666666666666666,0.05357142857142857,0.5,,0.0,,0.4,0.044642857142857144,0.8,41,24,0.5853658536585366,0.36607142857142855,21,10,0.47619047619047616,0.1875,15,8,0.5333333333333333,0.13392857142857142,34,13,0.38235294117647056,0.30357142857142855,10,6,4,18,0.6,0.08928571428571429,1.8,3,0,3,0,0.0,0.026785714285714284,0.0,6,1,5,3,0.16666666666666666,0.05357142857142857,0.5,6,2,4,6,0.3333333333333333,0.05357142857142857,1.0,9,4,5,12,0.4444444444444444,0.08035714285714286,1.3333333333333333,679
8,Liga ACB,51,2025-2026,59201,Juan Rubio,1316,San Pablo Burgos,26,51,36,15,24,14,10,1,0,64,16,1,18.574049541896528,35,31,4,16,12,4,44,13,2,11,7,1,6,15,31,23,8,12,8,4,32,20,13,7,12,6,6,30,11,7,4,14,4,3,1,6,0,0,0,0,10,3,7,9,25,11,14,33,1,0,1,0,0,0,0,0,0,0,0,0,18,7,11,20,1,0,1,0,2,1,1,3,18,11,7,27,12,5,7,12,22,9,13,27,4,2,2,6,3,3,0,6,0,0,0,0,1,0,1,0,0,0,0,0,12,7,5,14,0,0,0,0,0,0,0,0,9,3,6,9,0,0,0,0,0,0,0,0,0,0,0,0,0,0,0,0,4,2,0,0,2,1,2,1,0,0,0.47058823529411764,0.6666666666666666,0.3888888888888889,0.5,0.6078431372549019,0.0,1.2130401819560273,0.7058823529411765,0.45714285714285713,1.0,0.3870967741935484,0.6285714285714286,1.2571428571428571,0.7291666666666666,0.5384615384615384,0.5454545454545454,0.5,0.5769230769230769,1.1527377521613833,0.2708333333333333,0.3870967741935484,0.5,0.34782608695652173,0.5161290322580645,1.0351317440401506,0.6078431372549019,0.6,0.8571428571428571,0.46153846153846156,0.75,1.5,0.39215686274509803,0.3888888888888889,0.35294117647058826,1.1111111111111112,0.0,0.0196078431372549,0.0,0.5,0.0392156862745098,1.5,0.6111111111111112,0.35294117647058826,1.5,0.4166666666666667,0.23529411764705882,1.0,0.4090909090909091,0.43137254901960786,1.2272727272727273,0.5,0.0784313725490196,1.5,1.0,0.058823529411764705,2.0,,0.0,,0.0,0.0196078431372549,0.0,,0.0,,0.5833333333333334,0.23529411764705882,1.1666666666666667,,0.0,,,0.0,,0.3333333333333333,0.17647058823529413,1.0,,0.0,,,0.0,,,0.0,,,0.0,,11,7,0.6363636363636364,0.21568627450980393,4,3,0.75,0.0784313725490196,0,0,,0.0,35,14,0.4,0.6862745098039216,6,1,5,3,0.16666666666666666,0.11764705882352941,0.5,4,2,2,6,0.5,0.0784313725490196,1.5,1,0,1,0,0.0,0.0196078431372549,0.0,13,3,10,9,0.23076923076923078,0.2549019607843137,0.6923076923076923,11,8,3,24,0.7272727272727273,0.21568627450980393,2.1818181818181817,505
8,Liga ACB,51,2025-2026,59202,Yannick Nzosa,1316,San Pablo Burgos,27,53,1,52,31,0,31,6,1,74,23,2,4.492851520943528,36,0,36,20,0,20,40,9,1,8,5,0,5,10,34,1,33,15,0,15,30,19,0,19,16,0,16,32,28,19,9,38,22,12,10,24,2,0,2,0,0,0,0,0,1,0,1,0,0,0,0,0,0,0,0,0,0,0,0,0,14,6,8,12,2,0,2,0,6,4,2,8,13,12,1,24,18,9,9,18,1,0,1,0,1,0,1,0,5,4,1,8,1,0,1,0,0,0,0,0,5,1,4,2,32,19,13,38,0,0,0,0,2,2,0,4,0,0,0,0,0,0,0,0,0,0,0,0,0,0,0,0,6,5,1,10,19,12,9,4,2,1,6,4,3,0,0.5849056603773585,0.5961538461538461,0.0,0.631578947368421,0.5849056603773585,0.16666666666666666,1.2059973924380705,0.018867924528301886,0.5555555555555556,0.5555555555555556,,0.5555555555555556,1.1011011011011012,0.8,0.5555555555555556,0.625,0.0,0.5555555555555556,1.1133603238866396,0.2,0.4411764705882353,0.45454545454545453,0.0,0.4411764705882353,0.9279475982532751,0.6415094339622641,0.8421052631578947,0.8421052631578947,,0.8421052631578947,1.574803149606299,0.3584905660377358,0.42857142857142855,0.2641509433962264,0.8571428571428571,0.0,0.03773584905660377,0.0,0.6666666666666666,0.11320754716981132,1.3333333333333333,0.9230769230769231,0.24528301886792453,1.8461538461538463,0.5,0.33962264150943394,1.0,0.0,0.018867924528301886,0.0,0.0,0.018867924528301886,0.0,0.8,0.09433962264150944,1.6,0.0,0.018867924528301886,0.0,,0.0,,0.2,0.09433962264150944,0.4,0.59375,0.6037735849056604,1.1875,,0.0,,1.0,0.03773584905660377,2.0,,0.0,,,0.0,,,0.0,,,0.0,,0.8333333333333334,0.11320754716981132,1.6666666666666667,28,19,0.6785714285714286,0.5283018867924528,22,12,0.5454545454545454,0.41509433962264153,2,0,0.0,0.03773584905660377,1,0,0.0,0.018867924528301886,0,0,0,0,,0.0,,0,0,0,0,,0.0,,0,0,0,0,,0.0,,1,0,1,0,0.0,0.018867924528301886,0.0,0,0,0,0,,0.0,,434
8,Liga ACB,51,2025-2026,59203,Nicolas Laprovittola,1340,BC Barcelona,14,109,64,45,54,26,28,9,4,155,17,4,16.557049268603073,32,25,7,15,12,3,42,70,37,33,37,14,23,88,78,47,31,36,18,18,90,26,13,13,15,6,9,36,18,12,6,24,21,13,8,26,5,2,3,4,6,4,2,12,52,20,32,60,0,0,0,0,2,0,2,0,5,3,2,8,36,18,18,46,3,0,3,0,8,5,3,12,18,10,8,24,39,18,21,44,20,8,12,24,34,13,21,38,0,0,0,0,2,1,1,2,1,0,1,0,2,1,1,2,35,24,11,48,0,0,0,0,0,0,0,0,7,3,4,9,0,0,0,0,0,0,0,0,3,1,2,3,0,0,0,0,28,21,0,0,16,11,12,7,4,4,0.4954128440366973,0.6222222222222222,0.40625,0.75,0.6146788990825688,0.4444444444444444,1.2776129244971977,0.5871559633027523,0.46875,0.42857142857142855,0.48,0.65625,1.3125,0.3137254901960784,0.5285714285714286,0.696969696969697,0.3783783783783784,0.6285714285714286,1.2850467289719625,0.6862745098039216,0.46153846153846156,0.5806451612903226,0.3829787234042553,0.5769230769230769,1.164745437079731,0.75,0.5769230769230769,0.6923076923076923,0.46153846153846156,0.6923076923076923,1.440922190201729,0.25,0.5,0.3302752293577982,1.2777777777777777,0.0,0.027522935779816515,0.0,0.625,0.07339449541284404,1.5,0.5555555555555556,0.1651376146788991,1.3333333333333333,0.46153846153846156,0.3577981651376147,1.1282051282051282,0.4,0.1834862385321101,1.2,0.38235294117647056,0.3119266055045872,1.1176470588235294,,0.0,,0.5,0.01834862385321101,1.0,0.0,0.009174311926605505,0.0,0.5,0.01834862385321101,1.0,0.6857142857142857,0.3211009174311927,1.3714285714285714,,0.0,,,0.0,,0.42857142857142855,0.06422018348623854,1.2857142857142858,,0.0,,,0.0,,0.3333333333333333,0.027522935779816515,1.0,,0.0,,18,12,0.6666666666666666,0.1651376146788991,21,13,0.6190476190476191,0.1926605504587156,5,2,0.4,0.045871559633027525,58,24,0.41379310344827586,0.5321100917431193,1,0,1,0,0.0,0.009174311926605505,0.0,5,4,1,12,0.8,0.045871559633027525,2.4,31,12,19,36,0.3870967741935484,0.28440366972477066,1.1612903225806452,12,4,8,12,0.3333333333333333,0.11009174311926606,1.0,9,4,5,12,0.4444444444444444,0.08256880733944955,1.3333333333333333,508
8,Liga ACB,51,2025-2026,59204,Bojan Dubljevic,1331,Casademont Zaragoza,26,149,57,92,59,11,48,21,6,182,38,5,11.301619372668991,89,51,38,33,10,23,76,42,5,37,18,1,17,37,93,32,61,28,3,25,59,51,22,29,28,7,21,63,58,35,23,70,29,11,18,22,3,0,3,0,4,3,1,9,50,7,43,21,0,0,0,0,0,0,0,0,5,3,2,7,41,10,31,23,5,0,5,0,14,5,9,12,37,23,14,51,47,18,29,36,41,8,33,24,2,0,2,0,4,2,2,4,3,0,3,0,0,0,0,0,23,9,14,18,46,29,17,58,0,0,0,0,1,1,0,2,8,1,7,3,0,0,0,0,3,1,2,3,0,0,0,0,13,5,8,10,68,53,14,10,17,14,34,26,1,1,0.3959731543624161,0.5217391304347826,0.19298245614035087,0.7794117647058824,0.43288590604026844,0.2857142857142857,1.0172143974960877,0.3825503355704698,0.3707865168539326,0.6052631578947368,0.19607843137254902,0.42696629213483145,0.9037410676754939,0.6793893129770993,0.42857142857142855,0.4594594594594595,0.2,0.44047619047619047,1.03071948261924,0.32061068702290074,0.3010752688172043,0.4098360655737705,0.09375,0.3172043010752688,0.7873286402371249,0.6458333333333334,0.5490196078431373,0.7241379310344828,0.3181818181818182,0.6176470588235294,1.244167962674961,0.3541666666666667,0.24390243902439024,0.2751677852348993,0.5609756097560976,0.0,0.03355704697986577,0.0,0.35714285714285715,0.09395973154362416,0.8571428571428571,0.6216216216216216,0.2483221476510067,1.3783783783783783,0.3829787234042553,0.31543624161073824,0.7659574468085106,0.1951219512195122,0.2751677852348993,0.5853658536585366,0.0,0.013422818791946308,0.0,0.5,0.026845637583892617,1.0,0.0,0.020134228187919462,0.0,,0.0,,0.391304347826087,0.15436241610738255,0.782608695652174,0.6304347826086957,0.3087248322147651,1.2608695652173914,,0.0,,1.0,0.006711409395973154,2.0,0.125,0.053691275167785234,0.375,,0.0,,0.3333333333333333,0.020134228187919462,1.0,,0.0,,0.38461538461538464,0.087248322147651,0.7692307692307693,58,35,0.603448275862069,0.38926174496644295,29,11,0.3793103448275862,0.19463087248322147,3,0,0.0,0.020134228187919462,54,10,0.18518518518518517,0.3624161073825503,1,1,0,3,1.0,0.006711409395973154,3.0,3,2,1,6,0.6666666666666666,0.020134228187919462,2.0,26,5,21,15,0.19230769230769232,0.174496644295302,0.5769230769230769,13,1,12,3,0.07692307692307693,0.087248322147651,0.23076923076923078,11,1,10,3,0.09090909090909091,0.0738255033557047,0.2727272727272727,1099
8,Liga ACB,51,2025-2026,59205,Santiago Yusta,1331,Casademont Zaragoza,31,325,143,182,152,45,107,55,13,488,80,17,14.0861180861998,137,95,42,60,31,29,151,170,45,125,83,13,70,179,242,105,137,103,27,76,233,79,34,45,47,16,31,110,68,42,26,84,89,53,36,106,25,12,13,24,26,11,15,33,110,32,78,96,2,0,2,0,1,0,1,0,4,2,2,6,84,37,47,90,16,0,16,0,21,10,11,25,58,37,21,85,142,66,76,143,63,20,43,60,54,19,35,49,13,10,3,20,8,4,4,8,2,0,2,0,8,6,2,12,120,70,50,140,1,1,0,2,2,2,0,4,34,12,22,34,1,0,1,0,6,2,4,6,4,0,4,0,5,4,1,8,167,139,23,19,66,55,90,73,6,6,0.4676923076923077,0.5879120879120879,0.3146853146853147,0.8323353293413174,0.536923076923077,0.23636363636363636,1.2246536839991968,0.44,0.43795620437956206,0.6904761904761905,0.3263157894736842,0.551094890510949,1.1555193039695486,0.44625407166123776,0.48823529411764705,0.56,0.28888888888888886,0.5264705882352941,1.1756430868167203,0.5537459283387622,0.4256198347107438,0.5547445255474452,0.2571428571428571,0.48140495867768596,1.0866477272727273,0.7538940809968847,0.5949367088607594,0.6888888888888889,0.47058823529411764,0.6962025316455697,1.4208721215090643,0.24610591900311526,0.44047619047619047,0.25846153846153846,1.0714285714285714,0.0,0.04923076923076923,0.0,0.47619047619047616,0.06461538461538462,1.1904761904761905,0.6379310344827587,0.17846153846153845,1.4655172413793103,0.4647887323943662,0.4369230769230769,1.0070422535211268,0.31746031746031744,0.19384615384615383,0.9523809523809523,0.35185185185185186,0.16615384615384615,0.9074074074074074,0.7692307692307693,0.04,1.5384615384615385,0.5,0.024615384615384615,1.0,0.0,0.006153846153846154,0.0,0.75,0.024615384615384615,1.5,0.5833333333333334,0.36923076923076925,1.1666666666666667,1.0,0.003076923076923077,2.0,1.0,0.006153846153846154,2.0,0.35294117647058826,0.10461538461538461,1.0,0.0,0.003076923076923077,0.0,0.3333333333333333,0.018461538461538463,1.0,0.0,0.012307692307692308,0.0,0.8,0.015384615384615385,1.6,68,42,0.6176470588235294,0.20923076923076922,89,53,0.5955056179775281,0.27384615384615385,25,12,0.48,0.07692307692307693,136,43,0.3161764705882353,0.41846153846153844,12,3,9,9,0.25,0.036923076923076927,0.75,14,8,6,24,0.5714285714285714,0.043076923076923075,1.7142857142857142,19,3,16,9,0.15789473684210525,0.05846153846153846,0.47368421052631576,42,13,29,39,0.30952380952380953,0.12923076923076923,0.9285714285714286,49,16,33,48,0.32653061224489793,0.15076923076923077,0.9795918367346939,1629
8,Liga ACB,51,2025-2026,59206,Miguel Gonzalez,1331,Casademont Zaragoza,31,113,67,46,45,23,22,5,0,128,40,2,18.313989144178418,90,61,29,38,23,15,99,20,5,15,6,0,6,12,72,45,27,29,18,11,76,40,22,18,16,5,11,37,18,13,5,26,12,5,7,10,16,4,12,8,26,11,15,33,39,12,27,36,1,0,1,0,1,0,1,0,0,0,0,0,38,16,22,43,2,0,2,0,9,2,7,5,31,14,17,32,32,13,19,33,52,23,29,66,12,1,11,2,2,2,0,4,0,0,0,0,2,0,2,0,1,0,1,0,19,12,7,24,0,0,0,0,1,1,0,2,19,4,15,11,1,1,0,2,0,0,0,0,0,0,0,0,3,1,2,2,18,15,6,5,4,4,6,6,4,3,0.39823008849557523,0.4782608695652174,0.34328358208955223,0.8333333333333334,0.5,0.0,1.0585511081706913,0.5929203539823009,0.4222222222222222,0.5172413793103449,0.3770491803278688,0.55,1.1226252158894645,0.8181818181818182,0.3,0.4,0.0,0.3,0.7352941176470588,0.18181818181818182,0.4027777777777778,0.4074074074074074,0.4,0.5277777777777778,1.0986066452304395,0.6428571428571429,0.4,0.6111111111111112,0.22727272727272727,0.4625,0.9578544061302683,0.35714285714285715,0.42105263157894735,0.336283185840708,1.131578947368421,0.0,0.017699115044247787,0.0,0.2222222222222222,0.07964601769911504,0.5555555555555556,0.45161290322580644,0.2743362831858407,1.032258064516129,0.40625,0.2831858407079646,1.03125,0.4423076923076923,0.46017699115044247,1.2692307692307692,0.08333333333333333,0.10619469026548672,0.16666666666666666,1.0,0.017699115044247787,2.0,,0.0,,0.0,0.017699115044247787,0.0,0.0,0.008849557522123894,0.0,0.631578947368421,0.168141592920354,1.263157894736842,,0.0,,1.0,0.008849557522123894,2.0,0.21052631578947367,0.168141592920354,0.5789473684210527,1.0,0.008849557522123894,2.0,,0.0,,,0.0,,0.3333333333333333,0.02654867256637168,0.6666666666666666,18,13,0.7222222222222222,0.1592920353982301,12,5,0.4166666666666667,0.10619469026548672,16,4,0.25,0.1415929203539823,65,23,0.35384615384615387,0.5752212389380531,14,7,7,21,0.5,0.12389380530973451,1.5,12,4,8,12,0.3333333333333333,0.10619469026548672,1.0,6,2,4,6,0.3333333333333333,0.05309734513274336,1.0,20,9,11,27,0.45,0.17699115044247787,1.35,13,1,12,3,0.07692307692307693,0.11504424778761062,0.23076923076923078,1129
8,Liga ACB,51,2025-2026,59207,Marco Spissu,1331,Casademont Zaragoza,31,165,95,70,59,32,27,13,3,207,27,7,17.446049602638237,52,42,10,23,18,5,64,110,51,59,35,14,21,84,95,48,47,27,13,14,67,68,46,22,31,19,12,81,28,17,11,34,24,6,18,12,17,3,14,6,17,9,8,27,74,23,51,69,2,0,2,0,1,0,1,0,2,1,1,2,40,13,27,33,7,0,7,0,19,6,13,15,49,25,24,66,48,14,34,34,30,12,18,36,60,14,46,40,0,0,0,0,8,2,6,4,2,0,2,0,0,0,0,0,42,22,20,44,0,0,0,0,0,0,0,0,15,6,9,18,0,0,0,0,2,0,2,0,4,2,2,6,0,0,0,0,66,57,3,3,21,19,19,17,5,5,0.3575757575757576,0.38571428571428573,0.3368421052631579,0.8636363636363636,0.45454545454545453,0.23076923076923078,1.0667903525046383,0.5757575757575758,0.4423076923076923,0.5,0.42857142857142855,0.6153846153846154,1.2565641410352588,0.32098765432098764,0.3181818181818182,0.3559322033898305,0.27450980392156865,0.38181818181818183,0.8638040925863805,0.6790123456790124,0.28421052631578947,0.2978723404255319,0.2708333333333333,0.3526315789473684,0.8126934984520124,0.5828220858895705,0.45588235294117646,0.5454545454545454,0.41304347826086957,0.5955882352941176,1.225071225071225,0.4171779141104294,0.325,0.24242424242424243,0.825,0.0,0.04242424242424243,0.0,0.3157894736842105,0.11515151515151516,0.7894736842105263,0.5102040816326531,0.296969696969697,1.346938775510204,0.2916666666666667,0.2909090909090909,0.7083333333333334,0.4,0.18181818181818182,1.2,0.23333333333333334,0.36363636363636365,0.6666666666666666,,0.0,,0.25,0.048484848484848485,0.5,0.0,0.012121212121212121,0.0,,0.0,,0.5238095238095238,0.2545454545454545,1.0476190476190477,,0.0,,,0.0,,0.4,0.09090909090909091,1.2,,0.0,,0.0,0.012121212121212121,0.0,0.5,0.024242424242424242,1.5,,0.0,,28,17,0.6071428571428571,0.1696969696969697,24,6,0.25,0.14545454545454545,17,3,0.17647058823529413,0.10303030303030303,91,32,0.3516483516483517,0.5515151515151515,5,4,1,12,0.8,0.030303030303030304,2.4,12,5,7,15,0.4166666666666667,0.07272727272727272,1.25,29,7,22,21,0.2413793103448276,0.17575757575757575,0.7241379310344828,21,9,12,27,0.42857142857142855,0.12727272727272726,1.2857142857142858,24,7,17,21,0.2916666666666667,0.14545454545454545,0.875,1350
8,Liga ACB,51,2025-2026,59208,Joaquin Nazar Rodriguez Olivera,1331,Casademont Zaragoza,31,218,95,123,89,29,60,25,9,252,32,15,13.482081426467229,63,55,8,28,22,6,78,139,37,102,55,7,48,117,154,69,85,55,20,35,130,57,23,34,33,9,24,75,52,32,20,64,56,25,31,50,11,2,9,4,30,16,14,48,60,13,47,39,1,0,1,0,1,0,1,0,7,1,6,2,53,25,28,63,13,0,13,0,16,8,8,19,41,25,16,56,88,30,58,67,42,19,23,57,30,6,24,16,2,2,0,4,12,3,9,6,2,0,2,0,4,1,3,2,91,49,42,98,2,1,1,2,0,0,0,0,11,3,8,9,0,0,0,0,5,1,4,3,7,2,5,6,3,1,2,2,57,45,2,2,40,32,39,32,4,3,0.40825688073394495,0.4878048780487805,0.30526315789473685,0.7894736842105263,0.47477064220183485,0.36,1.0366957380286326,0.43577981651376146,0.4444444444444444,0.75,0.4,0.6190476190476191,1.2523481527864746,0.3118811881188119,0.39568345323741005,0.47058823529411764,0.1891891891891892,0.420863309352518,0.9514687100893998,0.6881188118811881,0.35714285714285715,0.4117647058823529,0.2898550724637681,0.42207792207792205,0.9464828230895069,0.7298578199052133,0.5789473684210527,0.7058823529411765,0.391304347826087,0.6578947368421053,1.3274336283185841,0.27014218009478674,0.4716981132075472,0.24311926605504589,1.1886792452830188,0.0,0.05963302752293578,0.0,0.5,0.07339449541284404,1.1875,0.6097560975609756,0.18807339449541285,1.3658536585365855,0.3409090909090909,0.4036697247706422,0.7613636363636364,0.4523809523809524,0.1926605504587156,1.3571428571428572,0.2,0.13761467889908258,0.5333333333333333,1.0,0.009174311926605505,2.0,0.25,0.05504587155963303,0.5,0.0,0.009174311926605505,0.0,0.25,0.01834862385321101,0.5,0.5384615384615384,0.41743119266055045,1.0769230769230769,0.5,0.009174311926605505,1.0,,0.0,,0.2727272727272727,0.05045871559633028,0.8181818181818182,,0.0,,0.2,0.022935779816513763,0.6,0.2857142857142857,0.03211009174311927,0.8571428571428571,0.3333333333333333,0.013761467889908258,0.6666666666666666,52,32,0.6153846153846154,0.23853211009174313,56,25,0.44642857142857145,0.25688073394495414,11,2,0.18181818181818182,0.05045871559633028,90,29,0.32222222222222224,0.41284403669724773,20,11,9,33,0.55,0.09174311926605505,1.65,10,5,5,15,0.5,0.045871559633027525,1.5,19,7,12,21,0.3684210526315789,0.0871559633027523,1.105263157894737,17,2,15,6,0.11764705882352941,0.0779816513761468,0.35294117647058826,24,4,20,12,0.16666666666666666,0.11009174311926606,0.5,1254
8,Liga ACB,51,2025-2026,59209,Youssouf Traore,1331,Casademont Zaragoza,14,20,0,20,9,0,9,6,1,22,7,3,3.4811882193577484,9,0,9,4,0,4,8,10,0,10,4,0,4,8,14,0,14,4,0,4,8,6,0,6,5,0,5,10,13,7,6,14,7,2,5,4,0,0,0,0,0,0,0,0,0,0,0,0,0,0,0,0,0,0,0,0,0,0,0,0,3,1,2,2,3,0,3,0,2,1,1,2,4,4,0,8,8,3,5,6,0,0,0,0,0,0,0,0,3,2,1,4,0,0,0,0,0,0,0,0,3,0,3,0,13,6,7,12,0,0,0,0,0,0,0,0,0,0,0,0,0,0,0,0,0,0,0,0,0,0,0,0,1,1,0,2,13,4,8,3,3,0,8,2,3,1,0.45,0.45,,0.3076923076923077,0.45,0.16666666666666666,0.8553654743390358,0.0,0.4444444444444444,0.4444444444444444,,0.4444444444444444,0.8785942492012779,0.47368421052631576,0.4,0.4,,0.4,0.7067137809187279,0.5263157894736842,0.2857142857142857,0.2857142857142857,,0.2857142857142857,0.5707762557077626,0.7,0.8333333333333334,0.8333333333333334,,0.8333333333333334,1.5027322404371584,0.3,0.3333333333333333,0.15,0.6666666666666666,0.0,0.15,0.0,0.5,0.1,1.0,1.0,0.2,2.0,0.375,0.4,0.75,,0.0,,,0.0,,0.6666666666666666,0.15,1.3333333333333333,,0.0,,,0.0,,0.0,0.15,0.0,0.46153846153846156,0.65,0.9230769230769231,,0.0,,,0.0,,,0.0,,,0.0,,,0.0,,,0.0,,1.0,0.05,2.0,13,7,0.5384615384615384,0.65,7,2,0.2857142857142857,0.35,0,0,,0.0,0,0,,0.0,0,0,0,0,,0.0,,0,0,0,0,,0.0,,0,0,0,0,,0.0,,0,0,0,0,,0.0,,0,0,0,0,,0.0,,142
8,Liga ACB,51,2025-2026,59211,Konstantin Iroslavov Kostadinov,,total,24,74,10,64,40,3,37,11,6,92,28,9,8.141355528112724,59,10,49,34,3,31,71,12,0,12,3,0,3,6,52,6,46,26,3,23,55,20,4,16,12,0,12,24,28,19,9,38,25,14,11,28,9,2,7,4,4,2,2,6,6,1,5,3,0,0,0,0,0,0,0,0,2,2,0,4,20,13,7,29,9,0,9,0,5,4,1,8,15,8,7,16,23,13,10,26,12,3,9,9,2,0,2,0,13,11,2,22,2,1,1,2,0,0,0,0,2,1,1,2,30,16,14,32,0,0,0,0,5,3,2,6,3,1,2,2,0,0,0,0,1,0,1,0,0,0,0,0,2,2,0,4,14,9,8,7,3,0,10,7,3,2,0.5405405405405406,0.578125,0.3,0.6428571428571429,0.5608108108108109,0.5454545454545454,1.1477045908183634,0.13513513513513514,0.576271186440678,0.6326530612244898,0.3,0.6016949152542372,1.2476007677543186,0.8309859154929577,0.25,0.25,,0.25,0.45045045045045046,0.16901408450704225,0.5,0.5,0.5,0.5288461538461539,1.099290780141844,0.7222222222222222,0.6,0.75,0.0,0.6,1.2195121951219512,0.2777777777777778,0.65,0.2702702702702703,1.45,0.0,0.12162162162162163,0.0,0.8,0.06756756756756757,1.6,0.5333333333333333,0.20270270270270271,1.0666666666666667,0.5652173913043478,0.3108108108108108,1.1304347826086956,0.25,0.16216216216216217,0.75,0.0,0.02702702702702703,0.0,0.8461538461538461,0.17567567567567569,1.6923076923076923,0.5,0.02702702702702703,1.0,,0.0,,0.5,0.02702702702702703,1.0,0.5333333333333333,0.40540540540540543,1.0666666666666667,,0.0,,0.6,0.06756756756756757,1.2,0.3333333333333333,0.04054054054054054,0.6666666666666666,,0.0,,0.0,0.013513513513513514,0.0,,0.0,,1.0,0.02702702702702703,2.0,28,19,0.6785714285714286,0.3783783783783784,25,14,0.56,0.33783783783783783,9,2,0.2222222222222222,0.12162162162162163,10,3,0.3,0.13513513513513514,1,0,1,0,0.0,0.013513513513513514,0.0,3,2,1,6,0.6666666666666666,0.04054054054054054,2.0,4,1,3,3,0.25,0.05405405405405406,0.75,1,0,1,0,0.0,0.013513513513513514,0.0,1,0,1,0,0.0,0.013513513513513514,0.0,616
8,Liga ACB,51,2025-2026,59211,Konstantin Iroslavov Kostadinov,1332,BC MoraBanc Andorra,20,70,10,60,37,3,34,10,5,85,26,9,8.43756014426667,56,10,46,31,3,28,65,11,0,11,3,0,3,6,50,6,44,25,3,22,53,18,4,14,10,0,10,20,25,17,8,34,24,13,11,26,9,2,7,4,4,2,2,6,6,1,5,3,0,0,0,0,0,0,0,0,2,2,0,4,20,13,7,29,9,0,9,0,4,3,1,6,14,7,7,14,21,12,9,24,12,3,9,9,2,0,2,0,13,11,2,22,2,1,1,2,0,0,0,0,2,1,1,2,28,15,13,30,0,0,0,0,4,2,2,4,3,1,2,2,0,0,0,0,1,0,1,0,0,0,0,0,1,1,0,2,13,8,7,6,3,0,9,6,3,2,0.5285714285714286,0.5666666666666667,0.3,0.6153846153846154,0.55,0.5,1.1225567881669307,0.14285714285714285,0.5535714285714286,0.6086956521739131,0.3,0.5803571428571429,1.2017603249830737,0.835820895522388,0.2727272727272727,0.2727272727272727,,0.2727272727272727,0.487012987012987,0.16417910447761194,0.5,0.5,0.5,0.53,1.0934025203854707,0.7352941176470589,0.5555555555555556,0.7142857142857143,0.0,0.5555555555555556,1.1387163561076605,0.2647058823529412,0.65,0.2857142857142857,1.45,0.0,0.12857142857142856,0.0,0.75,0.05714285714285714,1.5,0.5,0.2,1.0,0.5714285714285714,0.3,1.1428571428571428,0.25,0.17142857142857143,0.75,0.0,0.02857142857142857,0.0,0.8461538461538461,0.18571428571428572,1.6923076923076923,0.5,0.02857142857142857,1.0,,0.0,,0.5,0.02857142857142857,1.0,0.5357142857142857,0.4,1.0714285714285714,,0.0,,0.5,0.05714285714285714,1.0,0.3333333333333333,0.04285714285714286,0.6666666666666666,,0.0,,0.0,0.014285714285714285,0.0,,0.0,,1.0,0.014285714285714285,2.0,25,17,0.68,0.35714285714285715,24,13,0.5416666666666666,0.34285714285714286,9,2,0.2222222222222222,0.12857142857142856,10,3,0.3,0.14285714285714285,1,0,1,0,0.0,0.014285714285714285,0.0,3,2,1,6,0.6666666666666666,0.04285714285714286,2.0,4,1,3,3,0.25,0.05714285714285714,0.75,1,0,1,0,0.0,0.014285714285714285,0.0,1,0,1,0,0.0,0.014285714285714285,0.0,584
8,Liga ACB,51,2025-2026,59211,Konstantin Iroslavov Kostadinov,1333,Lenovo Tenerife,4,4,0,4,3,0,3,1,1,7,2,0,3.1058770534956794,3,0,3,3,0,3,6,1,0,1,0,0,0,0,2,0,2,1,0,1,2,2,0,2,2,0,2,4,3,2,1,4,1,1,0,2,0,0,0,0,0,0,0,0,0,0,0,0,0,0,0,0,0,0,0,0,0,0,0,0,0,0,0,0,0,0,0,0,1,1,0,2,1,1,0,2,2,1,1,2,0,0,0,0,0,0,0,0,0,0,0,0,0,0,0,0,0,0,0,0,0,0,0,0,2,1,1,2,0,0,0,0,1,1,0,2,0,0,0,0,0,0,0,0,0,0,0,0,0,0,0,0,1,1,0,2,1,1,1,1,0,0,1,1,0,0,0.75,0.75,,1.0,0.75,1.0,1.5765765765765765,0.0,1.0,1.0,,1.0,2.0348837209302326,0.75,0.0,0.0,,0.0,0.0,0.25,0.5,0.5,,0.5,1.2295081967213115,0.5,1.0,1.0,,1.0,2.0,0.5,,0.0,,,0.0,,1.0,0.25,2.0,1.0,0.25,2.0,0.5,0.5,1.0,,0.0,,,0.0,,,0.0,,,0.0,,,0.0,,,0.0,,0.5,0.5,1.0,,0.0,,1.0,0.25,2.0,,0.0,,,0.0,,,0.0,,,0.0,,1.0,0.25,2.0,3,2,0.6666666666666666,0.75,1,1,1.0,0.25,0,0,,0.0,0,0,,0.0,0,0,0,0,,0.0,,0,0,0,0,,0.0,,0,0,0,0,,0.0,,0,0,0,0,,0.0,,0,0,0,0,,0.0,,32
8,Liga ACB,51,2025-2026,59212,Xabier Lopez-Arostegui,,total,17,73,41,32,27,13,14,11,2,103,16,3,15.496644327162512,39,34,5,15,12,3,42,29,5,24,12,1,11,25,45,21,24,13,6,7,32,26,18,8,14,7,7,35,15,6,9,12,14,5,9,10,3,3,0,6,8,3,5,9,31,10,21,30,0,0,0,0,0,0,0,0,2,0,2,0,21,9,12,24,3,0,3,0,6,4,2,11,20,10,10,24,21,4,17,8,28,12,16,34,6,1,5,3,1,1,0,2,1,1,0,2,0,0,0,0,3,2,1,4,21,8,13,16,0,0,0,0,0,0,0,0,7,2,5,6,0,0,0,0,0,0,0,0,1,0,1,0,3,0,3,0,41,36,3,3,10,9,14,14,5,4,0.3698630136986301,0.4375,0.3170731707317073,0.8780487804878049,0.4589041095890411,0.18181818181818182,1.1313708260105448,0.5616438356164384,0.38461538461538464,0.6,0.35294117647058826,0.5384615384615384,1.1160714285714286,0.5735294117647058,0.41379310344827586,0.4583333333333333,0.2,0.43103448275862066,1.0179640718562875,0.4264705882352941,0.28888888888888886,0.2916666666666667,0.2857142857142857,0.35555555555555557,0.8991399530883504,0.6338028169014085,0.5384615384615384,0.875,0.3888888888888889,0.6730769230769231,1.3829787234042554,0.36619718309859156,0.42857142857142855,0.2876712328767123,1.1428571428571428,0.0,0.0410958904109589,0.0,0.6666666666666666,0.0821917808219178,1.8333333333333333,0.5,0.273972602739726,1.2,0.19047619047619047,0.2876712328767123,0.38095238095238093,0.42857142857142855,0.3835616438356164,1.2142857142857142,0.16666666666666666,0.0821917808219178,0.5,1.0,0.0136986301369863,2.0,1.0,0.0136986301369863,2.0,,0.0,,0.6666666666666666,0.0410958904109589,1.3333333333333333,0.38095238095238093,0.2876712328767123,0.7619047619047619,,0.0,,,0.0,,0.2857142857142857,0.0958904109589041,0.8571428571428571,,0.0,,,0.0,,0.0,0.0136986301369863,0.0,0.0,0.0410958904109589,0.0,15,6,0.4,0.2054794520547945,14,5,0.35714285714285715,0.1917808219178082,3,3,1.0,0.0410958904109589,39,13,0.3333333333333333,0.5342465753424658,3,0,3,0,0.0,0.0410958904109589,0.0,5,3,2,9,0.6,0.0684931506849315,1.8,5,0,5,0,0.0,0.0684931506849315,0.0,12,4,8,12,0.3333333333333333,0.1643835616438356,1.0,14,6,8,18,0.42857142857142855,0.1917808219178082,1.2857142857142858,483
8,Liga ACB,51,2025-2026,59212,Xabier Lopez-Arostegui,1325,Valencia BC,16,73,41,32,27,13,14,11,2,103,16,3,15.496644327162512,39,34,5,15,12,3,42,29,5,24,12,1,11,25,45,21,24,13,6,7,32,26,18,8,14,7,7,35,15,6,9,12,14,5,9,10,3,3,0,6,8,3,5,9,31,10,21,30,0,0,0,0,0,0,0,0,2,0,2,0,21,9,12,24,3,0,3,0,6,4,2,11,20,10,10,24,21,4,17,8,28,12,16,34,6,1,5,3,1,1,0,2,1,1,0,2,0,0,0,0,3,2,1,4,21,8,13,16,0,0,0,0,0,0,0,0,7,2,5,6,0,0,0,0,0,0,0,0,1,0,1,0,3,0,3,0,41,36,3,3,10,9,14,14,5,4,0.3698630136986301,0.4375,0.3170731707317073,0.8780487804878049,0.4589041095890411,0.18181818181818182,1.1313708260105448,0.5616438356164384,0.38461538461538464,0.6,0.35294117647058826,0.5384615384615384,1.1160714285714286,0.5735294117647058,0.41379310344827586,0.4583333333333333,0.2,0.43103448275862066,1.0179640718562875,0.4264705882352941,0.28888888888888886,0.2916666666666667,0.2857142857142857,0.35555555555555557,0.8991399530883504,0.6338028169014085,0.5384615384615384,0.875,0.3888888888888889,0.6730769230769231,1.3829787234042554,0.36619718309859156,0.42857142857142855,0.2876712328767123,1.1428571428571428,0.0,0.0410958904109589,0.0,0.6666666666666666,0.0821917808219178,1.8333333333333333,0.5,0.273972602739726,1.2,0.19047619047619047,0.2876712328767123,0.38095238095238093,0.42857142857142855,0.3835616438356164,1.2142857142857142,0.16666666666666666,0.0821917808219178,0.5,1.0,0.0136986301369863,2.0,1.0,0.0136986301369863,2.0,,0.0,,0.6666666666666666,0.0410958904109589,1.3333333333333333,0.38095238095238093,0.2876712328767123,0.7619047619047619,,0.0,,,0.0,,0.2857142857142857,0.0958904109589041,0.8571428571428571,,0.0,,,0.0,,0.0,0.0136986301369863,0.0,0.0,0.0410958904109589,0.0,15,6,0.4,0.2054794520547945,14,5,0.35714285714285715,0.1917808219178082,3,3,1.0,0.0410958904109589,39,13,0.3333333333333333,0.5342465753424658,3,0,3,0,0.0,0.0410958904109589,0.0,5,3,2,9,0.6,0.0684931506849315,1.8,5,0,5,0,0.0,0.0684931506849315,0.0,12,4,8,12,0.3333333333333333,0.1643835616438356,1.0,14,6,8,18,0.42857142857142855,0.1917808219178082,1.2857142857142858,481
8,Liga ACB,51,2025-2026,59212,Xabier Lopez-Arostegui,1333,Lenovo Tenerife,1,0,0,0,0,0,0,0,0,0,0,0,,0,0,0,0,0,0,0,0,0,0,0,0,0,0,0,0,0,0,0,0,0,0,0,0,0,0,0,0,0,0,0,0,0,0,0,0,0,0,0,0,0,0,0,0,0,0,0,0,0,0,0,0,0,0,0,0,0,0,0,0,0,0,0,0,0,0,0,0,0,0,0,0,0,0,0,0,0,0,0,0,0,0,0,0,0,0,0,0,0,0,0,0,0,0,0,0,0,0,0,0,0,0,0,0,0,0,0,0,0,0,0,0,0,0,0,0,0,0,0,0,0,0,0,0,0,0,0,0,0,0,0,0,0,0,0,0,0,0,0,0,0,0,0,0,0,0,,,,,,,,,,,,,,,,,,,,,,,,,,,,,,,,,,,,,,,,,,,,,,,,,,,,,,,,,,,,,,,,,,,,,,,,,,,,,,,,,,,,,,,,,,0,0,,,0,0,,,0,0,,,0,0,,,0,0,0,0,,,,0,0,0,0,,,,0,0,0,0,,,,0,0,0,0,,,,0,0,0,0,,,,2
8,Liga ACB,51,2025-2026,59213,Kendrick Perry,1339,Malaga,33,283,141,142,123,59,64,20,7,370,32,7,17.763633352154567,58,53,5,29,26,3,84,216,81,135,90,31,59,211,192,98,94,81,46,35,208,85,40,45,40,13,27,93,31,22,9,44,64,25,39,50,44,15,29,30,4,2,2,6,130,57,73,171,4,0,4,0,0,0,0,0,6,2,4,4,78,39,39,106,7,0,7,0,15,4,11,10,70,36,34,83,107,42,65,102,41,18,23,54,118,39,79,105,3,2,1,4,18,8,10,16,2,0,2,0,3,1,2,2,60,36,24,72,1,0,1,0,1,1,0,2,12,8,4,24,0,0,0,0,6,3,3,9,11,4,7,11,1,1,0,2,82,65,0,0,33,27,25,21,6,5,0.43462897526501765,0.4507042253521127,0.41843971631205673,0.7926829268292683,0.5388692579505301,0.35,1.1595838034348753,0.49823321554770317,0.5,0.6,0.49056603773584906,0.7241379310344828,1.4482758620689655,0.2116788321167883,0.4166666666666667,0.43703703703703706,0.38271604938271603,0.48842592592592593,1.0324483775811208,0.7883211678832117,0.421875,0.3723404255319149,0.46938775510204084,0.5416666666666666,1.1280788177339902,0.6931407942238267,0.47058823529411764,0.6,0.325,0.5470588235294118,1.1182108626198084,0.30685920577617326,0.5,0.2756183745583039,1.358974358974359,0.0,0.024734982332155476,0.0,0.26666666666666666,0.053003533568904596,0.6666666666666666,0.5142857142857142,0.24734982332155478,1.1857142857142857,0.3925233644859813,0.37809187279151946,0.9532710280373832,0.43902439024390244,0.14487632508833923,1.3170731707317074,0.3305084745762712,0.4169611307420495,0.8898305084745762,0.6666666666666666,0.01060070671378092,1.3333333333333333,0.4444444444444444,0.0636042402826855,0.8888888888888888,0.0,0.007067137809187279,0.0,0.3333333333333333,0.01060070671378092,0.6666666666666666,0.6,0.21201413427561838,1.2,0.0,0.0035335689045936395,0.0,1.0,0.0035335689045936395,2.0,0.6666666666666666,0.04240282685512368,2.0,,0.0,,0.5,0.02120141342756184,1.5,0.36363636363636365,0.038869257950530034,1.0,1.0,0.0035335689045936395,2.0,31,22,0.7096774193548387,0.10954063604240283,64,25,0.390625,0.22614840989399293,44,15,0.3409090909090909,0.15547703180212014,134,59,0.44029850746268656,0.4734982332155477,1,1,0,3,1.0,0.0035335689045936395,3.0,3,1,2,3,0.3333333333333333,0.01060070671378092,1.0,63,22,41,66,0.3492063492063492,0.2226148409893993,1.0476190476190477,33,19,14,57,0.5757575757575758,0.1166077738515901,1.7272727272727273,34,16,18,48,0.47058823529411764,0.12014134275618374,1.411764705882353,1401
8,Liga ACB,51,2025-2026,59214,Daniel Perez,1330,BAXI Manresa,18,85,38,47,24,9,15,3,1,62,7,2,16.211370450659928,24,22,2,7,6,1,20,61,16,45,17,3,14,37,51,21,30,15,6,9,36,33,17,16,9,3,6,21,6,2,4,4,28,10,18,20,12,3,9,6,3,1,2,3,35,8,27,24,0,0,0,0,0,0,0,0,1,0,1,0,21,9,12,24,2,0,2,0,7,2,5,5,26,7,19,16,28,6,22,12,13,5,8,15,24,4,20,10,0,0,0,0,15,5,10,10,0,0,0,0,0,0,0,0,19,8,11,16,0,0,0,0,0,0,0,0,9,1,8,3,0,0,0,0,2,1,1,3,2,0,2,0,0,0,0,0,7,5,1,1,4,2,5,3,0,0,0.2823529411764706,0.3191489361702128,0.23684210526315788,0.7142857142857143,0.3352941176470588,0.3333333333333333,0.7039055404178021,0.4470588235294118,0.2916666666666667,0.5,0.2727272727272727,0.4166666666666667,0.8592471358428805,0.2823529411764706,0.2786885245901639,0.3111111111111111,0.1875,0.30327868852459017,0.621414913957935,0.7176470588235294,0.29411764705882354,0.3,0.2857142857142857,0.35294117647058826,0.7330827067669172,0.6071428571428571,0.2727272727272727,0.375,0.17647058823529413,0.3181818181818182,0.6363636363636364,0.39285714285714285,0.42857142857142855,0.24705882352941178,1.1428571428571428,0.0,0.023529411764705882,0.0,0.2857142857142857,0.08235294117647059,0.7142857142857143,0.2692307692307692,0.3058823529411765,0.6153846153846154,0.21428571428571427,0.32941176470588235,0.42857142857142855,0.38461538461538464,0.15294117647058825,1.1538461538461537,0.16666666666666666,0.2823529411764706,0.4166666666666667,,0.0,,0.3333333333333333,0.17647058823529413,0.6666666666666666,,0.0,,,0.0,,0.42105263157894735,0.2235294117647059,0.8421052631578947,,0.0,,,0.0,,0.1111111111111111,0.10588235294117647,0.3333333333333333,,0.0,,0.5,0.023529411764705882,1.5,0.0,0.023529411764705882,0.0,,0.0,,6,2,0.3333333333333333,0.07058823529411765,28,10,0.35714285714285715,0.32941176470588235,12,3,0.25,0.1411764705882353,38,9,0.23684210526315788,0.4470588235294118,3,1,2,3,0.3333333333333333,0.03529411764705882,1.0,0,0,0,0,,0.0,,16,5,11,15,0.3125,0.18823529411764706,0.9375,7,1,6,3,0.14285714285714285,0.08235294117647059,0.42857142857142855,12,2,10,6,0.16666666666666666,0.1411764705882353,0.5,593
8,Liga ACB,51,2025-2026,59215,Alberto Abalde,1338,Real Madrid,29,119,64,55,55,21,34,7,3,154,29,4,17.211195162192855,57,43,14,22,14,8,58,59,21,38,31,7,24,69,77,39,38,33,12,21,78,39,24,15,20,9,11,49,13,11,2,22,23,13,10,26,17,8,9,16,19,8,11,24,42,12,30,36,1,0,1,0,1,1,0,3,3,2,1,4,31,14,17,35,4,0,4,0,10,5,5,13,29,15,14,36,42,19,23,43,33,13,20,39,33,15,18,37,1,1,0,2,3,1,2,2,1,0,1,0,3,2,1,4,22,18,4,36,0,0,0,0,0,0,0,0,14,3,11,7,2,0,2,0,1,0,1,0,3,0,3,0,0,0,0,0,30,23,0,0,6,4,8,6,1,1,0.46218487394957986,0.6181818181818182,0.328125,0.7666666666666667,0.5504201680672269,0.42857142857142855,1.1649016641452345,0.5378151260504201,0.38596491228070173,0.5714285714285714,0.32558139534883723,0.5087719298245614,1.0175438596491229,0.49137931034482757,0.5254237288135594,0.631578947368421,0.3333333333333333,0.5847457627118644,1.1842959117456198,0.5086206896551724,0.42857142857142855,0.5526315789473685,0.3076923076923077,0.5064935064935064,1.0432190760059612,0.6637931034482759,0.5128205128205128,0.7333333333333333,0.375,0.6282051282051282,1.2677484787018256,0.33620689655172414,0.45161290322580644,0.2605042016806723,1.1290322580645162,0.0,0.03361344537815126,0.0,0.5,0.08403361344537816,1.3,0.5172413793103449,0.24369747899159663,1.2413793103448276,0.4523809523809524,0.35294117647058826,1.0238095238095237,0.3939393939393939,0.2773109243697479,1.1818181818181819,0.45454545454545453,0.2773109243697479,1.121212121212121,1.0,0.008403361344537815,2.0,0.3333333333333333,0.025210084033613446,0.6666666666666666,0.0,0.008403361344537815,0.0,0.6666666666666666,0.025210084033613446,1.3333333333333333,0.8181818181818182,0.18487394957983194,1.6363636363636365,,0.0,,,0.0,,0.21428571428571427,0.11764705882352941,0.5,0.0,0.01680672268907563,0.0,0.0,0.008403361344537815,0.0,0.0,0.025210084033613446,0.0,,0.0,,13,11,0.8461538461538461,0.1092436974789916,23,13,0.5652173913043478,0.19327731092436976,17,8,0.47058823529411764,0.14285714285714285,61,20,0.32786885245901637,0.5126050420168067,9,6,3,18,0.6666666666666666,0.07563025210084033,2.0,10,2,8,6,0.2,0.08403361344537816,0.6,9,2,7,6,0.2222222222222222,0.07563025210084033,0.6666666666666666,15,6,9,18,0.4,0.12605042016806722,1.2,18,4,14,12,0.2222222222222222,0.15126050420168066,0.6666666666666666,928
8,Liga ACB,51,2025-2026,59216,Sander Hollanders,1315,Basquet Girona,7,11,7,4,5,2,3,1,1,13,5,1,17.013738086446356,7,5,2,3,1,2,7,1,0,1,0,0,0,0,5,3,2,2,1,1,5,4,3,1,1,0,1,2,2,1,1,2,1,1,0,2,0,0,0,0,2,0,2,0,4,1,3,3,0,0,0,0,0,0,0,0,2,2,0,5,1,1,0,2,1,0,1,0,0,0,0,0,4,1,3,2,3,1,2,3,4,1,3,3,1,0,1,0,0,0,0,0,0,0,0,0,0,0,0,0,0,0,0,0,3,2,1,4,0,0,0,0,0,0,0,0,1,0,1,0,0,0,0,0,0,0,0,0,0,0,0,0,0,0,0,0,1,1,0,0,0,0,0,0,0,0,0.45454545454545453,0.75,0.2857142857142857,1.0,0.5454545454545454,1.0,1.1363636363636365,0.6363636363636364,0.42857142857142855,1.0,0.2,0.5,1.0,0.875,0.0,0.0,,0.0,0.0,0.125,0.4,0.5,0.3333333333333333,0.5,1.0,0.5555555555555556,0.25,1.0,0.0,0.25,0.5,0.4444444444444444,1.0,0.09090909090909091,2.0,0.0,0.09090909090909091,0.0,,0.0,,0.25,0.36363636363636365,0.5,0.3333333333333333,0.2727272727272727,1.0,0.25,0.36363636363636365,0.75,0.0,0.09090909090909091,0.0,,0.0,,,0.0,,,0.0,,,0.0,,0.6666666666666666,0.2727272727272727,1.3333333333333333,,0.0,,,0.0,,0.0,0.09090909090909091,0.0,,0.0,,,0.0,,,0.0,,,0.0,,2,1,0.5,0.18181818181818182,1,1,1.0,0.09090909090909091,0,0,,0.0,6,1,0.16666666666666666,0.5454545454545454,2,0,2,0,0.0,0.18181818181818182,0.0,0,0,0,0,,0.0,,1,0,1,0,0.0,0.09090909090909091,0.0,3,1,2,3,0.3333333333333333,0.2727272727272727,1.0,0,0,0,0,,0.0,,87
8,Liga ACB,51,2025-2026,59217,Luka Bozic,1319,Coviran Granada,34,284,56,228,147,19,128,104,20,550,61,27,8.116425800942155,95,50,45,48,18,30,114,167,6,161,90,1,89,181,219,32,187,103,8,95,214,63,22,41,43,10,33,96,128,86,42,172,90,38,52,76,10,4,6,8,15,4,11,12,38,14,24,42,1,0,1,0,0,0,0,0,2,1,1,3,70,46,24,99,27,0,27,0,23,14,9,34,40,29,11,62,122,57,65,115,41,15,26,45,9,4,5,9,1,0,1,0,3,1,2,2,1,0,1,0,30,10,20,20,177,109,68,218,0,0,0,0,0,0,0,0,7,2,5,6,6,1,5,2,1,0,1,0,2,1,1,2,4,3,1,6,290,237,17,16,152,122,165,137,19,15,0.5176056338028169,0.5614035087719298,0.3392857142857143,0.8172413793103448,0.551056338028169,0.19230769230769232,1.336248785228377,0.19718309859154928,0.5052631578947369,0.6666666666666666,0.36,0.6,1.2685402029664323,0.36259541984732824,0.5389221556886228,0.5527950310559007,0.16666666666666666,0.5419161676646707,1.2955361723961005,0.6374045801526718,0.4703196347031963,0.5080213903743316,0.25,0.4885844748858447,1.2037037037037037,0.776595744680851,0.6825396825396826,0.8048780487804879,0.45454545454545453,0.7619047619047619,1.5554932735426008,0.22340425531914893,0.6571428571428571,0.24647887323943662,1.4142857142857144,0.0,0.09507042253521127,0.0,0.6086956521739131,0.08098591549295775,1.4782608695652173,0.725,0.14084507042253522,1.55,0.4672131147540984,0.4295774647887324,0.9426229508196722,0.36585365853658536,0.1443661971830986,1.0975609756097562,0.4444444444444444,0.03169014084507042,1.0,0.0,0.0035211267605633804,0.0,0.3333333333333333,0.01056338028169014,0.6666666666666666,0.0,0.0035211267605633804,0.0,0.3333333333333333,0.1056338028169014,0.6666666666666666,0.615819209039548,0.6232394366197183,1.231638418079096,,0.0,,,0.0,,0.2857142857142857,0.02464788732394366,0.8571428571428571,0.16666666666666666,0.02112676056338028,0.3333333333333333,0.0,0.0035211267605633804,0.0,0.5,0.007042253521126761,1.0,0.75,0.014084507042253521,1.5,128,86,0.671875,0.4507042253521127,90,38,0.4222222222222222,0.31690140845070425,10,4,0.4,0.035211267605633804,53,18,0.33962264150943394,0.18661971830985916,2,1,1,3,0.5,0.007042253521126761,1.5,13,3,10,9,0.23076923076923078,0.045774647887323945,0.6923076923076923,9,4,5,12,0.4444444444444444,0.03169014084507042,1.3333333333333333,12,4,8,12,0.3333333333333333,0.04225352112676056,1.0,17,6,11,18,0.35294117647058826,0.05985915492957746,1.0588235294117647,1894
8,Liga ACB,51,2025-2026,59218,Lluis Costa,,total,29,245,128,117,89,39,50,17,3,295,23,9,17.416695920533133,59,44,15,21,14,7,56,179,81,98,65,24,41,154,160,80,80,51,21,30,123,82,45,37,38,18,20,94,26,16,10,32,49,14,35,28,42,20,22,40,6,1,5,3,118,38,80,114,0,0,0,0,1,0,1,0,3,0,3,0,66,21,45,52,9,0,9,0,19,7,12,16,63,31,32,78,85,30,55,71,31,9,22,26,121,44,77,113,1,0,1,0,19,8,11,16,0,0,0,0,1,0,1,0,41,17,24,34,1,0,1,0,0,0,0,0,23,10,13,26,0,0,0,0,1,0,1,0,1,0,1,0,2,1,1,2,90,78,0,0,27,23,23,21,9,6,0.363265306122449,0.42735042735042733,0.3046875,0.8666666666666667,0.44285714285714284,0.17647058823529413,1.0365425158116655,0.5224489795918368,0.3559322033898305,0.4666666666666667,0.3181818181818182,0.4745762711864407,0.9491525423728814,0.24789915966386555,0.36312849162011174,0.41836734693877553,0.2962962962962963,0.4301675977653631,0.9272841575859179,0.7521008403361344,0.31875,0.375,0.2625,0.384375,0.8464613214201739,0.6611570247933884,0.4634146341463415,0.5405405405405406,0.4,0.573170731707317,1.1633317822242903,0.33884297520661155,0.3181818181818182,0.2693877551020408,0.7878787878787878,0.0,0.036734693877551024,0.0,0.3684210526315789,0.07755102040816327,0.8421052631578947,0.49206349206349204,0.2571428571428571,1.2380952380952381,0.35294117647058826,0.3469387755102041,0.8352941176470589,0.2903225806451613,0.12653061224489795,0.8387096774193549,0.36363636363636365,0.49387755102040815,0.9338842975206612,0.0,0.004081632653061225,0.0,0.42105263157894735,0.07755102040816327,0.8421052631578947,,0.0,,0.0,0.004081632653061225,0.0,0.4146341463414634,0.1673469387755102,0.8292682926829268,0.0,0.004081632653061225,0.0,,0.0,,0.43478260869565216,0.09387755102040816,1.1304347826086956,,0.0,,0.0,0.004081632653061225,0.0,0.0,0.004081632653061225,0.0,0.5,0.00816326530612245,1.0,26,16,0.6153846153846154,0.10612244897959183,49,14,0.2857142857142857,0.2,42,20,0.47619047619047616,0.17142857142857143,124,39,0.31451612903225806,0.5061224489795918,2,0,2,0,0.0,0.00816326530612245,0.0,4,1,3,3,0.25,0.0163265306122449,0.75,51,14,37,42,0.27450980392156865,0.20816326530612245,0.8235294117647058,13,6,7,18,0.46153846153846156,0.053061224489795916,1.3846153846153846,54,18,36,54,0.3333333333333333,0.22040816326530613,1.0,1349
8,Liga ACB,51,2025-2026,59218,Lluis Costa,1319,Coviran Granada,28,245,128,117,89,39,50,17,3,295,23,9,17.416695920533133,59,44,15,21,14,7,56,179,81,98,65,24,41,154,160,80,80,51,21,30,123,82,45,37,38,18,20,94,26,16,10,32,49,14,35,28,42,20,22,40,6,1,5,3,118,38,80,114,0,0,0,0,1,0,1,0,3,0,3,0,66,21,45,52,9,0,9,0,19,7,12,16,63,31,32,78,85,30,55,71,31,9,22,26,121,44,77,113,1,0,1,0,19,8,11,16,0,0,0,0,1,0,1,0,41,17,24,34,1,0,1,0,0,0,0,0,23,10,13,26,0,0,0,0,1,0,1,0,1,0,1,0,2,1,1,2,90,78,0,0,27,23,23,21,9,6,0.363265306122449,0.42735042735042733,0.3046875,0.8666666666666667,0.44285714285714284,0.17647058823529413,1.0365425158116655,0.5224489795918368,0.3559322033898305,0.4666666666666667,0.3181818181818182,0.4745762711864407,0.9491525423728814,0.24789915966386555,0.36312849162011174,0.41836734693877553,0.2962962962962963,0.4301675977653631,0.9272841575859179,0.7521008403361344,0.31875,0.375,0.2625,0.384375,0.8464613214201739,0.6611570247933884,0.4634146341463415,0.5405405405405406,0.4,0.573170731707317,1.1633317822242903,0.33884297520661155,0.3181818181818182,0.2693877551020408,0.7878787878787878,0.0,0.036734693877551024,0.0,0.3684210526315789,0.07755102040816327,0.8421052631578947,0.49206349206349204,0.2571428571428571,1.2380952380952381,0.35294117647058826,0.3469387755102041,0.8352941176470589,0.2903225806451613,0.12653061224489795,0.8387096774193549,0.36363636363636365,0.49387755102040815,0.9338842975206612,0.0,0.004081632653061225,0.0,0.42105263157894735,0.07755102040816327,0.8421052631578947,,0.0,,0.0,0.004081632653061225,0.0,0.4146341463414634,0.1673469387755102,0.8292682926829268,0.0,0.004081632653061225,0.0,,0.0,,0.43478260869565216,0.09387755102040816,1.1304347826086956,,0.0,,0.0,0.004081632653061225,0.0,0.0,0.004081632653061225,0.0,0.5,0.00816326530612245,1.0,26,16,0.6153846153846154,0.10612244897959183,49,14,0.2857142857142857,0.2,42,20,0.47619047619047616,0.17142857142857143,124,39,0.31451612903225806,0.5061224489795918,2,0,2,0,0.0,0.00816326530612245,0.0,4,1,3,3,0.25,0.0163265306122449,0.75,51,14,37,42,0.27450980392156865,0.20816326530612245,0.8235294117647058,13,6,7,18,0.46153846153846156,0.053061224489795916,1.3846153846153846,54,18,36,54,0.3333333333333333,0.22040816326530613,1.0,1349
8,Liga ACB,51,2025-2026,59218,Lluis Costa,1333,Lenovo Tenerife,1,0,0,0,0,0,0,0,0,0,0,0,,0,0,0,0,0,0,0,0,0,0,0,0,0,0,0,0,0,0,0,0,0,0,0,0,0,0,0,0,0,0,0,0,0,0,0,0,0,0,0,0,0,0,0,0,0,0,0,0,0,0,0,0,0,0,0,0,0,0,0,0,0,0,0,0,0,0,0,0,0,0,0,0,0,0,0,0,0,0,0,0,0,0,0,0,0,0,0,0,0,0,0,0,0,0,0,0,0,0,0,0,0,0,0,0,0,0,0,0,0,0,0,0,0,0,0,0,0,0,0,0,0,0,0,0,0,0,0,0,0,0,0,0,0,0,0,0,0,0,0,0,0,0,0,0,0,0,,,,,,,,,,,,,,,,,,,,,,,,,,,,,,,,,,,,,,,,,,,,,,,,,,,,,,,,,,,,,,,,,,,,,,,,,,,,,,,,,,,,,,,,,,0,0,,,0,0,,,0,0,,,0,0,,,0,0,0,0,,,,0,0,0,0,,,,0,0,0,0,,,,0,0,0,0,,,,0,0,0,0,,,,0
8,Liga ACB,51,2025-2026,59219,Beka Burjanadze,1319,Coviran Granada,20,67,29,38,28,8,20,13,3,88,20,7,16.086462796524366,42,23,19,21,6,15,48,23,6,17,7,2,5,16,51,24,27,20,8,12,48,15,4,11,8,0,8,16,12,7,5,14,12,5,7,10,14,8,6,16,3,2,1,6,23,6,17,18,1,0,1,0,1,0,1,0,1,0,1,0,17,7,10,15,7,0,7,0,3,1,2,2,12,7,5,14,27,13,14,33,26,10,16,26,6,2,4,5,1,1,0,2,2,1,1,2,2,0,2,0,3,0,3,0,17,10,7,20,0,0,0,0,0,0,0,0,2,1,1,2,1,1,0,2,2,1,1,3,3,1,2,2,1,0,1,0,41,24,11,8,11,5,19,11,3,2,0.417910447761194,0.5263157894736842,0.27586206896551724,0.5853658536585366,0.47761194029850745,0.23076923076923078,1.0348071495766697,0.43283582089552236,0.5,0.7894736842105263,0.2608695652173913,0.5714285714285714,1.1955593509820666,0.6461538461538462,0.30434782608695654,0.29411764705882354,0.3333333333333333,0.34782608695652173,0.7543103448275862,0.35384615384615387,0.39215686274509803,0.4444444444444444,0.3333333333333333,0.47058823529411764,0.9939353099730458,0.7727272727272727,0.5333333333333333,0.7272727272727273,0.0,0.5333333333333333,1.1029411764705883,0.22727272727272727,0.4117647058823529,0.2537313432835821,0.8823529411764706,0.0,0.1044776119402985,0.0,0.3333333333333333,0.04477611940298507,0.6666666666666666,0.5833333333333334,0.1791044776119403,1.1666666666666667,0.48148148148148145,0.40298507462686567,1.2222222222222223,0.38461538461538464,0.3880597014925373,1.0,0.3333333333333333,0.08955223880597014,0.8333333333333334,1.0,0.014925373134328358,2.0,0.5,0.029850746268656716,1.0,0.0,0.029850746268656716,0.0,0.0,0.04477611940298507,0.0,0.5882352941176471,0.2537313432835821,1.1764705882352942,,0.0,,,0.0,,0.5,0.029850746268656716,1.0,1.0,0.014925373134328358,2.0,0.5,0.029850746268656716,1.5,0.3333333333333333,0.04477611940298507,0.6666666666666666,0.0,0.014925373134328358,0.0,12,7,0.5833333333333334,0.1791044776119403,12,5,0.4166666666666667,0.1791044776119403,14,8,0.5714285714285714,0.208955223880597,26,8,0.3076923076923077,0.3880597014925373,1,1,0,3,1.0,0.014925373134328358,3.0,2,1,1,3,0.5,0.029850746268656716,1.5,7,2,5,6,0.2857142857142857,0.1044776119402985,0.8571428571428571,9,1,8,3,0.1111111111111111,0.13432835820895522,0.3333333333333333,7,3,4,9,0.42857142857142855,0.1044776119402985,1.2857142857142858,462
8,Liga ACB,51,2025-2026,59220,Jonathan Rousselle,1319,Coviran Granada,34,187,93,94,79,36,43,22,3,237,24,7,16.56762178524208,33,25,8,17,12,5,46,149,65,84,58,21,37,137,146,73,73,55,26,29,136,33,16,17,18,6,12,42,33,15,18,30,42,20,22,40,15,6,9,12,8,2,6,6,78,30,48,90,3,0,3,0,0,0,0,0,8,6,2,16,44,16,28,41,7,0,7,0,7,2,5,6,26,16,10,36,95,39,56,95,19,9,10,26,47,16,31,45,0,0,0,0,7,3,4,6,3,0,3,0,5,1,4,2,67,33,34,66,0,0,0,0,0,0,0,0,8,3,5,9,0,0,0,0,4,2,2,6,19,6,13,18,0,0,0,0,59,43,8,6,35,25,37,27,4,3,0.42245989304812837,0.4574468085106383,0.3870967741935484,0.7288135593220338,0.5187165775401069,0.13636363636363635,1.112885048835462,0.49732620320855614,0.5151515151515151,0.625,0.48,0.696969696969697,1.4238773274917853,0.1813186813186813,0.38926174496644295,0.44047619047619047,0.3230769230769231,0.4597315436241611,0.9854014598540146,0.8186813186813187,0.3767123287671233,0.3972602739726027,0.3561643835616438,0.4657534246575342,1.0044367759428148,0.8156424581005587,0.5454545454545454,0.7058823529411765,0.375,0.6363636363636364,1.2945914844649022,0.18435754189944134,0.36363636363636365,0.23529411764705882,0.9318181818181818,0.0,0.0374331550802139,0.0,0.2857142857142857,0.0374331550802139,0.8571428571428571,0.6153846153846154,0.13903743315508021,1.3846153846153846,0.4105263157894737,0.5080213903743316,1.0,0.47368421052631576,0.10160427807486631,1.368421052631579,0.3404255319148936,0.25133689839572193,0.9574468085106383,,0.0,,0.42857142857142855,0.0374331550802139,0.8571428571428571,0.0,0.016042780748663103,0.0,0.2,0.026737967914438502,0.4,0.4925373134328358,0.3582887700534759,0.9850746268656716,,0.0,,,0.0,,0.375,0.0427807486631016,1.125,,0.0,,0.5,0.0213903743315508,1.5,0.3157894736842105,0.10160427807486631,0.9473684210526315,,0.0,,33,15,0.45454545454545453,0.17647058823529413,42,20,0.47619047619047616,0.22459893048128343,15,6,0.4,0.08021390374331551,86,32,0.37209302325581395,0.45989304812834225,6,2,4,6,0.3333333333333333,0.03208556149732621,1.0,2,0,2,0,0.0,0.0106951871657754,0.0,34,12,22,36,0.35294117647058826,0.18181818181818182,1.0588235294117647,25,13,12,39,0.52,0.13368983957219252,1.56,19,5,14,15,0.2631578947368421,0.10160427807486631,0.7894736842105263,1351
8,Liga ACB,51,2025-2026,59221,Jovan Kljajic,1319,Coviran Granada,13,94,49,45,34,15,19,13,2,108,18,6,16.456655492656576,38,32,6,11,8,3,30,48,14,34,19,6,13,44,72,38,34,24,11,13,59,19,10,9,8,4,4,20,19,10,9,20,16,4,12,8,8,3,5,6,8,2,6,6,39,13,26,39,1,0,1,0,0,0,0,0,3,2,1,4,24,6,18,16,6,0,6,0,7,3,4,6,12,5,7,14,42,18,24,43,23,5,18,15,18,6,12,18,0,0,0,0,3,1,2,2,1,0,1,0,1,0,1,0,28,15,13,30,0,0,0,0,0,0,0,0,10,3,7,9,2,1,1,2,1,0,1,0,2,1,1,3,2,0,2,0,32,25,1,1,18,14,20,15,1,1,0.3617021276595745,0.4222222222222222,0.30612244897959184,0.78125,0.44148936170212766,0.15384615384615385,0.999259807549963,0.5212765957446809,0.2894736842105263,0.5,0.25,0.39473684210526316,0.8064516129032259,0.4418604651162791,0.3958333333333333,0.38235294117647056,0.42857142857142855,0.4583333333333333,1.0371959942775393,0.5581395348837209,0.3333333333333333,0.38235294117647056,0.2894736842105263,0.4097222222222222,0.9158415841584159,0.7912087912087912,0.42105263157894735,0.4444444444444444,0.4,0.5263157894736842,1.0802469135802468,0.2087912087912088,0.25,0.2553191489361702,0.6666666666666666,0.0,0.06382978723404255,0.0,0.42857142857142855,0.07446808510638298,0.8571428571428571,0.4166666666666667,0.1276595744680851,1.1666666666666667,0.42857142857142855,0.44680851063829785,1.0238095238095237,0.21739130434782608,0.24468085106382978,0.6521739130434783,0.3333333333333333,0.19148936170212766,1.0,,0.0,,0.3333333333333333,0.031914893617021274,0.6666666666666666,0.0,0.010638297872340425,0.0,0.0,0.010638297872340425,0.0,0.5357142857142857,0.2978723404255319,1.0714285714285714,,0.0,,,0.0,,0.3,0.10638297872340426,0.9,0.5,0.02127659574468085,1.0,0.0,0.010638297872340425,0.0,0.5,0.02127659574468085,1.5,0.0,0.02127659574468085,0.0,19,10,0.5263157894736842,0.20212765957446807,16,4,0.25,0.1702127659574468,8,3,0.375,0.0851063829787234,47,15,0.3191489361702128,0.5,4,1,3,3,0.25,0.0425531914893617,0.75,4,1,3,3,0.25,0.0425531914893617,0.75,10,2,8,6,0.2,0.10638297872340426,0.6,15,6,9,18,0.4,0.1595744680851064,1.2,14,5,9,15,0.35714285714285715,0.14893617021276595,1.0714285714285714,451
8,Liga ACB,51,2025-2026,59223,Sam Dekker,1336,Club Joventut Badalona,12,70,50,20,22,11,11,2,1,55,16,0,19.895294658356878,44,37,7,14,10,4,38,20,10,10,7,1,6,15,56,45,11,15,10,5,40,13,5,8,7,1,6,15,10,8,2,16,4,2,2,4,5,1,4,2,13,3,10,9,37,8,29,24,0,0,0,0,0,0,0,0,1,0,1,0,26,4,22,11,0,0,0,0,2,1,1,2,11,6,5,13,30,11,19,29,29,6,23,18,12,2,10,5,1,1,0,2,0,0,0,0,0,0,0,0,0,0,0,0,8,6,2,12,0,0,0,0,1,1,0,2,10,4,6,12,0,0,0,0,3,0,3,0,3,1,2,2,2,1,1,2,3,0,1,0,0,0,3,0,0,0,0.3142857142857143,0.55,0.22,0.0,0.39285714285714285,0.5,0.7711721817162087,0.7142857142857143,0.3181818181818182,0.5714285714285714,0.2702702702702703,0.4318181818181818,0.8550855085508551,0.6875,0.35,0.6,0.1,0.375,0.75,0.3125,0.26785714285714285,0.45454545454545453,0.2222222222222222,0.35714285714285715,0.6978367062107467,0.8115942028985508,0.5384615384615384,0.75,0.2,0.5769230769230769,1.1538461538461537,0.18840579710144928,0.15384615384615385,0.37142857142857144,0.4230769230769231,,0.0,,0.5,0.02857142857142857,1.0,0.5454545454545454,0.15714285714285714,1.1818181818181819,0.36666666666666664,0.42857142857142855,0.9666666666666667,0.20689655172413793,0.4142857142857143,0.6206896551724138,0.16666666666666666,0.17142857142857143,0.4166666666666667,1.0,0.014285714285714285,2.0,,0.0,,,0.0,,,0.0,,0.75,0.11428571428571428,1.5,,0.0,,1.0,0.014285714285714285,2.0,0.4,0.14285714285714285,1.2,,0.0,,0.0,0.04285714285714286,0.0,0.3333333333333333,0.04285714285714286,0.6666666666666666,0.5,0.02857142857142857,1.0,10,8,0.8,0.14285714285714285,4,2,0.5,0.05714285714285714,5,1,0.2,0.07142857142857142,50,11,0.22,0.7142857142857143,8,2,6,6,0.25,0.11428571428571428,0.75,5,1,4,3,0.2,0.07142857142857142,0.6,9,1,8,3,0.1111111111111111,0.12857142857142856,0.3333333333333333,19,4,15,12,0.21052631578947367,0.2714285714285714,0.631578947368421,9,3,6,9,0.3333333333333333,0.12857142857142856,1.0,379
8,Liga ACB,51,2025-2026,59225,Tadas Sedekerskis,1326,Bitci Baskonia,11,46,23,23,21,7,14,4,1,56,18,3,15.450716995845395,33,20,13,14,6,8,34,9,2,7,6,1,5,13,27,17,10,8,5,3,21,19,6,13,13,2,11,28,15,9,6,18,6,4,2,8,2,1,1,2,8,2,6,6,14,5,9,15,1,0,1,0,0,0,0,0,0,0,0,0,13,4,9,12,3,0,3,0,3,2,1,4,16,11,5,24,11,4,7,9,16,5,11,15,2,0,2,0,3,2,1,4,1,1,0,2,1,0,1,0,1,0,1,0,11,8,3,16,0,0,0,0,0,0,0,0,4,1,3,3,0,0,0,0,2,2,0,5,0,0,0,0,5,2,3,4,9,7,3,2,4,3,6,4,1,1,0.45652173913043476,0.6086956521739131,0.30434782608695654,0.7777777777777778,0.532608695652174,0.25,1.120896717373899,0.5,0.42424242424242425,0.6153846153846154,0.3,0.5151515151515151,1.048951048951049,0.7857142857142857,0.6666666666666666,0.7142857142857143,0.5,0.7222222222222222,1.4869888475836432,0.21428571428571427,0.2962962962962963,0.3,0.29411764705882354,0.3888888888888889,0.8434547908232118,0.5869565217391305,0.6842105263157895,0.8461538461538461,0.3333333333333333,0.7368421052631579,1.4917695473251027,0.41304347826086957,0.3076923076923077,0.2826086956521739,0.9230769230769231,0.0,0.06521739130434782,0.0,0.6666666666666666,0.06521739130434782,1.3333333333333333,0.6875,0.34782608695652173,1.5,0.36363636363636365,0.2391304347826087,0.8181818181818182,0.3125,0.34782608695652173,0.9375,0.0,0.043478260869565216,0.0,0.6666666666666666,0.06521739130434782,1.3333333333333333,1.0,0.021739130434782608,2.0,0.0,0.021739130434782608,0.0,0.0,0.021739130434782608,0.0,0.7272727272727273,0.2391304347826087,1.4545454545454546,,0.0,,,0.0,,0.25,0.08695652173913043,0.75,,0.0,,1.0,0.043478260869565216,2.5,,0.0,,0.4,0.10869565217391304,0.8,15,9,0.6,0.32608695652173914,6,4,0.6666666666666666,0.13043478260869565,2,1,0.5,0.043478260869565216,22,7,0.3181818181818182,0.4782608695652174,4,1,3,3,0.25,0.08695652173913043,0.75,4,1,3,3,0.25,0.08695652173913043,0.75,3,2,1,6,0.6666666666666666,0.06521739130434782,2.0,7,2,5,6,0.2857142857142857,0.15217391304347827,0.8571428571428571,4,1,3,3,0.25,0.08695652173913043,0.75,331
8,Liga ACB,51,2025-2026,59227,Archange Izaw Bolavie,1330,BAXI Manresa,4,3,0,3,1,0,1,0,0,2,1,1,5.597850003369897,1,0,1,0,0,0,0,0,0,0,0,0,0,0,2,0,2,0,0,0,0,1,0,1,1,0,1,2,1,1,0,2,2,0,2,0,0,0,0,0,0,0,0,0,0,0,0,0,0,0,0,0,0,0,0,0,0,0,0,0,0,0,0,0,1,0,1,0,0,0,0,0,1,1,0,2,1,0,1,0,0,0,0,0,0,0,0,0,0,0,0,0,0,0,0,0,0,0,0,0,1,0,1,0,1,0,1,0,0,0,0,0,0,0,0,0,0,0,0,0,0,0,0,0,0,0,0,0,0,0,0,0,1,1,0,2,0,0,0,0,0,0,0,0,0,0,0.3333333333333333,0.3333333333333333,,,0.3333333333333333,,0.6666666666666666,0.0,0.0,0.0,,0.0,0.0,1.0,,,,,,0.0,0.0,0.0,,0.0,0.0,0.6666666666666666,1.0,1.0,,1.0,2.0,0.3333333333333333,,0.0,,0.0,0.3333333333333333,0.0,,0.0,,1.0,0.3333333333333333,2.0,0.0,0.3333333333333333,0.0,,0.0,,,0.0,,,0.0,,,0.0,,,0.0,,0.0,0.3333333333333333,0.0,0.0,0.3333333333333333,0.0,,0.0,,,0.0,,,0.0,,,0.0,,,0.0,,,0.0,,1.0,0.3333333333333333,2.0,1,1,1.0,0.3333333333333333,2,0,0.0,0.6666666666666666,0,0,,0.0,0,0,,0.0,0,0,0,0,,0.0,,0,0,0,0,,0.0,,0,0,0,0,,0.0,,0,0,0,0,,0.0,,0,0,0,0,,0.0,,26
8,Liga ACB,51,2025-2026,59228,Stefan Joksimovic,1326,Bitci Baskonia,10,25,15,10,10,6,4,2,0,29,6,2,17.065788051238567,14,12,2,6,5,1,17,10,3,7,3,1,2,7,16,8,8,5,3,2,13,9,7,2,5,3,2,13,4,2,2,4,4,2,2,4,2,0,2,0,5,3,2,9,10,3,7,9,0,0,0,0,0,0,0,0,0,0,0,0,6,2,4,6,2,0,2,0,2,0,2,0,7,5,2,13,8,3,5,7,9,4,5,12,3,0,3,0,1,1,0,2,1,0,1,0,0,0,0,0,0,0,0,0,7,3,4,6,0,0,0,0,0,0,0,0,3,1,2,3,0,0,0,0,1,1,0,3,0,0,0,0,0,0,0,0,8,3,0,0,4,1,4,1,0,0,0.4,0.4,0.4,0.375,0.52,0.0,1.0168302945301544,0.6,0.42857142857142855,0.5,0.4166666666666667,0.6071428571428571,1.2142857142857142,0.5833333333333334,0.3,0.2857142857142857,0.3333333333333333,0.35,0.6802721088435374,0.4166666666666667,0.3125,0.25,0.375,0.40625,0.7882882882882882,0.64,0.5555555555555556,1.0,0.42857142857142855,0.7222222222222222,1.4444444444444444,0.36,0.3333333333333333,0.24,1.0,0.0,0.08,0.0,0.0,0.08,0.0,0.7142857142857143,0.28,1.8571428571428572,0.375,0.32,0.875,0.4444444444444444,0.36,1.3333333333333333,0.0,0.12,0.0,1.0,0.04,2.0,0.0,0.04,0.0,,0.0,,,0.0,,0.42857142857142855,0.28,0.8571428571428571,,0.0,,,0.0,,0.3333333333333333,0.12,1.0,,0.0,,1.0,0.04,3.0,,0.0,,,0.0,,4,2,0.5,0.16,4,2,0.5,0.16,2,0,0.0,0.08,15,6,0.4,0.6,0,0,0,0,,0.0,,5,3,2,9,0.6,0.2,1.8,2,0,2,0,0.0,0.08,0.0,3,1,2,3,0.3333333333333333,0.12,1.0,5,2,3,6,0.4,0.2,1.2,173
8,Liga ACB,51,2025-2026,59229,Sayon Keita,1340,BC Barcelona,9,10,0,10,3,0,3,3,0,8,2,1,5.336807645223728,5,0,5,3,0,3,6,4,0,4,0,0,0,0,8,0,8,2,0,2,4,2,0,2,1,0,1,2,5,1,4,2,4,2,2,4,1,0,1,0,0,0,0,0,0,0,0,0,0,0,0,0,0,0,0,0,0,0,0,0,3,1,2,2,1,0,1,0,0,0,0,0,2,1,1,2,4,1,3,2,1,0,1,0,0,0,0,0,1,1,0,2,0,0,0,0,0,0,0,0,2,1,1,2,3,0,3,0,0,0,0,0,2,1,1,2,0,0,0,0,0,0,0,0,0,0,0,0,0,0,0,0,1,0,1,0,6,2,6,2,0,0,2,0,4,2,0.3,0.3,,0.3333333333333333,0.3,0.0,0.6329113924050632,0.0,0.6,0.6,,0.6,1.0471204188481675,0.5555555555555556,0.0,0.0,,0.0,0.0,0.4444444444444444,0.25,0.25,,0.25,0.4504504504504504,0.8,0.5,0.5,,0.5,1.0638297872340425,0.2,0.3333333333333333,0.3,0.6666666666666666,0.0,0.1,0.0,,0.0,,0.5,0.2,1.0,0.25,0.4,0.5,0.0,0.1,0.0,,0.0,,1.0,0.1,2.0,,0.0,,,0.0,,0.5,0.2,1.0,0.0,0.3,0.0,,0.0,,0.5,0.2,1.0,,0.0,,,0.0,,,0.0,,,0.0,,0.0,0.1,0.0,5,1,0.2,0.5,4,2,0.5,0.4,1,0,0.0,0.1,0,0,,0.0,0,0,0,0,,0.0,,0,0,0,0,,0.0,,0,0,0,0,,0.0,,0,0,0,0,,0.0,,0,0,0,0,,0.0,,102
8,Liga ACB,51,2025-2026,59230,Sergi Garcia,1316,San Pablo Burgos,5,3,2,1,1,1,0,0,0,3,1,0,17.168723011705,2,2,0,1,1,0,3,1,0,1,0,0,0,0,1,0,1,0,0,0,0,2,2,0,1,1,0,3,0,0,0,0,1,0,1,0,0,0,0,0,1,0,1,0,1,1,0,3,0,0,0,0,0,0,0,0,0,0,0,0,0,0,0,0,0,0,0,0,1,0,1,0,1,1,0,3,1,0,1,0,1,0,1,0,0,0,0,0,0,0,0,0,0,0,0,0,0,0,0,0,0,0,0,0,1,0,1,0,0,0,0,0,0,0,0,0,1,1,0,3,0,0,0,0,0,0,0,0,0,0,0,0,0,0,0,0,0,0,0,0,0,0,0,0,0,0,0.3333333333333333,0.0,0.5,,0.5,,1.0,0.6666666666666666,0.5,,0.5,0.75,1.5,0.6666666666666666,0.0,0.0,,0.0,0.0,0.3333333333333333,0.0,0.0,,0.0,0.0,0.3333333333333333,0.5,,0.5,0.75,1.5,0.6666666666666666,,0.0,,,0.0,,0.0,0.3333333333333333,0.0,1.0,0.3333333333333333,3.0,0.0,0.3333333333333333,0.0,0.0,0.3333333333333333,0.0,,0.0,,,0.0,,,0.0,,,0.0,,,0.0,,0.0,0.3333333333333333,0.0,,0.0,,,0.0,,1.0,0.3333333333333333,3.0,,0.0,,,0.0,,,0.0,,,0.0,,0,0,,0.0,1,0,0.0,0.3333333333333333,0,0,,0.0,2,1,0.5,0.6666666666666666,0,0,0,0,,0.0,,1,0,1,0,0.0,0.3333333333333333,0.0,0,0,0,0,,0.0,,0,0,0,0,,0.0,,1,1,0,3,1.0,0.3333333333333333,3.0,53
8,Liga ACB,51,2025-2026,59231,Ferran Mauri,1336,Club Joventut Badalona,3,4,3,1,1,1,0,0,0,3,1,0,19.458756519070388,4,3,1,1,1,0,3,0,0,0,0,0,0,0,3,2,1,1,1,0,3,1,1,0,0,0,0,0,0,0,0,0,1,0,1,0,0,0,0,0,3,1,2,3,0,0,0,0,0,0,0,0,0,0,0,0,0,0,0,0,1,0,1,0,0,0,0,0,0,0,0,0,1,0,1,0,2,1,1,3,3,1,2,3,0,0,0,0,0,0,0,0,1,0,1,0,0,0,0,0,0,0,0,0,0,0,0,0,0,0,0,0,0,0,0,0,0,0,0,0,0,0,0,0,0,0,0,0,0,0,0,0,0,0,0,0,0,0,0,0,0,0,0,0,0,0,0.25,0.0,0.3333333333333333,,0.375,,0.75,0.75,0.25,0.0,0.3333333333333333,0.375,0.75,1.0,,,,,,0.0,0.3333333333333333,0.0,0.5,0.5,1.0,0.75,0.0,,0.0,0.0,0.0,0.25,0.0,0.25,0.0,,0.0,,,0.0,,0.0,0.25,0.0,0.5,0.5,1.5,0.3333333333333333,0.75,1.0,,0.0,,,0.0,,0.0,0.25,0.0,,0.0,,,0.0,,,0.0,,,0.0,,,0.0,,,0.0,,,0.0,,,0.0,,,0.0,,,0.0,,0,0,,0.0,1,0,0.0,0.25,0,0,,0.0,3,1,0.3333333333333333,0.75,1,0,1,0,0.0,0.25,0.0,2,1,1,3,0.5,0.5,1.5,0,0,0,0,,0.0,,0,0,0,0,,0.0,,0,0,0,0,,0.0,,16
8,Liga ACB,51,2025-2026,59232,Eduardo Duran,1319,Coviran Granada,15,11,9,2,2,1,1,1,0,7,1,0,23.203696920526614,10,9,1,1,1,0,3,1,0,1,1,0,1,2,8,7,1,2,1,1,5,3,2,1,0,0,0,0,0,0,0,0,0,0,0,0,2,1,1,2,1,0,1,0,8,1,7,3,0,0,0,0,0,0,0,0,0,0,0,0,5,1,4,2,0,0,0,0,0,0,0,0,3,0,3,0,3,1,2,3,3,0,3,0,1,1,0,2,0,0,0,0,0,0,0,0,0,0,0,0,0,0,0,0,0,0,0,0,0,0,0,0,0,0,0,0,7,1,6,3,0,0,0,0,0,0,0,0,0,0,0,0,0,0,0,0,2,2,2,2,0,0,0,0,2,2,0.18181818181818182,0.5,0.1111111111111111,1.0,0.22727272727272727,0.0,0.5892255892255892,0.8181818181818182,0.1,0.0,0.1111111111111111,0.15,0.45955882352941174,0.9090909090909091,1.0,1.0,,1.0,2.0,0.09090909090909091,0.25,1.0,0.14285714285714285,0.3125,0.625,0.7272727272727273,0.0,0.0,0.0,0.0,0.5154639175257733,0.2727272727272727,0.2,0.45454545454545453,0.4,,0.0,,,0.0,,0.0,0.2727272727272727,0.0,0.3333333333333333,0.2727272727272727,1.0,0.0,0.2727272727272727,0.0,1.0,0.09090909090909091,2.0,,0.0,,,0.0,,,0.0,,,0.0,,,0.0,,,0.0,,,0.0,,0.14285714285714285,0.6363636363636364,0.42857142857142855,,0.0,,,0.0,,,0.0,,,0.0,,0,0,,0.0,0,0,,0.0,2,1,0.5,0.18181818181818182,9,1,0.1111111111111111,0.8181818181818182,0,0,0,0,,0.0,,1,0,1,0,0.0,0.09090909090909091,0.0,2,0,2,0,0.0,0.18181818181818182,0.0,3,0,3,0,0.0,0.2727272727272727,0.0,3,1,2,3,0.3333333333333333,0.2727272727272727,1.0,105
8,Liga ACB,51,2025-2026,59233,Micah Speight,1319,Coviran Granada,3,17,5,12,4,0,4,1,0,10,0,1,16.04514389095075,2,2,0,0,0,0,0,15,3,12,4,0,4,8,10,3,7,2,0,2,4,7,2,5,2,0,2,4,3,1,2,2,1,0,1,0,8,3,5,6,0,0,0,0,5,0,5,0,0,0,0,0,0,0,0,0,0,0,0,0,5,2,3,4,1,0,1,0,3,1,2,2,4,1,3,2,4,0,4,0,1,0,1,0,7,1,6,2,0,0,0,0,3,1,2,2,0,0,0,0,0,0,0,0,3,1,2,2,0,0,0,0,0,0,0,0,1,0,1,0,0,0,0,0,0,0,0,0,2,1,1,2,0,0,0,0,2,2,0,0,2,2,0,0,2,2,0.23529411764705882,0.3333333333333333,0.0,1.0,0.23529411764705882,0.0,0.5592841163310962,0.29411764705882354,0.0,,0.0,0.0,0.0,0.11764705882352941,0.26666666666666666,0.3333333333333333,0.0,0.26666666666666666,0.6297229219143576,0.8823529411764706,0.2,0.2857142857142857,0.0,0.2,0.4,0.5882352941176471,0.2857142857142857,0.4,0.0,0.2857142857142857,0.7614213197969544,0.4117647058823529,0.4,0.29411764705882354,0.8,0.0,0.058823529411764705,0.0,0.3333333333333333,0.17647058823529413,0.6666666666666666,0.25,0.23529411764705882,0.5,0.0,0.23529411764705882,0.0,0.0,0.058823529411764705,0.0,0.14285714285714285,0.4117647058823529,0.2857142857142857,,0.0,,0.3333333333333333,0.17647058823529413,0.6666666666666666,,0.0,,,0.0,,0.3333333333333333,0.17647058823529413,0.6666666666666666,,0.0,,,0.0,,0.0,0.058823529411764705,0.0,,0.0,,,0.0,,0.5,0.11764705882352941,1.0,,0.0,,3,1,0.3333333333333333,0.17647058823529413,1,0,0.0,0.058823529411764705,8,3,0.375,0.47058823529411764,5,0,0.0,0.29411764705882354,0,0,0,0,,0.0,,0,0,0,0,,0.0,,1,0,1,0,0.0,0.058823529411764705,0.0,1,0,1,0,0.0,0.058823529411764705,0.0,3,0,3,0,0.0,0.17647058823529413,0.0,105
8,Liga ACB,51,2025-2026,59234,Aaron Ganal,1332,BC MoraBanc Andorra,6,4,3,1,0,0,0,0,0,0,0,0,19.784416972359388,2,2,0,0,0,0,0,1,0,1,0,0,0,0,2,1,1,0,0,0,0,2,2,0,0,0,0,0,1,0,1,0,0,0,0,0,0,0,0,0,1,0,1,0,2,0,2,0,0,0,0,0,0,0,0,0,0,0,0,0,1,0,1,0,0,0,0,0,0,0,0,0,2,0,2,0,1,0,1,0,2,0,2,0,1,0,1,0,0,0,0,0,0,0,0,0,0,0,0,0,0,0,0,0,1,0,1,0,0,0,0,0,0,0,0,0,0,0,0,0,0,0,0,0,0,0,0,0,0,0,0,0,0,0,0,0,2,0,0,0,0,0,0,0,0,0,0.0,0.0,0.0,0.0,0.0,,0.0,0.75,0.0,,0.0,0.0,0.0,0.6666666666666666,0.0,0.0,,0.0,0.0,0.3333333333333333,0.0,0.0,0.0,0.0,0.0,0.5,0.0,,0.0,0.0,0.0,0.5,0.0,0.25,0.0,,0.0,,,0.0,,0.0,0.5,0.0,0.0,0.25,0.0,0.0,0.5,0.0,0.0,0.25,0.0,,0.0,,,0.0,,,0.0,,,0.0,,0.0,0.25,0.0,,0.0,,,0.0,,,0.0,,,0.0,,,0.0,,,0.0,,,0.0,,1,0,0.0,0.25,0,0,,0.0,0,0,,0.0,3,0,0.0,0.75,0,0,0,0,,0.0,,1,0,1,0,0.0,0.25,0.0,1,0,1,0,0.0,0.25,0.0,1,0,1,0,0.0,0.25,0.0,0,0,0,0,,0.0,,19
8,Liga ACB,51,2025-2026,59237,Nihad Dedovic,1339,Malaga,8,59,26,33,26,6,20,4,0,69,16,2,12.621303880327527,31,17,14,14,4,10,32,25,8,17,12,2,10,26,38,15,23,15,3,12,33,19,9,10,10,2,8,22,22,16,6,32,10,4,6,8,1,0,1,0,3,0,3,0,20,5,15,15,1,0,1,0,0,0,0,0,2,1,1,3,10,3,7,6,2,0,2,0,6,3,3,7,13,7,6,15,26,12,14,27,13,3,10,9,6,2,4,6,0,0,0,0,1,1,0,2,1,0,1,0,1,0,1,0,28,19,9,38,0,0,0,0,0,0,0,0,3,0,3,0,0,0,0,0,1,0,1,0,1,0,1,0,2,0,2,0,16,11,2,1,6,5,8,6,0,0,0.4406779661016949,0.6060606060606061,0.23076923076923078,0.6875,0.4915254237288136,0.0,1.0448213204118715,0.4406779661016949,0.45161290322580644,0.7142857142857143,0.23529411764705882,0.5161290322580645,1.0351317440401506,0.5535714285714286,0.48,0.5882352941176471,0.25,0.52,1.1215629522431259,0.44642857142857145,0.39473684210526316,0.5217391304347826,0.2,0.4342105263157895,0.9393063583815028,0.6666666666666666,0.5263157894736842,0.8,0.2222222222222222,0.5789473684210527,1.1578947368421053,0.3333333333333333,0.3,0.1694915254237288,0.6,0.0,0.03389830508474576,0.0,0.5,0.1016949152542373,1.1666666666666667,0.5384615384615384,0.22033898305084745,1.1538461538461537,0.46153846153846156,0.4406779661016949,1.0384615384615385,0.23076923076923078,0.22033898305084745,0.6923076923076923,0.3333333333333333,0.1016949152542373,1.0,,0.0,,1.0,0.01694915254237288,2.0,0.0,0.01694915254237288,0.0,0.0,0.01694915254237288,0.0,0.6785714285714286,0.4745762711864407,1.3571428571428572,,0.0,,,0.0,,0.0,0.05084745762711865,0.0,,0.0,,0.0,0.01694915254237288,0.0,0.0,0.01694915254237288,0.0,0.0,0.03389830508474576,0.0,22,16,0.7272727272727273,0.3728813559322034,10,4,0.4,0.1694915254237288,1,0,0.0,0.01694915254237288,23,5,0.21739130434782608,0.3898305084745763,0,0,0,0,,0.0,,3,0,3,0,0.0,0.05084745762711865,0.0,1,1,0,3,1.0,0.01694915254237288,3.0,8,2,6,6,0.25,0.13559322033898305,0.75,11,2,9,6,0.18181818181818182,0.1864406779661017,0.5454545454545454,266
8,Liga ACB,51,2025-2026,59246,Daniel Gonzalez,1340,BC Barcelona,6,4,3,1,1,1,0,0,0,5,1,1,20.313814636465032,2,2,0,1,1,0,3,2,1,1,0,0,0,0,3,2,1,0,0,0,0,1,1,0,1,1,0,3,0,0,0,0,1,0,1,0,0,0,0,0,0,0,0,0,3,1,2,3,0,0,0,0,0,0,0,0,0,0,0,0,2,0,2,0,1,0,1,0,0,0,0,0,1,1,0,3,0,0,0,0,2,1,1,3,1,0,1,0,0,0,0,0,0,0,0,0,0,0,0,0,0,0,0,0,1,0,1,0,0,0,0,0,0,0,0,0,0,0,0,0,0,0,0,0,0,0,0,0,0,0,0,0,0,0,0,0,2,2,0,0,0,0,0,0,0,0,0.25,0.0,0.3333333333333333,1.0,0.375,,1.0245901639344261,0.75,0.5,,0.5,0.75,1.5,0.5,0.0,0.0,0.0,0.0,0.0,0.5,0.0,0.0,0.0,0.0,0.0,0.75,1.0,,1.0,1.5,3.0,0.25,0.0,0.5,0.0,0.0,0.25,0.0,,0.0,,1.0,0.25,3.0,,0.0,,0.5,0.5,1.5,0.0,0.25,0.0,,0.0,,,0.0,,,0.0,,,0.0,,0.0,0.25,0.0,,0.0,,,0.0,,,0.0,,,0.0,,,0.0,,,0.0,,,0.0,,0,0,,0.0,1,0,0.0,0.25,0,0,,0.0,3,1,0.3333333333333333,0.75,0,0,0,0,,0.0,,0,0,0,0,,0.0,,1,0,1,0,0.0,0.25,0.0,2,1,1,3,0.5,0.5,1.5,0,0,0,0,,0.0,,48
8,Liga ACB,51,2025-2026,59260,Daniel Garcia,1323,ICG Forca Lleida,13,64,36,28,26,11,15,5,1,75,12,0,17.452134437909404,29,26,3,11,10,1,32,35,10,25,15,1,14,31,36,22,14,13,6,7,32,28,14,14,13,5,8,31,5,3,2,6,14,7,7,14,9,5,4,10,1,1,0,3,35,10,25,30,0,0,0,0,0,0,0,0,0,0,0,0,23,8,15,21,0,0,0,0,7,3,4,8,21,10,11,23,13,5,8,11,17,6,11,18,19,7,12,15,0,0,0,0,7,3,4,6,0,0,0,0,1,1,0,2,9,5,4,10,0,0,0,0,0,0,0,0,9,4,5,12,0,0,0,0,0,0,0,0,1,0,1,0,1,0,1,0,17,12,0,0,9,9,9,9,0,0,0.40625,0.5357142857142857,0.3055555555555556,0.7058823529411765,0.4921875,0.2,1.0492445439283715,0.5625,0.3793103448275862,0.3333333333333333,0.38461538461538464,0.5517241379310345,1.103448275862069,0.453125,0.42857142857142855,0.56,0.1,0.44285714285714284,1.0266940451745379,0.546875,0.3611111111111111,0.5,0.2727272727272727,0.4444444444444444,1.026026026026026,0.5625,0.4642857142857143,0.5714285714285714,0.35714285714285715,0.5535714285714286,1.1071428571428572,0.4375,0.34782608695652173,0.359375,0.9130434782608695,,0.0,,0.42857142857142855,0.109375,1.1428571428571428,0.47619047619047616,0.328125,1.0952380952380953,0.38461538461538464,0.203125,0.8461538461538461,0.35294117647058826,0.265625,1.0588235294117647,0.3684210526315789,0.296875,0.7894736842105263,,0.0,,0.42857142857142855,0.109375,0.8571428571428571,,0.0,,1.0,0.015625,2.0,0.5555555555555556,0.140625,1.1111111111111112,,0.0,,,0.0,,0.4444444444444444,0.140625,1.3333333333333333,,0.0,,,0.0,,0.0,0.015625,0.0,0.0,0.015625,0.0,5,3,0.6,0.078125,14,7,0.5,0.21875,9,5,0.5555555555555556,0.140625,36,11,0.3055555555555556,0.5625,0,0,0,0,,0.0,,1,1,0,3,1.0,0.015625,3.0,10,3,7,9,0.3,0.15625,0.9,13,5,8,15,0.38461538461538464,0.203125,1.1538461538461537,12,2,10,6,0.16666666666666666,0.1875,0.5,534
8,Liga ACB,51,2025-2026,59268,Adrian Torres,1336,Club Joventut Badalona,1,0,0,0,0,0,0,1,0,2,0,0,,0,0,0,0,0,0,0,0,0,0,0,0,0,0,0,0,0,0,0,0,0,0,0,0,0,0,0,0,0,0,0,0,0,0,0,0,0,0,0,0,0,0,0,0,0,0,0,0,0,0,0,0,0,0,0,0,0,0,0,0,0,0,0,0,0,0,0,0,0,0,0,0,0,0,0,0,0,0,0,0,0,0,0,0,0,0,0,0,0,0,0,0,0,0,0,0,0,0,0,0,0,0,0,0,0,0,0,0,0,0,0,0,0,0,0,0,0,0,0,0,0,0,0,0,0,0,0,0,0,0,0,0,0,0,0,0,2,2,0,0,2,2,0,0,2,2,,,,1.0,,0.0,2.272727272727273,,,,,,,,,,,,2.272727272727273,,,,,,,,,,,,2.272727272727273,,,,,,,,,,,,,,,,,,,,,,,,,,,,,,,,,,,,,,,,,,,,,,,,,,,,,,,,,,,0,0,,,0,0,,,0,0,,,0,0,,,0,0,0,0,,,,0,0,0,0,,,,0,0,0,0,,,,0,0,0,0,,,,0,0,0,0,,,,5
8,Liga ACB,51,2025-2026,59269,Maximo Fjellerup,1315,Basquet Girona,3,15,0,15,6,0,6,3,0,20,5,3,6.668264081584069,6,0,6,4,0,4,8,9,0,9,2,0,2,4,8,0,8,3,0,3,6,7,0,7,3,0,3,6,8,5,3,10,5,0,5,0,2,1,1,2,0,0,0,0,0,0,0,0,0,0,0,0,0,0,0,0,0,0,0,0,1,1,0,2,3,0,3,0,4,1,3,2,3,2,1,4,4,2,2,4,2,1,1,2,0,0,0,0,0,0,0,0,1,0,1,0,0,0,0,0,2,0,2,0,10,5,5,10,0,0,0,0,0,0,0,0,0,0,0,0,0,0,0,0,0,0,0,0,0,0,0,0,0,0,0,0,10,8,2,2,4,3,4,4,2,1,0.4,0.4,,0.8,0.4,0.0,1.0309278350515465,0.0,0.6666666666666666,0.6666666666666666,,0.6666666666666666,1.4534883720930232,0.4,0.2222222222222222,0.2222222222222222,,0.2222222222222222,0.6505576208178439,0.6,0.375,0.375,,0.375,1.0245901639344261,0.5333333333333333,0.42857142857142855,0.42857142857142855,,0.42857142857142855,0.8883248730964467,0.4666666666666667,1.0,0.06666666666666667,2.0,0.0,0.2,0.0,0.25,0.26666666666666666,0.5,0.6666666666666666,0.2,1.3333333333333333,0.5,0.26666666666666666,1.0,0.5,0.13333333333333333,1.0,,0.0,,,0.0,,0.0,0.06666666666666667,0.0,,0.0,,0.0,0.13333333333333333,0.0,0.5,0.6666666666666666,1.0,,0.0,,,0.0,,,0.0,,,0.0,,,0.0,,,0.0,,,0.0,,8,5,0.625,0.5333333333333333,5,0,0.0,0.3333333333333333,2,1,0.5,0.13333333333333333,0,0,,0.0,0,0,0,0,,0.0,,0,0,0,0,,0.0,,0,0,0,0,,0.0,,0,0,0,0,,0.0,,0,0,0,0,,0.0,,80
8,Liga ACB,51,2025-2026,59272,Pere Tomas Noguera,1319,Coviran Granada,14,16,13,3,6,4,2,0,0,16,6,0,20.634886357231387,15,13,2,6,4,2,16,1,0,1,0,0,0,0,10,8,2,4,3,1,11,6,5,1,2,1,1,5,1,1,0,2,2,1,1,2,0,0,0,0,7,2,5,6,6,2,4,6,0,0,0,0,0,0,0,0,0,0,0,0,8,3,5,8,0,0,0,0,2,1,1,2,4,1,3,3,2,1,1,3,13,4,9,12,0,0,0,0,0,0,0,0,1,0,1,0,0,0,0,0,0,0,0,0,2,2,0,4,0,0,0,0,0,0,0,0,0,0,0,0,0,0,0,0,0,0,0,0,0,0,0,0,0,0,0,0,2,0,0,0,0,0,0,0,0,0,0.375,0.6666666666666666,0.3076923076923077,0.0,0.5,,0.9478672985781991,0.8125,0.4,1.0,0.3076923076923077,0.5333333333333333,1.0666666666666667,0.9375,0.0,0.0,,0.0,0.0,0.0625,0.4,0.5,0.375,0.55,1.1,0.625,0.3333333333333333,1.0,0.2,0.4166666666666667,0.8333333333333334,0.375,0.375,0.5,1.0,,0.0,,0.5,0.125,1.0,0.25,0.25,0.75,0.5,0.125,1.5,0.3076923076923077,0.8125,0.9230769230769231,,0.0,,,0.0,,0.0,0.0625,0.0,,0.0,,,0.0,,1.0,0.125,2.0,,0.0,,,0.0,,,0.0,,,0.0,,,0.0,,,0.0,,,0.0,,1,1,1.0,0.0625,2,1,0.5,0.125,0,0,,0.0,13,4,0.3076923076923077,0.8125,0,0,0,0,,0.0,,7,2,5,6,0.2857142857142857,0.4375,0.8571428571428571,2,0,2,0,0.0,0.125,0.0,0,0,0,0,,0.0,,4,2,2,6,0.5,0.25,1.5,175
8,Liga ACB,51,2025-2026,59290,Juan Nunez Garcia,1340,BC Barcelona,8,30,10,20,14,2,12,4,1,38,4,1,12.069146362257596,5,3,2,2,1,1,5,24,7,17,11,1,10,23,16,2,14,8,0,8,16,13,8,5,5,2,3,12,8,7,1,14,9,4,5,8,2,0,2,0,0,0,0,0,10,2,8,6,0,0,0,0,0,0,0,0,1,1,0,2,6,4,2,8,1,0,1,0,3,1,2,2,10,4,6,10,9,4,5,8,3,1,2,3,6,1,5,3,1,0,1,0,2,0,2,0,0,0,0,0,0,0,0,0,14,11,3,22,1,0,1,0,0,0,0,0,0,0,0,0,0,0,0,0,0,0,0,0,2,0,2,0,0,0,0,0,13,8,0,0,7,4,6,4,1,0,0.4666666666666667,0.6,0.2,0.6153846153846154,0.5,0.25,1.0638297872340425,0.3333333333333333,0.4,0.5,0.3333333333333333,0.5,1.0,0.1724137931034483,0.4583333333333333,0.5882352941176471,0.14285714285714285,0.4791666666666667,0.9970457902511078,0.8275862068965517,0.5,0.5714285714285714,0.0,0.5,1.0729613733905579,0.5517241379310345,0.38461538461538464,0.6,0.25,0.46153846153846156,0.8928571428571429,0.4482758620689655,0.6666666666666666,0.2,1.3333333333333333,0.0,0.03333333333333333,0.0,0.3333333333333333,0.1,0.6666666666666666,0.4,0.3333333333333333,1.0,0.4444444444444444,0.3,0.8888888888888888,0.3333333333333333,0.1,1.0,0.16666666666666666,0.2,0.5,0.0,0.03333333333333333,0.0,0.0,0.06666666666666667,0.0,,0.0,,,0.0,,0.7857142857142857,0.4666666666666667,1.5714285714285714,0.0,0.03333333333333333,0.0,,0.0,,,0.0,,,0.0,,,0.0,,0.0,0.06666666666666667,0.0,,0.0,,8,7,0.875,0.26666666666666666,9,4,0.4444444444444444,0.3,2,0,0.0,0.06666666666666667,10,2,0.2,0.3333333333333333,0,0,0,0,,0.0,,0,0,0,0,,0.0,,5,1,4,3,0.2,0.16666666666666666,0.6,4,1,3,3,0.25,0.13333333333333333,0.75,1,0,1,0,0.0,0.03333333333333333,0.0,241
8,Liga ACB,51,2025-2026,59295,Carlos Alocen,1328,Dreamland Gran Canaria,16,45,18,27,18,5,13,7,0,57,5,2,14.468583155683133,14,11,3,5,3,2,13,28,7,21,12,2,10,26,31,13,18,10,3,7,23,13,5,8,7,2,5,16,8,7,1,14,11,4,7,8,7,1,6,2,6,2,4,6,12,3,9,9,0,0,0,0,0,0,0,0,1,1,0,2,13,1,12,3,2,0,2,0,4,2,2,4,9,5,4,12,16,9,7,20,11,2,9,6,14,4,10,10,0,0,0,0,3,1,2,2,0,0,0,0,0,0,0,0,14,9,5,18,0,0,0,0,0,0,0,0,1,1,0,3,0,0,0,0,0,0,0,0,1,0,1,0,0,0,0,0,22,16,0,0,10,8,6,6,6,3,0.4,0.48148148148148145,0.2777777777777778,0.7272727272727273,0.45555555555555555,0.0,1.0424286759326993,0.4,0.35714285714285715,0.6666666666666666,0.2727272727272727,0.4642857142857143,0.9285714285714286,0.3333333333333333,0.42857142857142855,0.47619047619047616,0.2857142857142857,0.4642857142857143,1.0493827160493827,0.6666666666666666,0.3225806451612903,0.3888888888888889,0.23076923076923078,0.3709677419354839,0.8620689655172413,0.7045454545454546,0.5384615384615384,0.625,0.4,0.6153846153846154,1.2148337595907928,0.29545454545454547,0.07692307692307693,0.28888888888888886,0.23076923076923078,0.0,0.044444444444444446,0.0,0.5,0.08888888888888889,1.0,0.5555555555555556,0.2,1.3333333333333333,0.5625,0.35555555555555557,1.25,0.18181818181818182,0.24444444444444444,0.5454545454545454,0.2857142857142857,0.3111111111111111,0.7142857142857143,,0.0,,0.3333333333333333,0.06666666666666667,0.6666666666666666,,0.0,,,0.0,,0.6428571428571429,0.3111111111111111,1.2857142857142858,,0.0,,,0.0,,1.0,0.022222222222222223,3.0,,0.0,,,0.0,,0.0,0.022222222222222223,0.0,,0.0,,8,7,0.875,0.17777777777777778,11,4,0.36363636363636365,0.24444444444444444,7,1,0.14285714285714285,0.15555555555555556,18,5,0.2777777777777778,0.4,2,1,1,3,0.5,0.044444444444444446,1.5,4,1,3,3,0.25,0.08888888888888889,0.75,3,0,3,0,0.0,0.06666666666666667,0.0,5,2,3,6,0.4,0.1111111111111111,1.2,4,1,3,3,0.25,0.08888888888888889,0.75,371
8,Liga ACB,51,2025-2026,59301,Babatunde Olumuyiwa,1319,Coviran Granada,33,118,0,118,80,0,80,28,11,199,63,12,3.7552295311732338,70,0,70,46,0,46,92,38,0,38,29,0,29,58,83,0,83,50,0,50,100,33,0,33,30,0,30,60,67,49,18,98,48,31,17,62,1,0,1,0,0,0,0,0,0,0,0,0,0,0,0,0,0,0,0,0,2,0,2,0,21,19,2,38,12,0,12,0,7,6,1,12,26,24,2,48,50,31,19,62,0,0,0,0,0,0,0,0,15,14,1,28,2,2,0,4,0,0,0,0,5,4,1,8,88,57,31,114,0,0,0,0,2,1,1,2,1,0,1,0,0,0,0,0,0,0,0,0,0,0,0,0,3,2,1,4,63,39,31,19,8,4,37,21,8,6,0.6779661016949152,0.6779661016949152,,0.6190476190476191,0.6779661016949152,0.39285714285714285,1.365632720285479,0.0,0.6571428571428571,0.6571428571428571,,0.6571428571428571,1.327116212338594,0.6481481481481481,0.7631578947368421,0.7631578947368421,,0.7631578947368421,1.493256262042389,0.35185185185185186,0.6024096385542169,0.6024096385542169,,0.6024096385542169,1.2187751813053989,0.7155172413793104,0.9090909090909091,0.9090909090909091,,0.9090909090909091,1.8072289156626504,0.28448275862068967,0.9047619047619048,0.17796610169491525,1.8095238095238095,0.0,0.1016949152542373,0.0,0.8571428571428571,0.059322033898305086,1.7142857142857142,0.9230769230769231,0.22033898305084745,1.8461538461538463,0.62,0.423728813559322,1.24,,0.0,,,0.0,,0.9333333333333333,0.1271186440677966,1.8666666666666667,1.0,0.01694915254237288,2.0,,0.0,,0.8,0.0423728813559322,1.6,0.6477272727272727,0.7457627118644068,1.2954545454545454,,0.0,,0.5,0.01694915254237288,1.0,0.0,0.00847457627118644,0.0,,0.0,,,0.0,,,0.0,,0.6666666666666666,0.025423728813559324,1.3333333333333333,67,49,0.7313432835820896,0.5677966101694916,48,31,0.6458333333333334,0.4067796610169492,1,0,0.0,0.00847457627118644,0,0,,0.0,0,0,0,0,,0.0,,0,0,0,0,,0.0,,0,0,0,0,,0.0,,0,0,0,0,,0.0,,0,0,0,0,,0.0,,1216
8,Liga ACB,51,2025-2026,59374,Kyle Kuric,1332,BC MoraBanc Andorra,29,240,121,119,104,55,49,15,8,318,67,3,17.694744986241815,98,77,21,43,34,9,120,124,36,88,50,16,34,116,179,87,92,75,34,41,184,50,25,25,22,15,7,59,17,12,5,24,37,15,22,30,63,21,42,42,20,12,8,36,91,37,54,111,0,0,0,0,1,0,1,0,11,7,4,20,62,29,33,73,3,0,3,0,14,5,9,14,36,17,19,45,114,46,68,111,26,14,12,42,92,36,56,88,0,0,0,0,9,3,6,6,0,0,0,0,1,0,1,0,26,18,8,36,0,0,0,0,1,1,0,2,65,24,41,66,1,0,1,0,4,0,4,0,2,1,1,3,2,0,2,0,61,55,5,5,18,14,20,16,3,3,0.43333333333333335,0.4117647058823529,0.45454545454545453,0.9016393442622951,0.5479166666666667,0.5333333333333333,1.1917253785039725,0.5041666666666667,0.4387755102040816,0.42857142857142855,0.44155844155844154,0.6122448979591837,1.24750499001996,0.44144144144144143,0.4032258064516129,0.38636363636363635,0.4444444444444444,0.46774193548387094,0.9854457246816253,0.5585585585585585,0.41899441340782123,0.44565217391304346,0.39080459770114945,0.5139664804469274,1.0649627263045793,0.7816593886462883,0.44,0.28,0.6,0.59,1.2081060015588465,0.2183406113537118,0.46774193548387094,0.25833333333333336,1.1774193548387097,0.0,0.0125,0.0,0.35714285714285715,0.058333333333333334,1.0,0.4722222222222222,0.15,1.25,0.40350877192982454,0.475,0.9736842105263158,0.5384615384615384,0.10833333333333334,1.6153846153846154,0.391304347826087,0.38333333333333336,0.9565217391304348,,0.0,,0.3333333333333333,0.0375,0.6666666666666666,,0.0,,0.0,0.004166666666666667,0.0,0.6923076923076923,0.10833333333333334,1.3846153846153846,,0.0,,1.0,0.004166666666666667,2.0,0.36923076923076925,0.2708333333333333,1.0153846153846153,0.0,0.004166666666666667,0.0,0.0,0.016666666666666666,0.0,0.5,0.008333333333333333,1.5,0.0,0.008333333333333333,0.0,17,12,0.7058823529411765,0.07083333333333333,37,15,0.40540540540540543,0.15416666666666667,63,21,0.3333333333333333,0.2625,111,49,0.44144144144144143,0.4625,16,9,7,27,0.5625,0.06666666666666667,1.6875,4,3,1,9,0.75,0.016666666666666666,2.25,24,12,12,36,0.5,0.1,1.5,37,16,21,48,0.43243243243243246,0.15416666666666667,1.2972972972972974,30,9,21,27,0.3,0.125,0.9,1178
8,Liga ACB,51,2025-2026,59386,Ivan Cruz Uceda,1322,Leche Rio Breogan,4,3,3,0,2,2,0,0,0,6,2,0,23.27663864885032,3,3,0,2,2,0,6,0,0,0,0,0,0,0,0,0,0,0,0,0,0,3,3,0,2,2,0,6,0,0,0,0,0,0,0,0,0,0,0,0,1,1,0,3,2,1,1,3,0,0,0,0,0,0,0,0,0,0,0,0,0,0,0,0,0,0,0,0,1,1,0,3,2,1,1,3,0,0,0,0,2,2,0,6,0,0,0,0,0,0,0,0,0,0,0,0,0,0,0,0,0,0,0,0,0,0,0,0,0,0,0,0,0,0,0,0,1,0,1,0,0,0,0,0,0,0,0,0,0,0,0,0,0,0,0,0,0,0,0,0,0,0,0,0,0,0,0.6666666666666666,,0.6666666666666666,,1.0,,2.0,1.0,0.6666666666666666,,0.6666666666666666,1.0,2.0,1.0,,,,,,0.0,,,,,,0.0,0.6666666666666666,,0.6666666666666666,1.0,2.0,1.0,,0.0,,,0.0,,1.0,0.3333333333333333,3.0,0.5,0.6666666666666666,1.5,,0.0,,1.0,0.6666666666666666,3.0,,0.0,,,0.0,,,0.0,,,0.0,,,0.0,,,0.0,,,0.0,,,0.0,,0.0,0.3333333333333333,0.0,,0.0,,,0.0,,,0.0,,,0.0,,0,0,,0.0,0,0,,0.0,0,0,,0.0,3,2,0.6666666666666666,1.0,1,1,0,3,1.0,0.3333333333333333,3.0,0,0,0,0,,0.0,,1,0,1,0,0.0,0.3333333333333333,0.0,0,0,0,0,,0.0,,1,1,0,3,1.0,0.3333333333333333,3.0,30
8,Liga ACB,51,2025-2026,59422,Mehdy Ngouama,1319,Coviran Granada,13,100,46,54,33,9,24,12,3,101,10,5,14.175922164734205,35,29,6,11,7,4,29,62,17,45,21,2,19,44,75,36,39,24,9,15,57,25,10,15,9,0,9,18,19,10,9,20,29,12,17,24,6,2,4,4,7,2,5,6,38,7,31,21,0,0,0,0,1,0,1,0,0,0,0,0,27,10,17,25,5,0,5,0,5,1,4,2,20,8,12,16,43,14,29,32,12,5,7,15,21,3,18,8,1,1,0,2,3,1,2,2,0,0,0,0,1,0,1,0,42,21,21,42,1,0,1,0,1,0,1,0,17,2,15,6,0,0,0,0,1,0,1,0,0,0,0,0,0,0,0,0,33,26,4,3,17,13,21,16,0,0,0.33,0.4444444444444444,0.1956521739130435,0.7878787878787878,0.375,0.25,0.8819420188613343,0.46,0.3142857142857143,0.6666666666666666,0.2413793103448276,0.4142857142857143,0.8705114254624592,0.36082474226804123,0.3387096774193548,0.4222222222222222,0.11764705882352941,0.3548387096774194,0.8203799654576857,0.6391752577319587,0.32,0.38461538461538464,0.25,0.38,0.8665716999050332,0.75,0.36,0.6,0.0,0.36,0.72,0.25,0.37037037037037035,0.27,0.9259259259259259,0.0,0.05,0.0,0.2,0.05,0.4,0.4,0.2,0.8,0.32558139534883723,0.43,0.7441860465116279,0.4166666666666667,0.12,1.25,0.14285714285714285,0.21,0.38095238095238093,1.0,0.01,2.0,0.3333333333333333,0.03,0.6666666666666666,,0.0,,0.0,0.01,0.0,0.5,0.42,1.0,0.0,0.01,0.0,0.0,0.01,0.0,0.11764705882352941,0.17,0.35294117647058826,,0.0,,0.0,0.01,0.0,,0.0,,,0.0,,19,10,0.5263157894736842,0.19,29,12,0.41379310344827586,0.29,6,2,0.3333333333333333,0.06,45,9,0.2,0.45,5,1,4,3,0.2,0.05,0.6,2,1,1,3,0.5,0.02,1.5,12,4,8,12,0.3333333333333333,0.12,1.0,13,0,13,0,0.0,0.13,0.0,13,3,10,9,0.23076923076923078,0.13,0.6923076923076923,569
8,Liga ACB,51,2025-2026,59475,Stan Okoye,1332,BC MoraBanc Andorra,25,174,108,66,75,33,42,18,6,219,53,7,17.5359640339047,104,84,20,42,28,14,112,58,21,37,26,5,21,57,119,78,41,43,23,20,109,43,25,18,24,8,16,56,26,18,8,36,22,11,11,22,11,7,4,14,40,12,28,36,63,19,44,57,0,0,0,0,0,0,0,0,12,8,4,18,51,22,29,57,6,0,6,0,9,2,7,5,34,22,12,51,62,21,41,52,64,24,40,70,27,10,17,25,5,5,0,10,2,1,1,2,0,0,0,0,4,1,3,2,32,19,13,38,1,1,0,2,0,0,0,0,24,5,19,14,0,0,0,0,0,0,0,0,3,1,2,2,0,0,0,0,44,36,11,8,18,16,26,22,3,2,0.43103448275862066,0.6363636363636364,0.3055555555555556,0.8181818181818182,0.5258620689655172,0.3333333333333333,1.132602399669011,0.6206896551724138,0.40384615384615385,0.7,0.3333333333333333,0.5384615384615384,1.1025358324145533,0.6419753086419753,0.4482758620689655,0.5675675675675675,0.23809523809523808,0.49137931034482757,1.1074029126213591,0.35802469135802467,0.36134453781512604,0.4878048780487805,0.2948717948717949,0.4579831932773109,1.004293161606869,0.7345679012345679,0.5581395348837209,0.8888888888888888,0.32,0.6511627906976745,1.3086642599277978,0.2654320987654321,0.43137254901960786,0.29310344827586204,1.1176470588235294,0.0,0.034482758620689655,0.0,0.2222222222222222,0.05172413793103448,0.5555555555555556,0.6470588235294118,0.19540229885057472,1.5,0.3387096774193548,0.3563218390804598,0.8387096774193549,0.375,0.367816091954023,1.09375,0.37037037037037035,0.15517241379310345,0.9259259259259259,1.0,0.028735632183908046,2.0,0.5,0.011494252873563218,1.0,,0.0,,0.25,0.022988505747126436,0.5,0.59375,0.1839080459770115,1.1875,1.0,0.005747126436781609,2.0,,0.0,,0.20833333333333334,0.13793103448275862,0.5833333333333334,,0.0,,,0.0,,0.3333333333333333,0.017241379310344827,0.6666666666666666,,0.0,,26,18,0.6923076923076923,0.14942528735632185,22,11,0.5,0.12643678160919541,11,7,0.6363636363636364,0.06321839080459771,103,31,0.30097087378640774,0.5919540229885057,24,7,17,21,0.2916666666666667,0.13793103448275862,0.875,16,5,11,15,0.3125,0.09195402298850575,0.9375,23,6,17,18,0.2608695652173913,0.13218390804597702,0.782608695652174,17,5,12,15,0.29411764705882354,0.09770114942528736,0.8823529411764706,23,8,15,24,0.34782608695652173,0.13218390804597702,1.0434782608695652,1033
8,Liga ACB,51,2025-2026,59527,Jaime Fernandez Manzanares,1331,Casademont Zaragoza,25,50,20,30,30,5,25,9,4,77,21,1,12.768845449885353,41,19,22,24,5,19,53,6,0,6,5,0,5,10,34,14,20,19,3,16,41,14,5,9,10,2,8,22,19,16,3,32,5,5,0,10,5,3,2,6,12,3,9,9,7,2,5,6,0,0,0,0,0,0,0,0,2,1,1,2,16,7,9,15,1,0,1,0,4,4,0,9,10,6,4,13,17,12,5,26,21,7,14,19,1,0,1,0,2,2,0,4,0,0,0,0,0,0,0,0,1,1,0,2,18,16,2,32,0,0,0,0,1,1,0,2,2,1,1,2,0,0,0,0,0,0,0,0,0,0,0,0,2,1,1,2,14,12,6,6,4,3,12,10,0,0,0.6,0.8333333333333334,0.25,0.8571428571428571,0.65,0.4444444444444444,1.3710826210826212,0.4,0.5853658536585366,0.8636363636363636,0.2631578947368421,0.6463414634146342,1.3519706691109075,0.8723404255319149,0.8333333333333334,0.8333333333333334,,0.8333333333333334,1.675257731958763,0.1276595744680851,0.5588235294117647,0.8,0.21428571428571427,0.6029411764705882,1.2983706720977597,0.7083333333333334,0.7142857142857143,0.8888888888888888,0.4,0.7857142857142857,1.5714285714285714,0.2916666666666667,0.4375,0.32,0.9375,0.0,0.02,0.0,1.0,0.08,2.25,0.6,0.2,1.3,0.7058823529411765,0.34,1.5294117647058822,0.3333333333333333,0.42,0.9047619047619048,0.0,0.02,0.0,1.0,0.04,2.0,,0.0,,,0.0,,1.0,0.02,2.0,0.8888888888888888,0.36,1.7777777777777777,,0.0,,1.0,0.02,2.0,0.5,0.04,1.0,,0.0,,,0.0,,,0.0,,0.5,0.04,1.0,19,16,0.8421052631578947,0.38,5,5,1.0,0.1,5,3,0.6,0.1,19,5,0.2631578947368421,0.38,4,1,3,3,0.25,0.08,0.75,8,2,6,6,0.25,0.16,0.75,1,0,1,0,0.0,0.02,0.0,3,0,3,0,0.0,0.06,0.0,3,2,1,6,0.6666666666666666,0.06,2.0,518
8,Liga ACB,51,2025-2026,61525,Dario Dreznjak,1322,Leche Rio Breogan,1,4,2,2,2,0,2,0,0,5,1,0,16.318800976517647,3,2,1,1,0,1,2,0,0,0,0,0,0,0,2,2,0,0,0,0,0,1,0,1,1,0,1,2,1,1,0,2,0,0,0,0,0,0,0,0,0,0,0,0,2,0,2,0,0,0,0,0,0,0,0,0,1,1,0,2,2,0,2,0,0,0,0,0,0,0,0,0,1,1,0,2,0,0,0,0,1,0,1,0,0,0,0,0,0,0,0,0,0,0,0,0,0,0,0,0,0,0,0,0,1,1,0,2,0,0,0,0,0,0,0,0,1,0,1,0,0,0,0,0,0,0,0,0,0,0,0,0,0,0,0,0,2,1,0,0,0,0,0,0,0,0,0.5,1.0,0.0,0.5,0.5,,1.0245901639344261,0.5,0.3333333333333333,1.0,0.0,0.3333333333333333,0.6666666666666666,1.0,,,,,,0.0,0.0,,0.0,0.0,0.0,0.6666666666666666,1.0,1.0,,1.0,2.0,0.3333333333333333,0.0,0.5,0.0,,0.0,,,0.0,,1.0,0.25,2.0,,0.0,,0.0,0.25,0.0,,0.0,,,0.0,,,0.0,,,0.0,,,0.0,,1.0,0.25,2.0,,0.0,,,0.0,,0.0,0.25,0.0,,0.0,,,0.0,,,0.0,,,0.0,,1,1,1.0,0.25,0,0,,0.0,0,0,,0.0,2,0,0.0,0.5,0,0,0,0,,0.0,,0,0,0,0,,0.0,,1,0,1,0,0.0,0.25,0.0,1,0,1,0,0.0,0.25,0.0,0,0,0,0,,0.0,,33
8,Liga ACB,51,2025-2026,61550,Brandon Jefferson,1328,Dreamland Gran Canaria,3,13,11,2,4,3,1,0,0,13,2,1,23.00417258551325,7,7,0,2,2,0,6,6,4,2,2,1,1,5,10,8,2,2,1,1,5,3,3,0,2,2,0,6,0,0,0,0,0,0,0,0,2,1,1,2,4,0,4,0,7,3,4,9,0,0,0,0,0,0,0,0,0,0,0,0,3,1,2,3,1,0,1,0,0,0,0,0,3,2,1,6,6,1,5,2,4,1,3,3,6,2,4,5,0,0,0,0,0,0,0,0,0,0,0,0,0,0,0,0,0,0,0,0,0,0,0,0,0,0,0,0,3,1,2,3,0,0,0,0,0,0,0,0,0,0,0,0,0,0,0,0,2,2,0,0,0,0,0,0,0,0,0.3076923076923077,0.5,0.2727272727272727,1.0,0.4230769230769231,,0.9365994236311239,0.8461538461538461,0.2857142857142857,,0.2857142857142857,0.42857142857142855,0.8571428571428571,0.5384615384615384,0.3333333333333333,0.5,0.25,0.4166666666666667,0.8333333333333334,0.46153846153846156,0.2,0.5,0.125,0.25,0.5,0.7692307692307693,0.6666666666666666,,0.6666666666666666,1.0,2.0,0.23076923076923078,0.3333333333333333,0.23076923076923078,1.0,0.0,0.07692307692307693,0.0,,0.0,,0.6666666666666666,0.23076923076923078,2.0,0.16666666666666666,0.46153846153846156,0.3333333333333333,0.25,0.3076923076923077,0.75,0.3333333333333333,0.46153846153846156,0.8333333333333334,,0.0,,,0.0,,,0.0,,,0.0,,,0.0,,,0.0,,,0.0,,0.3333333333333333,0.23076923076923078,1.0,,0.0,,,0.0,,,0.0,,,0.0,,0,0,,0.0,0,0,,0.0,2,1,0.5,0.15384615384615385,11,3,0.2727272727272727,0.8461538461538461,2,0,2,0,0.0,0.15384615384615385,0.0,2,0,2,0,0.0,0.15384615384615385,0.0,1,0,1,0,0.0,0.07692307692307693,0.0,3,1,2,3,0.3333333333333333,0.23076923076923078,1.0,3,2,1,6,0.6666666666666666,0.23076923076923078,2.0,87
8,Liga ACB,51,2025-2026,62834,Kevin Yebo,1333,Lenovo Tenerife,1,3,1,2,1,0,1,1,0,4,0,0,10.797862587659667,1,1,0,0,0,0,0,1,0,1,1,0,1,2,3,1,2,1,0,1,2,0,0,0,0,0,0,0,1,0,1,0,1,1,0,2,0,0,0,0,0,0,0,0,1,0,1,0,0,0,0,0,0,0,0,0,0,0,0,0,2,0,2,0,0,0,0,0,0,0,0,0,0,0,0,0,1,1,0,2,1,0,1,0,0,0,0,0,0,0,0,0,0,0,0,0,0,0,0,0,0,0,0,0,1,1,0,2,0,0,0,0,0,0,0,0,0,0,0,0,0,0,0,0,0,0,0,0,0,0,0,0,1,0,1,0,2,2,0,0,2,2,2,2,0,0,0.3333333333333333,0.5,0.0,1.0,0.3333333333333333,0.0,1.0309278350515465,0.3333333333333333,0.0,,0.0,0.0,0.0,0.5,1.0,1.0,,1.0,2.127659574468085,0.5,0.3333333333333333,0.5,0.0,0.3333333333333333,1.0309278350515465,1.0,,,,,,0.0,0.0,0.6666666666666666,0.0,,0.0,,,0.0,,,0.0,,1.0,0.3333333333333333,2.0,0.0,0.3333333333333333,0.0,,0.0,,,0.0,,,0.0,,,0.0,,,0.0,,1.0,0.3333333333333333,2.0,,0.0,,,0.0,,,0.0,,,0.0,,,0.0,,,0.0,,0.0,0.3333333333333333,0.0,1,0,0.0,0.3333333333333333,1,1,1.0,0.3333333333333333,0,0,,0.0,1,0,0.0,0.3333333333333333,0,0,0,0,,0.0,,0,0,0,0,,0.0,,1,0,1,0,0.0,0.3333333333333333,0.0,0,0,0,0,,0.0,,0,0,0,0,,0.0,,15
8,Liga ACB,51,2025-2026,63799,Vit Hrabar,1326,Bitci Baskonia,1,1,0,1,1,0,1,0,0,2,1,0,2.746656572320213,1,0,1,1,0,1,2,0,0,0,0,0,0,0,0,0,0,0,0,0,0,1,0,1,1,0,1,2,1,1,0,2,0,0,0,0,0,0,0,0,0,0,0,0,0,0,0,0,0,0,0,0,0,0,0,0,0,0,0,0,0,0,0,0,0,0,0,0,0,0,0,0,1,1,0,2,0,0,0,0,0,0,0,0,0,0,0,0,1,1,0,2,0,0,0,0,0,0,0,0,0,0,0,0,0,0,0,0,0,0,0,0,0,0,0,0,0,0,0,0,0,0,0,0,0,0,0,0,0,0,0,0,0,0,0,0,0,0,0,0,0,0,0,0,0,0,1.0,1.0,,,1.0,,2.0,0.0,1.0,1.0,,1.0,2.0,1.0,,,,,,0.0,,,,,,0.0,1.0,1.0,,1.0,2.0,1.0,,0.0,,,0.0,,,0.0,,1.0,1.0,2.0,,0.0,,,0.0,,,0.0,,1.0,1.0,2.0,,0.0,,,0.0,,,0.0,,,0.0,,,0.0,,,0.0,,,0.0,,,0.0,,,0.0,,,0.0,,,0.0,,1,1,1.0,1.0,0,0,,0.0,0,0,,0.0,0,0,,0.0,0,0,0,0,,0.0,,0,0,0,0,,0.0,,0,0,0,0,,0.0,,0,0,0,0,,0.0,,0,0,0,0,,0.0,,4
8,Liga ACB,51,2025-2026,63998,Jordan Walker,1322,Leche Rio Breogan,4,15,10,5,5,3,2,0,0,13,1,1,18.99679044144204,5,4,1,0,0,0,0,9,5,4,4,2,2,10,10,7,3,3,2,1,8,4,2,2,1,0,1,2,2,1,1,2,0,0,0,0,3,1,2,2,1,0,1,0,8,2,6,6,0,0,0,0,0,0,0,0,1,1,0,3,4,2,2,5,1,0,1,0,1,1,0,2,3,0,3,0,5,1,4,3,3,0,3,0,6,2,4,6,0,0,0,0,0,0,0,0,0,0,0,0,0,0,0,0,2,1,1,2,0,0,0,0,0,0,0,0,1,0,1,0,0,0,0,0,0,0,0,0,2,1,1,2,0,0,0,0,0,0,0,0,0,0,0,0,0,0,0.3333333333333333,0.4,0.3,,0.43333333333333335,,0.8666666666666667,0.6666666666666666,0.0,0.0,0.0,0.0,0.0,0.35714285714285715,0.4444444444444444,0.5,0.4,0.5555555555555556,1.1111111111111112,0.6428571428571429,0.3,0.3333333333333333,0.2857142857142857,0.4,0.8,0.7142857142857143,0.25,0.5,0.0,0.25,0.5,0.2857142857142857,0.5,0.26666666666666666,1.25,0.0,0.06666666666666667,0.0,1.0,0.06666666666666667,2.0,0.0,0.2,0.0,0.2,0.3333333333333333,0.6,0.0,0.2,0.0,0.3333333333333333,0.4,1.0,,0.0,,,0.0,,,0.0,,,0.0,,0.5,0.13333333333333333,1.0,,0.0,,,0.0,,0.0,0.06666666666666667,0.0,,0.0,,,0.0,,0.5,0.13333333333333333,1.0,,0.0,,2,1,0.5,0.13333333333333333,0,0,,0.0,3,1,0.3333333333333333,0.2,9,2,0.2222222222222222,0.6,0,0,0,0,,0.0,,1,0,1,0,0.0,0.06666666666666667,0.0,4,1,3,3,0.25,0.26666666666666666,0.75,1,0,1,0,0.0,0.06666666666666667,0.0,3,1,2,3,0.3333333333333333,0.2,1.0,74
8,Liga ACB,51,2025-2026,64367,Aleksandr Savkov,1331,Casademont Zaragoza,1,1,1,0,0,0,0,0,0,0,0,0,26.36693491359389,0,0,0,0,0,0,0,0,0,0,0,0,0,0,0,0,0,0,0,0,0,1,1,0,0,0,0,0,0,0,0,0,0,0,0,0,0,0,0,0,0,0,0,0,1,0,1,0,0,0,0,0,0,0,0,0,0,0,0,0,0,0,0,0,0,0,0,0,0,0,0,0,1,0,1,0,0,0,0,0,0,0,0,0,1,0,1,0,0,0,0,0,0,0,0,0,0,0,0,0,0,0,0,0,0,0,0,0,0,0,0,0,0,0,0,0,0,0,0,0,0,0,0,0,0,0,0,0,0,0,0,0,0,0,0,0,0,0,0,0,0,0,0,0,0,0,0.0,,0.0,,0.0,,0.0,1.0,,,,,,,,,,,,,,,,,,0.0,0.0,,0.0,0.0,0.0,1.0,,0.0,,,0.0,,,0.0,,0.0,1.0,0.0,,0.0,,,0.0,,0.0,1.0,0.0,,0.0,,,0.0,,,0.0,,,0.0,,,0.0,,,0.0,,,0.0,,,0.0,,,0.0,,,0.0,,,0.0,,,0.0,,0,0,,0.0,0,0,,0.0,0,0,,0.0,1,0,0.0,1.0,0,0,0,0,,0.0,,0,0,0,0,,0.0,,0,0,0,0,,0.0,,0,0,0,0,,0.0,,1,0,1,0,0.0,1.0,0.0,4
8,Liga ACB,51,2025-2026,64368,Matija Lukic,1331,Casademont Zaragoza,1,1,0,1,1,0,1,1,1,3,0,0,4.152907710878574,0,0,0,0,0,0,0,1,0,1,1,0,1,2,1,0,1,1,0,1,2,0,0,0,0,0,0,0,0,0,0,0,1,1,0,2,0,0,0,0,0,0,0,0,0,0,0,0,0,0,0,0,0,0,0,0,0,0,0,0,0,0,0,0,0,0,0,0,0,0,0,0,0,0,0,0,1,1,0,2,0,0,0,0,0,0,0,0,0,0,0,0,0,0,0,0,0,0,0,0,0,0,0,0,1,1,0,2,0,0,0,0,0,0,0,0,0,0,0,0,0,0,0,0,0,0,0,0,0,0,0,0,0,0,0,0,1,1,0,0,1,1,1,1,0,0,1.0,1.0,,1.0,1.0,1.0,2.0833333333333335,0.0,,,,,,0.0,1.0,1.0,,1.0,2.0833333333333335,1.0,1.0,1.0,,1.0,2.0833333333333335,1.0,,,,,,0.0,,0.0,,,0.0,,,0.0,,,0.0,,1.0,1.0,2.0,,0.0,,,0.0,,,0.0,,,0.0,,,0.0,,,0.0,,1.0,1.0,2.0,,0.0,,,0.0,,,0.0,,,0.0,,,0.0,,,0.0,,,0.0,,0,0,,0.0,1,1,1.0,1.0,0,0,,0.0,0,0,,0.0,0,0,0,0,,0.0,,0,0,0,0,,0.0,,0,0,0,0,,0.0,,0,0,0,0,,0.0,,0,0,0,0,,0.0,,4
8,Liga ACB,51,2025-2026,65435,Mohamed Sangare,1333,Lenovo Tenerife,0,1,0,1,1,0,1,0,0,2,1,0,5.454587772233885,1,0,1,1,0,1,2,0,0,0,0,0,0,0,0,0,0,0,0,0,0,1,0,1,1,0,1,2,0,0,0,0,1,1,0,2,0,0,0,0,0,0,0,0,0,0,0,0,0,0,0,0,0,0,0,0,0,0,0,0,0,0,0,0,0,0,0,0,0,0,0,0,1,1,0,2,0,0,0,0,0,0,0,0,0,0,0,0,1,1,0,2,0,0,0,0,0,0,0,0,0,0,0,0,0,0,0,0,0,0,0,0,0,0,0,0,0,0,0,0,0,0,0,0,0,0,0,0,0,0,0,0,0,0,0,0,0,0,0,0,0,0,0,0,0,0,1.0,1.0,,,1.0,,2.0,0.0,1.0,1.0,,1.0,2.0,1.0,,,,,,0.0,,,,,,0.0,1.0,1.0,,1.0,2.0,1.0,,0.0,,,0.0,,,0.0,,1.0,1.0,2.0,,0.0,,,0.0,,,0.0,,1.0,1.0,2.0,,0.0,,,0.0,,,0.0,,,0.0,,,0.0,,,0.0,,,0.0,,,0.0,,,0.0,,,0.0,,,0.0,,0,0,,0.0,1,1,1.0,1.0,0,0,,0.0,0,0,,0.0,0,0,0,0,,0.0,,0,0,0,0,,0.0,,0,0,0,0,,0.0,,0,0,0,0,,0.0,,0,0,0,0,,0.0,,0
8,Liga ACB,51,2025-2026,82918,Gunars Grinvalds,1338,Real Madrid,1,1,1,0,0,0,0,1,0,1,0,0,24.87034209483914,1,1,0,0,0,0,0,0,0,0,0,0,0,0,1,1,0,0,0,0,0,0,0,0,0,0,0,0,0,0,0,0,0,0,0,0,0,0,0,0,0,0,0,0,1,0,1,0,0,0,0,0,0,0,0,0,0,0,0,0,1,0,1,0,0,0,0,0,0,0,0,0,0,0,0,0,0,0,0,0,1,0,1,0,0,0,0,0,0,0,0,0,0,0,0,0,0,0,0,0,0,0,0,0,0,0,0,0,0,0,0,0,0,0,0,0,0,0,0,0,0,0,0,0,0,0,0,0,0,0,0,0,0,0,0,0,2,1,0,0,2,1,2,1,0,0,0.0,,0.0,0.5,0.0,0.0,0.5319148936170213,1.0,0.0,,0.0,0.0,0.0,1.0,,,,,1.1363636363636365,0.0,0.0,,0.0,0.0,0.5319148936170213,1.0,,,,,,0.0,0.0,1.0,0.0,,0.0,,,0.0,,,0.0,,,0.0,,0.0,1.0,0.0,,0.0,,,0.0,,,0.0,,,0.0,,,0.0,,,0.0,,,0.0,,,0.0,,,0.0,,,0.0,,,0.0,,,0.0,,,0.0,,0,0,,0.0,0,0,,0.0,0,0,,0.0,1,0,0.0,1.0,0,0,0,0,,0.0,,0,0,0,0,,0.0,,1,0,1,0,0.0,1.0,0.0,0,0,0,0,,0.0,,0,0,0,0,,0.0,,4
8,Liga ACB,51,2025-2026,83339,Josep Perez,1319,Coviran Granada,3,25,6,19,12,3,9,1,0,32,2,2,10.559725305187,5,4,1,2,2,0,6,19,2,17,10,1,9,21,17,3,14,7,2,5,16,6,2,4,4,0,4,8,7,5,2,10,8,2,6,4,3,2,1,4,2,1,1,3,3,1,2,3,0,0,0,0,0,0,0,0,2,1,1,3,2,1,1,3,1,0,1,0,3,1,2,2,3,3,0,6,14,6,8,13,3,1,2,3,4,2,2,5,1,1,0,2,0,0,0,0,0,0,0,0,0,0,0,0,13,7,6,14,0,0,0,0,0,0,0,0,0,0,0,0,1,0,1,0,0,0,0,0,1,0,1,0,0,0,0,0,5,5,0,0,2,2,2,2,0,0,0.48,0.47368421052631576,0.5,1.0,0.54,0.0,1.1764705882352942,0.24,0.4,0.0,0.5,0.6,1.2,0.20833333333333334,0.5263157894736842,0.5294117647058824,0.5,0.5526315789473685,1.1569416498993965,0.7916666666666666,0.4117647058823529,0.35714285714285715,0.6666666666666666,0.47058823529411764,1.0067114093959733,0.7391304347826086,0.6666666666666666,1.0,0.0,0.6666666666666666,1.3333333333333333,0.2608695652173913,0.5,0.08,1.5,0.0,0.04,0.0,0.3333333333333333,0.12,0.6666666666666666,1.0,0.12,2.0,0.42857142857142855,0.56,0.9285714285714286,0.3333333333333333,0.12,1.0,0.5,0.16,1.25,1.0,0.04,2.0,,0.0,,,0.0,,,0.0,,0.5384615384615384,0.52,1.0769230769230769,,0.0,,,0.0,,,0.0,,0.0,0.04,0.0,,0.0,,0.0,0.04,0.0,,0.0,,7,5,0.7142857142857143,0.28,8,2,0.25,0.32,3,2,0.6666666666666666,0.12,5,2,0.4,0.2,2,1,1,3,0.5,0.08,1.5,0,0,0,0,,0.0,,1,0,1,0,0.0,0.04,0.0,1,0,1,0,0.0,0.04,0.0,1,1,0,3,1.0,0.04,3.0,137
8,Liga ACB,51,2025-2026,83934,Lucas Sanchez,1330,BAXI Manresa,1,4,1,3,1,0,1,0,0,2,0,0,12.363449730589377,1,1,0,0,0,0,0,2,0,2,1,0,1,2,4,1,3,1,0,1,2,0,0,0,0,0,0,0,1,1,0,2,2,0,2,0,0,0,0,0,0,0,0,0,0,0,0,0,0,0,0,0,1,0,1,0,0,0,0,0,2,0,2,0,0,0,0,0,0,0,0,0,0,0,0,0,2,1,1,2,0,0,0,0,0,0,0,0,0,0,0,0,0,0,0,0,0,0,0,0,0,0,0,0,3,1,2,2,0,0,0,0,0,0,0,0,1,0,1,0,0,0,0,0,0,0,0,0,0,0,0,0,0,0,0,0,0,0,0,0,0,0,0,0,0,0,0.25,0.3333333333333333,0.0,,0.25,,0.5,0.25,0.0,,0.0,0.0,0.0,0.3333333333333333,0.5,0.5,,0.5,1.0,0.6666666666666666,0.25,0.3333333333333333,0.0,0.25,0.5,1.0,,,,,,0.0,0.0,0.5,0.0,,0.0,,,0.0,,,0.0,,0.5,0.5,1.0,,0.0,,,0.0,,,0.0,,,0.0,,,0.0,,,0.0,,0.3333333333333333,0.75,0.6666666666666666,,0.0,,,0.0,,0.0,0.25,0.0,,0.0,,,0.0,,,0.0,,,0.0,,1,1,1.0,0.25,2,0,0.0,0.5,0,0,,0.0,0,0,,0.0,0,0,0,0,,0.0,,0,0,0,0,,0.0,,0,0,0,0,,0.0,,0,0,0,0,,0.0,,0,0,0,0,,0.0,,17
8,Liga ACB,51,2025-2026,83935,Naspler Guillem,1330,BAXI Manresa,3,1,0,1,0,0,0,0,0,0,0,0,1.0319826765444158,0,0,0,0,0,0,0,1,0,1,0,0,0,0,1,0,1,0,0,0,0,0,0,0,0,0,0,0,1,0,1,0,0,0,0,0,0,0,0,0,0,0,0,0,0,0,0,0,0,0,0,0,0,0,0,0,0,0,0,0,0,0,0,0,0,0,0,0,0,0,0,0,0,0,0,0,1,0,1,0,0,0,0,0,0,0,0,0,0,0,0,0,0,0,0,0,0,0,0,0,0,0,0,0,1,0,1,0,0,0,0,0,0,0,0,0,0,0,0,0,0,0,0,0,0,0,0,0,0,0,0,0,0,0,0,0,0,0,0,0,0,0,0,0,0,0,0.0,0.0,,,0.0,,0.0,0.0,,,,,,0.0,0.0,0.0,,0.0,0.0,1.0,0.0,0.0,,0.0,0.0,1.0,,,,,,0.0,,0.0,,,0.0,,,0.0,,,0.0,,0.0,1.0,0.0,,0.0,,,0.0,,,0.0,,,0.0,,,0.0,,,0.0,,0.0,1.0,0.0,,0.0,,,0.0,,,0.0,,,0.0,,,0.0,,,0.0,,,0.0,,1,0,0.0,1.0,0,0,,0.0,0,0,,0.0,0,0,,0.0,0,0,0,0,,0.0,,0,0,0,0,,0.0,,0,0,0,0,,0.0,,0,0,0,0,,0.0,,0,0,0,0,,0.0,,14
8,Liga ACB,51,2025-2026,84336,Ibou Dabo,1323,ICG Forca Lleida,2,3,0,3,2,0,2,0,0,4,2,0,11.571234070479937,0,0,0,0,0,0,0,1,0,1,0,0,0,0,3,0,3,2,0,2,4,0,0,0,0,0,0,0,0,0,0,0,3,2,1,4,0,0,0,0,0,0,0,0,0,0,0,0,0,0,0,0,0,0,0,0,0,0,0,0,1,1,0,2,0,0,0,0,0,0,0,0,0,0,0,0,2,1,1,2,0,0,0,0,0,0,0,0,0,0,0,0,0,0,0,0,0,0,0,0,0,0,0,0,3,2,1,4,0,0,0,0,0,0,0,0,0,0,0,0,0,0,0,0,0,0,0,0,0,0,0,0,0,0,0,0,0,0,0,0,0,0,0,0,0,0,0.6666666666666666,0.6666666666666666,,,0.6666666666666666,,1.3333333333333333,0.0,,,,,,0.0,0.0,0.0,,0.0,0.0,1.0,0.6666666666666666,0.6666666666666666,,0.6666666666666666,1.3333333333333333,1.0,,,,,,0.0,1.0,0.3333333333333333,2.0,,0.0,,,0.0,,,0.0,,0.5,0.6666666666666666,1.0,,0.0,,,0.0,,,0.0,,,0.0,,,0.0,,,0.0,,0.6666666666666666,1.0,1.3333333333333333,,0.0,,,0.0,,,0.0,,,0.0,,,0.0,,,0.0,,,0.0,,0,0,,0.0,3,2,0.6666666666666666,1.0,0,0,,0.0,0,0,,0.0,0,0,0,0,,0.0,,0,0,0,0,,0.0,,0,0,0,0,,0.0,,0,0,0,0,,0.0,,0,0,0,0,,0.0,,25
8,Liga ACB,51,2025-2026,84386,Pol Rios,1323,ICG Forca Lleida,1,2,0,2,0,0,0,0,0,0,0,0,16.889365491201083,0,0,0,0,0,0,0,1,0,1,0,0,0,0,1,0,1,0,0,0,0,1,0,1,0,0,0,0,0,0,0,0,1,0,1,0,1,0,1,0,0,0,0,0,0,0,0,0,0,0,0,0,0,0,0,0,0,0,0,0,1,0,1,0,0,0,0,0,0,0,0,0,1,0,1,0,0,0,0,0,0,0,0,0,2,0,2,0,0,0,0,0,0,0,0,0,0,0,0,0,0,0,0,0,0,0,0,0,0,0,0,0,0,0,0,0,0,0,0,0,0,0,0,0,0,0,0,0,0,0,0,0,0,0,0,0,0,0,0,0,0,0,0,0,0,0,0.0,0.0,,,0.0,,0.0,0.0,,,,,,0.0,0.0,0.0,,0.0,0.0,1.0,0.0,0.0,,0.0,0.0,0.5,0.0,0.0,,0.0,0.0,0.5,0.0,0.5,0.0,,0.0,,,0.0,,0.0,0.5,0.0,,0.0,,,0.0,,0.0,1.0,0.0,,0.0,,,0.0,,,0.0,,,0.0,,,0.0,,,0.0,,,0.0,,,0.0,,,0.0,,,0.0,,,0.0,,,0.0,,0,0,,0.0,1,0,0.0,0.5,1,0,0.0,0.5,0,0,,0.0,0,0,0,0,,0.0,,0,0,0,0,,0.0,,0,0,0,0,,0.0,,0,0,0,0,,0.0,,0,0,0,0,,0.0,,5
8,Liga ACB,51,2025-2026,84388,Dandre Washington,1331,Casademont Zaragoza,1,11,4,7,6,1,5,1,0,15,1,0,15.942026569557777,3,3,0,1,1,0,3,8,1,7,5,0,5,10,10,3,7,6,1,5,13,1,1,0,0,0,0,0,0,0,0,0,5,4,1,8,2,1,1,2,1,1,0,3,2,0,2,0,0,0,0,0,1,0,1,0,0,0,0,0,4,2,2,5,0,0,0,0,1,0,1,0,0,0,0,0,6,4,2,8,1,0,1,0,2,0,2,0,0,0,0,0,1,1,0,2,0,0,0,0,1,1,0,2,3,2,1,4,0,0,0,0,0,0,0,0,2,1,1,3,0,0,0,0,0,0,0,0,1,1,0,2,0,0,0,0,2,2,0,0,2,2,2,2,0,0,0.5454545454545454,0.7142857142857143,0.25,1.0,0.5909090909090909,0.0,1.2626262626262625,0.36363636363636365,0.3333333333333333,,0.3333333333333333,0.5,1.0,0.2727272727272727,0.625,0.7142857142857143,0.0,0.625,1.3513513513513513,0.7272727272727273,0.6,0.7142857142857143,0.3333333333333333,0.65,1.3786764705882353,0.9090909090909091,0.0,,0.0,0.0,0.0,0.09090909090909091,0.5,0.36363636363636365,1.25,,0.0,,0.0,0.09090909090909091,0.0,,0.0,,0.6666666666666666,0.5454545454545454,1.3333333333333333,0.0,0.09090909090909091,0.0,0.0,0.18181818181818182,0.0,,0.0,,1.0,0.09090909090909091,2.0,,0.0,,1.0,0.09090909090909091,2.0,0.6666666666666666,0.2727272727272727,1.3333333333333333,,0.0,,,0.0,,0.5,0.18181818181818182,1.5,,0.0,,,0.0,,1.0,0.09090909090909091,2.0,,0.0,,0,0,,0.0,5,4,0.8,0.45454545454545453,2,1,0.5,0.18181818181818182,3,1,0.3333333333333333,0.2727272727272727,0,0,0,0,,0.0,,1,1,0,3,1.0,0.09090909090909091,3.0,1,0,1,0,0.0,0.09090909090909091,0.0,0,0,0,0,,0.0,,1,0,1,0,0.0,0.09090909090909091,0.0,47
8,Liga ACB,51,2025-2026,84393,Diego Niebla,1336,Club Joventut Badalona,5,10,3,7,1,0,1,3,1,5,1,1,11.39973038425946,6,3,3,1,0,1,2,4,0,4,0,0,0,0,8,3,5,1,0,1,2,2,0,2,0,0,0,0,3,1,2,2,2,0,2,0,2,0,2,0,0,0,0,0,3,0,3,0,0,0,0,0,0,0,0,0,0,0,0,0,6,1,5,2,1,0,1,0,0,0,0,0,2,0,2,0,1,0,1,0,2,0,2,0,3,0,3,0,0,0,0,0,0,0,0,0,0,0,0,0,0,0,0,0,4,1,3,2,0,0,0,0,0,0,0,0,1,0,1,0,0,0,0,0,0,0,0,0,0,0,0,0,0,0,0,0,5,3,3,2,2,1,5,3,0,0,0.1,0.14285714285714285,0.0,0.6,0.1,0.3333333333333333,0.4098360655737705,0.3,0.16666666666666666,0.3333333333333333,0.0,0.16666666666666666,0.5464480874316939,0.6,0.0,0.0,,0.0,0.20491803278688525,0.4,0.125,0.2,0.0,0.125,0.4901960784313726,0.8,0.0,0.0,,0.0,0.0,0.2,0.16666666666666666,0.6,0.3333333333333333,0.0,0.1,0.0,,0.0,,0.0,0.2,0.0,0.0,0.1,0.0,0.0,0.2,0.0,0.0,0.3,0.0,,0.0,,,0.0,,,0.0,,,0.0,,0.25,0.4,0.5,,0.0,,,0.0,,0.0,0.1,0.0,,0.0,,,0.0,,,0.0,,,0.0,,3,1,0.3333333333333333,0.3,2,0,0.0,0.2,2,0,0.0,0.2,3,0,0.0,0.3,0,0,0,0,,0.0,,0,0,0,0,,0.0,,0,0,0,0,,0.0,,2,0,2,0,0.0,0.2,0.0,1,0,1,0,0.0,0.1,0.0,58
8,Liga ACB,51,2025-2026,84394,Pepe Vildoza,1315,Basquet Girona,1,1,1,0,0,0,0,0,0,0,0,0,25.912350137618528,0,0,0,0,0,0,0,1,1,0,0,0,0,0,1,1,0,0,0,0,0,0,0,0,0,0,0,0,0,0,0,0,0,0,0,0,0,0,0,0,0,0,0,0,1,0,1,0,0,0,0,0,0,0,0,0,0,0,0,0,1,0,1,0,0,0,0,0,0,0,0,0,0,0,0,0,0,0,0,0,0,0,0,0,1,0,1,0,0,0,0,0,0,0,0,0,0,0,0,0,0,0,0,0,0,0,0,0,0,0,0,0,0,0,0,0,0,0,0,0,0,0,0,0,0,0,0,0,0,0,0,0,0,0,0,0,0,0,0,0,0,0,0,0,0,0,0.0,,0.0,,0.0,,0.0,1.0,,,,,,0.0,0.0,,0.0,0.0,0.0,1.0,0.0,,0.0,0.0,0.0,1.0,,,,,,0.0,0.0,1.0,0.0,,0.0,,,0.0,,,0.0,,,0.0,,,0.0,,0.0,1.0,0.0,,0.0,,,0.0,,,0.0,,,0.0,,,0.0,,,0.0,,,0.0,,,0.0,,,0.0,,,0.0,,,0.0,,,0.0,,0,0,,0.0,0,0,,0.0,0,0,,0.0,1,0,0.0,1.0,0,0,0,0,,0.0,,0,0,0,0,,0.0,,1,0,1,0,0.0,1.0,0.0,0,0,0,0,,0.0,,0,0,0,0,,0.0,,19
8,Liga ACB,51,2025-2026,84865,Pablo Sevilla,1334,CB UCAM Murcia,2,1,0,1,0,0,0,0,0,0,0,0,4.287137208233495,0,0,0,0,0,0,0,1,0,1,0,0,0,0,1,0,1,0,0,0,0,0,0,0,0,0,0,0,0,0,0,0,1,0,1,0,0,0,0,0,0,0,0,0,0,0,0,0,0,0,0,0,0,0,0,0,0,0,0,0,0,0,0,0,0,0,0,0,0,0,0,0,0,0,0,0,1,0,1,0,0,0,0,0,0,0,0,0,0,0,0,0,0,0,0,0,0,0,0,0,0,0,0,0,1,0,1,0,0,0,0,0,0,0,0,0,0,0,0,0,0,0,0,0,0,0,0,0,0,0,0,0,0,0,0,0,0,0,0,0,0,0,0,0,0,0,0.0,0.0,,,0.0,,0.0,0.0,,,,,,0.0,0.0,0.0,,0.0,0.0,1.0,0.0,0.0,,0.0,0.0,1.0,,,,,,0.0,,0.0,,,0.0,,,0.0,,,0.0,,0.0,1.0,0.0,,0.0,,,0.0,,,0.0,,,0.0,,,0.0,,,0.0,,0.0,1.0,0.0,,0.0,,,0.0,,,0.0,,,0.0,,,0.0,,,0.0,,,0.0,,0,0,,0.0,1,0,0.0,1.0,0,0,,0.0,0,0,,0.0,0,0,0,0,,0.0,,0,0,0,0,,0.0,,0,0,0,0,,0.0,,0,0,0,0,,0.0,,0,0,0,0,,0.0,,17
8,Liga ACB,51,2025-2026,92796,Joaquin Taboada,1316,San Pablo Burgos,5,19,9,10,7,3,4,1,1,18,4,2,14.085364507773734,13,8,5,6,3,3,15,5,0,5,1,0,1,2,14,5,9,5,2,3,12,5,4,1,2,1,1,5,4,3,1,6,5,1,4,2,1,0,1,0,5,1,4,3,4,2,2,6,0,0,0,0,0,0,0,0,0,0,0,0,5,2,3,5,2,0,2,0,2,1,1,2,3,1,2,3,7,3,4,7,8,3,5,9,2,0,2,0,3,2,1,4,1,0,1,0,0,0,0,0,1,0,1,0,4,2,2,4,0,0,0,0,0,0,0,0,0,0,0,0,0,0,0,0,0,0,0,0,0,0,0,0,0,0,0,0,1,1,1,1,0,0,1,1,0,0,0.3684210526315789,0.4,0.3333333333333333,1.0,0.4473684210526316,1.0,0.9259259259259258,0.47368421052631576,0.46153846153846156,0.6,0.375,0.5769230769230769,1.1904761904761905,0.7222222222222222,0.2,0.2,,0.2,0.4,0.2777777777777778,0.35714285714285715,0.3333333333333333,0.4,0.42857142857142855,0.9002770083102494,0.7368421052631579,0.4,1.0,0.25,0.5,1.0,0.2631578947368421,0.4,0.2631578947368421,1.0,0.0,0.10526315789473684,0.0,0.5,0.10526315789473684,1.0,0.3333333333333333,0.15789473684210525,1.0,0.42857142857142855,0.3684210526315789,1.0,0.375,0.42105263157894735,1.125,0.0,0.10526315789473684,0.0,0.6666666666666666,0.15789473684210525,1.3333333333333333,0.0,0.05263157894736842,0.0,,0.0,,0.0,0.05263157894736842,0.0,0.5,0.21052631578947367,1.0,,0.0,,,0.0,,,0.0,,,0.0,,,0.0,,,0.0,,,0.0,,4,3,0.75,0.21052631578947367,5,1,0.2,0.2631578947368421,1,0,0.0,0.05263157894736842,9,3,0.3333333333333333,0.47368421052631576,1,0,1,0,0.0,0.05263157894736842,0.0,4,1,3,3,0.25,0.21052631578947367,0.75,1,0,1,0,0.0,0.05263157894736842,0.0,2,1,1,3,0.5,0.10526315789473684,1.5,1,1,0,3,1.0,0.05263157894736842,3.0,120
8,Liga ACB,51,2025-2026,92815,Alejandro REYES,1330,BAXI Manresa,13,131,101,30,59,41,18,11,1,193,43,0,20.796198999259364,87,73,14,39,31,8,109,42,27,15,19,10,9,48,83,64,19,32,22,10,86,44,34,10,26,18,8,70,10,8,2,16,9,5,4,10,10,5,5,10,25,6,19,18,71,34,37,102,1,0,1,0,1,0,1,0,4,1,3,3,44,16,28,46,0,0,0,0,13,6,7,16,31,20,11,54,39,16,23,40,32,14,18,42,27,11,16,31,4,4,0,8,4,2,2,4,0,0,0,0,1,1,0,2,12,7,5,14,0,0,0,0,0,0,0,0,42,17,25,50,1,1,0,2,2,0,2,0,2,1,1,3,0,0,0,0,43,34,5,3,17,13,22,16,0,0,0.45038167938931295,0.6,0.40594059405940597,0.7906976744186046,0.6068702290076335,0.09090909090909091,1.2873532550693705,0.7709923664122137,0.4482758620689655,0.5714285714285714,0.4246575342465753,0.6264367816091954,1.2556053811659191,0.6744186046511628,0.4523809523809524,0.6,0.37037037037037035,0.5714285714285714,1.232821341956346,0.32558139534883723,0.3855421686746988,0.5263157894736842,0.34375,0.5180722891566265,1.1005610703495898,0.6535433070866141,0.5909090909090909,0.8,0.5294117647058824,0.7954545454545454,1.5909090909090908,0.3464566929133858,0.36363636363636365,0.33587786259541985,1.0454545454545454,,0.0,,0.46153846153846156,0.09923664122137404,1.2307692307692308,0.6451612903225806,0.2366412213740458,1.7419354838709677,0.41025641025641024,0.29770992366412213,1.0256410256410255,0.4375,0.24427480916030533,1.3125,0.4074074074074074,0.20610687022900764,1.1481481481481481,1.0,0.030534351145038167,2.0,0.5,0.030534351145038167,1.0,,0.0,,1.0,0.007633587786259542,2.0,0.5833333333333334,0.0916030534351145,1.1666666666666667,,0.0,,,0.0,,0.40476190476190477,0.32061068702290074,1.1904761904761905,1.0,0.007633587786259542,2.0,0.0,0.015267175572519083,0.0,0.5,0.015267175572519083,1.5,,0.0,,10,8,0.8,0.07633587786259542,9,5,0.5555555555555556,0.06870229007633588,10,5,0.5,0.07633587786259542,96,40,0.4166666666666667,0.732824427480916,13,6,7,18,0.46153846153846156,0.09923664122137404,1.3846153846153846,12,0,12,0,0.0,0.0916030534351145,0.0,11,5,6,15,0.45454545454545453,0.08396946564885496,1.3636363636363635,29,18,11,54,0.6206896551724138,0.22137404580152673,1.8620689655172413,31,11,20,33,0.3548387096774194,0.2366412213740458,1.064516129032258,675
8,Liga ACB,51,2025-2026,93153,Khory Rosembert,1315,Basquet Girona,7,7,5,2,2,1,1,0,0,8,1,0,16.428413827011394,7,5,2,2,1,1,5,0,0,0,0,0,0,0,4,3,1,1,1,0,3,3,2,1,1,0,1,2,2,1,1,2,0,0,0,0,0,0,0,0,3,1,2,3,2,0,2,0,0,0,0,0,0,0,0,0,0,0,0,0,2,1,1,3,0,0,0,0,0,0,0,0,3,1,2,2,2,0,2,0,5,1,4,3,0,0,0,0,0,0,0,0,0,0,0,0,0,0,0,0,0,0,0,0,2,1,1,2,0,0,0,0,0,0,0,0,0,0,0,0,0,0,0,0,0,0,0,0,0,0,0,0,0,0,0,0,4,3,0,0,0,0,0,0,0,0,0.2857142857142857,0.5,0.2,0.75,0.35714285714285715,,0.9132420091324202,0.7142857142857143,0.2857142857142857,0.5,0.2,0.35714285714285715,0.7142857142857143,1.0,,,,,,0.0,0.25,0.0,0.3333333333333333,0.375,0.75,0.5714285714285714,0.3333333333333333,1.0,0.0,0.3333333333333333,0.6666666666666666,0.42857142857142855,0.5,0.2857142857142857,1.5,,0.0,,,0.0,,0.3333333333333333,0.42857142857142855,0.6666666666666666,0.0,0.2857142857142857,0.0,0.2,0.7142857142857143,0.6,,0.0,,,0.0,,,0.0,,,0.0,,,0.0,,0.5,0.2857142857142857,1.0,,0.0,,,0.0,,,0.0,,,0.0,,,0.0,,,0.0,,,0.0,,2,1,0.5,0.2857142857142857,0,0,,0.0,0,0,,0.0,5,1,0.2,0.7142857142857143,1,0,1,0,0.0,0.14285714285714285,0.0,2,1,1,3,0.5,0.2857142857142857,1.5,0,0,0,0,,0.0,,2,0,2,0,0.0,0.2857142857142857,0.0,0,0,0,0,,0.0,,91
8,Liga ACB,51,2025-2026,94468,Mate KHATIASHVILI,1326,Bitci Baskonia,1,0,0,0,0,0,0,0,0,2,0,0,,0,0,0,0,0,0,0,0,0,0,0,0,0,0,0,0,0,0,0,0,0,0,0,0,0,0,0,0,0,0,0,0,0,0,0,0,0,0,0,0,0,0,0,0,0,0,0,0,0,0,0,0,0,0,0,0,0,0,0,0,0,0,0,0,0,0,0,0,0,0,0,0,0,0,0,0,0,0,0,0,0,0,0,0,0,0,0,0,0,0,0,0,0,0,0,0,0,0,0,0,0,0,0,0,0,0,0,0,0,0,0,0,0,0,0,0,0,0,0,0,0,0,0,0,0,0,0,0,0,0,0,0,0,0,0,0,2,2,0,0,0,0,0,0,0,0,,,,1.0,,,2.272727272727273,,,,,,,,,,,,,,,,,,,,,,,,,,,,,,,,,,,,,,,,,,,,,,,,,,,,,,,,,,,,,,,,,,,,,,,,,,,,,,,,,,,0,0,,,0,0,,,0,0,,,0,0,,,0,0,0,0,,,,0,0,0,0,,,,0,0,0,0,,,,0,0,0,0,,,,0,0,0,0,,,,5
8,Liga ACB,51,2025-2026,94471,Mervedi Kasekelayi Miteo,1328,Dreamland Gran Canaria,2,3,0,3,2,0,2,1,0,8,0,0,3.240835318992387,2,0,2,1,0,1,2,1,0,1,1,0,1,2,2,0,2,1,0,1,2,1,0,1,1,0,1,2,3,2,1,4,0,0,0,0,0,0,0,0,0,0,0,0,0,0,0,0,0,0,0,0,0,0,0,0,0,0,0,0,0,0,0,0,0,0,0,0,1,1,0,2,0,0,0,0,2,1,1,2,0,0,0,0,0,0,0,0,0,0,0,0,0,0,0,0,0,0,0,0,0,0,0,0,2,2,0,4,0,0,0,0,1,0,1,0,0,0,0,0,0,0,0,0,0,0,0,0,0,0,0,0,0,0,0,0,4,4,2,2,0,0,2,2,0,0,0.6666666666666666,0.6666666666666666,,1.0,0.6666666666666666,0.0,1.680672268907563,0.0,0.5,0.5,,0.5,1.3888888888888888,0.6666666666666666,1.0,1.0,,1.0,2.0,0.3333333333333333,0.5,0.5,,0.5,1.3888888888888888,0.6666666666666666,1.0,1.0,,1.0,2.0,0.3333333333333333,,0.0,,,0.0,,1.0,0.3333333333333333,2.0,,0.0,,0.5,0.6666666666666666,1.0,,0.0,,,0.0,,,0.0,,,0.0,,,0.0,,,0.0,,1.0,0.6666666666666666,2.0,,0.0,,0.0,0.3333333333333333,0.0,,0.0,,,0.0,,,0.0,,,0.0,,,0.0,,3,2,0.6666666666666666,1.0,0,0,,0.0,0,0,,0.0,0,0,,0.0,0,0,0,0,,0.0,,0,0,0,0,,0.0,,0,0,0,0,,0.0,,0,0,0,0,,0.0,,0,0,0,0,,0.0,,17
8,Liga ACB,51,2025-2026,94602,Khalifa KOUMADJE,1331,Casademont Zaragoza,7,7,0,7,3,0,3,2,0,7,0,0,4.88851781429093,1,0,1,1,0,1,2,3,0,3,1,0,1,2,5,0,5,2,0,2,4,1,0,1,1,0,1,2,2,2,0,4,4,1,3,2,0,0,0,0,0,0,0,0,0,0,0,0,0,0,0,0,0,0,0,0,1,0,1,0,1,1,0,2,0,0,0,0,0,0,0,0,1,1,0,2,4,1,3,2,0,0,0,0,0,0,0,0,0,0,0,0,0,0,0,0,0,0,0,0,3,1,2,2,0,0,0,0,0,0,0,0,0,0,0,0,0,0,0,0,0,0,0,0,0,0,0,0,0,0,0,0,3,2,1,4,4,1,2,0,2,1,4,1,0,0,0.42857142857142855,0.42857142857142855,,0.25,0.42857142857142855,0.0,0.7990867579908676,0.0,1.0,1.0,,1.0,1.0638297872340425,0.25,0.3333333333333333,0.3333333333333333,,0.3333333333333333,0.7731958762886598,0.75,0.4,0.4,,0.4,0.7396449704142012,0.8333333333333334,1.0,1.0,,1.0,2.0,0.16666666666666666,1.0,0.14285714285714285,2.0,,0.0,,,0.0,,1.0,0.14285714285714285,2.0,0.25,0.5714285714285714,0.5,,0.0,,,0.0,,,0.0,,,0.0,,,0.0,,0.3333333333333333,0.42857142857142855,0.6666666666666666,,0.0,,,0.0,,,0.0,,,0.0,,,0.0,,,0.0,,,0.0,,0.6666666666666666,0.42857142857142855,1.3333333333333333,2,2,1.0,0.2857142857142857,4,1,0.25,0.5714285714285714,0,0,,0.0,0,0,,0.0,0,0,0,0,,0.0,,0,0,0,0,,0.0,,0,0,0,0,,0.0,,0,0,0,0,,0.0,,0,0,0,0,,0.0,,86
8,Liga ACB,51,2025-2026,94898,Adria Rodriguez,1323,ICG Forca Lleida,8,29,7,22,12,2,10,2,0,30,3,1,9.305808376234936,8,4,4,3,1,2,7,21,3,18,9,1,8,19,15,3,12,5,0,5,10,14,4,10,7,2,5,16,13,8,5,16,7,2,5,4,2,0,2,0,2,0,2,0,5,2,3,6,0,0,0,0,0,0,0,0,0,0,0,0,7,2,5,4,1,0,1,0,2,0,2,0,12,7,5,16,7,3,4,6,4,1,3,3,6,1,5,3,1,1,0,2,0,0,0,0,0,0,0,0,1,0,1,0,17,9,8,18,0,0,0,0,0,0,0,0,0,0,0,0,0,0,0,0,0,0,0,0,0,0,0,0,0,0,0,0,10,4,0,0,4,1,4,1,0,0,0.41379310344827586,0.45454545454545453,0.2857142857142857,0.4,0.4482758620689655,0.0,0.8982035928143713,0.2413793103448276,0.375,0.5,0.25,0.4375,0.875,0.27586206896551724,0.42857142857142855,0.4444444444444444,0.3333333333333333,0.4523809523809524,0.8787346221441125,0.7241379310344828,0.3333333333333333,0.4166666666666667,0.0,0.3333333333333333,0.6563245823389021,0.5172413793103449,0.5,0.5,0.5,0.5714285714285714,1.1428571428571428,0.4827586206896552,0.2857142857142857,0.2413793103448276,0.5714285714285714,0.0,0.034482758620689655,0.0,0.0,0.06896551724137931,0.0,0.5833333333333334,0.41379310344827586,1.3333333333333333,0.42857142857142855,0.2413793103448276,0.8571428571428571,0.25,0.13793103448275862,0.75,0.16666666666666666,0.20689655172413793,0.5,1.0,0.034482758620689655,2.0,,0.0,,,0.0,,0.0,0.034482758620689655,0.0,0.5294117647058824,0.5862068965517241,1.0588235294117647,,0.0,,,0.0,,,0.0,,,0.0,,,0.0,,,0.0,,,0.0,,13,8,0.6153846153846154,0.4482758620689655,7,2,0.2857142857142857,0.2413793103448276,2,0,0.0,0.06896551724137931,7,2,0.2857142857142857,0.2413793103448276,2,0,2,0,0.0,0.06896551724137931,0.0,0,0,0,0,,0.0,,1,0,1,0,0.0,0.034482758620689655,0.0,3,1,2,3,0.3333333333333333,0.10344827586206896,1.0,1,1,0,3,1.0,0.034482758620689655,3.0,194
8,Liga ACB,51,2025-2026,94900,Humberto Ruiz,1336,Club Joventut Badalona,1,2,1,1,0,0,0,0,0,0,0,0,13.220475426923354,2,1,1,0,0,0,0,0,0,0,0,0,0,0,1,1,0,0,0,0,0,1,0,1,0,0,0,0,1,0,1,0,0,0,0,0,0,0,0,0,1,0,1,0,0,0,0,0,0,0,0,0,0,0,0,0,0,0,0,0,1,0,1,0,0,0,0,0,0,0,0,0,1,0,1,0,0,0,0,0,1,0,1,0,0,0,0,0,0,0,0,0,0,0,0,0,0,0,0,0,0,0,0,0,1,0,1,0,0,0,0,0,0,0,0,0,0,0,0,0,0,0,0,0,0,0,0,0,0,0,0,0,0,0,0,0,0,0,0,0,0,0,0,0,0,0,0.0,0.0,0.0,,0.0,,0.0,0.5,0.0,0.0,0.0,0.0,0.0,1.0,,,,,,0.0,0.0,,0.0,0.0,0.0,0.5,0.0,0.0,,0.0,0.0,0.5,0.0,0.5,0.0,,0.0,,,0.0,,0.0,0.5,0.0,,0.0,,0.0,0.5,0.0,,0.0,,,0.0,,,0.0,,,0.0,,,0.0,,0.0,0.5,0.0,,0.0,,,0.0,,,0.0,,,0.0,,,0.0,,,0.0,,,0.0,,1,0,0.0,0.5,0,0,,0.0,0,0,,0.0,1,0,0.0,0.5,1,0,1,0,0.0,0.5,0.0,0,0,0,0,,0.0,,0,0,0,0,,0.0,,0,0,0,0,,0.0,,0,0,0,0,,0.0,,17
8,Liga ACB,51,2025-2026,95029,Marcos Bella Cabanas,1316,San Pablo Burgos,2,3,1,2,1,0,1,0,0,2,1,1,11.836797367277235,1,0,1,0,0,0,0,2,1,1,1,0,1,2,2,1,1,0,0,0,0,1,0,1,1,0,1,2,1,1,0,2,1,0,1,0,0,0,0,0,0,0,0,0,1,0,1,0,0,0,0,0,0,0,0,0,0,0,0,0,0,0,0,0,1,0,1,0,0,0,0,0,1,1,0,2,1,0,1,0,0,0,0,0,1,0,1,0,0,0,0,0,0,0,0,0,0,0,0,0,0,0,0,0,2,1,1,2,0,0,0,0,0,0,0,0,0,0,0,0,0,0,0,0,0,0,0,0,0,0,0,0,0,0,0,0,0,0,0,0,0,0,0,0,0,0,0.3333333333333333,0.5,0.0,,0.3333333333333333,,0.6666666666666666,0.3333333333333333,0.0,0.0,,0.0,0.0,0.3333333333333333,0.5,1.0,0.0,0.5,1.0,0.6666666666666666,0.0,0.0,0.0,0.0,0.0,0.6666666666666666,1.0,1.0,,1.0,2.0,0.3333333333333333,,0.0,,0.0,0.3333333333333333,0.0,,0.0,,1.0,0.3333333333333333,2.0,0.0,0.3333333333333333,0.0,,0.0,,0.0,0.3333333333333333,0.0,,0.0,,,0.0,,,0.0,,,0.0,,0.5,0.6666666666666666,1.0,,0.0,,,0.0,,,0.0,,,0.0,,,0.0,,,0.0,,,0.0,,1,1,1.0,0.3333333333333333,1,0,0.0,0.3333333333333333,0,0,,0.0,1,0,0.0,0.3333333333333333,0,0,0,0,,0.0,,0,0,0,0,,0.0,,0,0,0,0,,0.0,,1,0,1,0,0.0,0.3333333333333333,0.0,0,0,0,0,,0.0,,8
8,Liga ACB,51,2025-2026,96118,Alvaro Fernandez,1319,Coviran Granada,3,3,1,2,2,0,2,1,0,7,0,1,8.238110430904891,0,0,0,0,0,0,0,3,1,2,2,0,2,4,3,1,2,2,0,2,4,0,0,0,0,0,0,0,2,2,0,4,0,0,0,0,0,0,0,0,0,0,0,0,1,0,1,0,0,0,0,0,0,0,0,0,0,0,0,0,1,1,0,2,1,0,1,0,0,0,0,0,0,0,0,0,1,1,0,2,0,0,0,0,1,0,1,0,0,0,0,0,0,0,0,0,0,0,0,0,0,0,0,0,2,2,0,4,0,0,0,0,0,0,0,0,0,0,0,0,0,0,0,0,0,0,0,0,0,0,0,0,0,0,0,0,3,3,0,0,3,3,0,0,0,0,0.6666666666666666,1.0,0.0,1.0,0.6666666666666666,0.0,1.6203703703703702,0.3333333333333333,,,,,,0.0,0.6666666666666666,1.0,0.0,0.6666666666666666,1.6203703703703702,1.0,0.6666666666666666,1.0,0.0,0.6666666666666666,1.3333333333333333,1.0,,,,,,0.0,1.0,0.3333333333333333,2.0,0.0,0.3333333333333333,0.0,,0.0,,,0.0,,1.0,0.3333333333333333,2.0,,0.0,,0.0,0.3333333333333333,0.0,,0.0,,,0.0,,,0.0,,,0.0,,1.0,0.6666666666666666,2.0,,0.0,,,0.0,,,0.0,,,0.0,,,0.0,,,0.0,,,0.0,,2,2,1.0,0.6666666666666666,0,0,,0.0,0,0,,0.0,1,0,0.0,0.3333333333333333,0,0,0,0,,0.0,,0,0,0,0,,0.0,,1,0,1,0,0.0,0.3333333333333333,0.0,0,0,0,0,,0.0,,0,0,0,0,,0.0,,10
